food_no,food_name,calorie,carb,protein,fat,fiber,serving_size,sugar
1,피자마루_피자_점보스테이크불갈비 피자 (L),240,24.49,12.47,10.21,2.37,1640,5.75
2,빅스타피자_피자_치폴레쉬림프 피자,267,27.24,12.82,11.36,2.64,930,0.64
3,빅스타피자_피자_치폴레쉬림프디트로이트,267,21.79,12.82,15.38,2.64,930,0.64
4,7번가피자_피자_칠리불갈비 피자 골드스윗 (L),279,28.47,14.41,11.87,2.76,886,4.5
5,7번가피자_피자_칠리불갈비 피자 골드스윗 (R),279,28.47,14.37,11.87,2.76,695,4.02
6,7번가피자_피자_칠리불갈비 피자 리코타링 (L),280,28.57,15.0,11.91,2.77,796,4.0
7,7번가피자_피자_칠리불갈비 피자 리코타링 (R),281,28.67,15.19,11.95,2.78,630,3.8
8,7번가피자_피자_칠리불갈비 피자 석쇠 (L),276,28.16,14.94,11.74,2.73,696,2.87
9,7번가피자_피자_칠리불갈비 피자 석쇠 (R),276,28.16,15.22,11.74,2.73,550,2.9
10,7번가피자_피자_칠리불갈비 피자 씬도우 (L),303,30.92,16.35,12.89,2.99,634,5.66
11,7번가피자_피자_칠리불갈비 피자 씬도우 (R),307,31.33,14.02,13.06,3.03,427,6.54
12,7번가피자_피자_칠리불갈비 피자 씬바샤삭 (L),303,30.92,16.35,12.89,2.99,634,5.66
13,7번가피자_피자_칠리불갈비 피자 씬바샤삭 (R),307,31.33,14.02,13.06,3.03,427,6.54
14,7번가피자_피자_칠리불갈비 피자 치즈링 (L),271,27.65,15.69,11.53,2.68,816,2.94
15,7번가피자_피자_칠리불갈비 피자 치즈링 (R),271,27.65,15.95,11.53,2.68,650,2.45
16,7번가피자_피자_칠리새우 피자 골드스윗 (L),275,28.06,13.24,11.7,2.72,1086,5.15
17,7번가피자_피자_칠리새우 피자 골드스윗 (R),274,27.96,12.77,11.66,2.71,751,5.32
18,7번가피자_피자_칠리새우 피자 리코타링 (L),275,28.06,13.6,11.7,2.72,996,4.8
19,7번가피자_피자_칠리새우 피자 리코타링 (R),276,28.16,13.37,11.74,2.73,686,5.23
20,피자마루_피자_점보불고기피자,221,22.55,16.29,9.4,2.18,1560,6.1
21,7번가피자_피자_치킨할라피뇨 피자 골드스윗 (G),279,28.47,12.5,11.87,2.76,1355,8.82
22,7번가피자_피자_치킨할라피뇨 피자 골드스윗 (L),276,28.16,15.18,11.74,2.73,898,8.93
23,7번가피자_피자_치킨할라피뇨 피자 골드스윗 (R),272,27.76,14.57,11.57,2.69,604,8.61
24,7번가피자_피자_치킨할라피뇨 피자 리코타링 (G),283,28.88,12.5,12.04,2.8,1200,8.33
25,7번가피자_피자_치킨할라피뇨 피자 리코타링 (L),276,28.16,15.84,11.74,2.73,808,8.91
26,7번가피자_피자_치킨할라피뇨 피자 리코타링 (R),274,27.96,15.56,11.66,2.71,539,8.89
27,7번가피자_피자_치킨할라피뇨 피자 석쇠 (G),276,28.16,12.75,11.74,2.73,1020,8.82
28,7번가피자_피자_치킨할라피뇨 피자 석쇠 (L),269,27.45,15.82,11.44,2.66,708,9.04
29,7번가피자_피자_치킨할라피뇨 피자 석쇠 (R),267,27.24,15.65,11.36,2.64,459,8.7
30,7번가피자_피자_치킨할라피뇨 피자 씬도우 (L),317,32.35,17.36,13.48,3.13,483,5.79
31,7번가피자_피자_치킨할라피뇨 피자 씬도우 (R),309,31.53,16.55,13.14,3.05,370,6.47
32,7번가피자_피자_치킨할라피뇨 피자 씬바샤삭 (L),317,32.35,17.36,13.48,3.13,483,5.79
33,7번가피자_피자_치킨할라피뇨 피자 씬바샤삭 (R),309,31.53,16.55,13.14,3.05,370,6.47
34,7번가피자_피자_치킨할라피뇨 피자 치즈링 (G),270,27.55,14.52,11.48,2.67,1240,7.26
35,7번가피자_피자_치킨할라피뇨 피자 치즈링 (L),264,26.94,16.35,11.23,2.61,828,7.69
36,7번가피자_피자_치킨할라피뇨 피자 치즈링 (R),262,26.73,16.43,11.14,2.59,559,7.14
37,비스트로피자_피자_치폴레미트피자오리지널,252,25.71,14.0,10.72,2.49,600,3.0
38,피자에땅_피자_치폴레쉬림프 (L),235,23.98,10.35,10.0,2.32,932,2.59
39,달걀말이_햄_김,193,4.97,12.6,13.3,0.9,100,0.52
40,달걀부침(달걀후라이),178,3.05,10.97,12.76,0.0,100,0.19
41,달걀부침(달걀후라이)_햄,277,8.06,12.71,21.59,1.5,100,0.0
42,달걀조림,84,4.36,7.0,3.92,0.1,100,2.51
43,달걀찜,119,1.66,11.1,7.01,0.4,100,0.62
44,달걀찜_달걀만,108,1.03,9.01,7.5,0.0,100,0.81
45,피자스쿨_피자_치킨퀘사디아피자,232,23.67,12.1,9.87,2.29,802,1.87
46,킹스타피자_피자_치킨텐더 피자 (L),218,22.24,12.75,9.27,2.15,949,3.88
47,킹스타피자_피자_치킨텐더 피자 (M),217,22.14,13.08,9.23,2.14,691,4.04
48,달걀국,39,1.12,3.25,2.38,0.3,100,0.52
49,달걀말이,193,1.45,17.21,13.21,1.2,100,0.0
50,달걀말이_달걀만,210,4.83,13.3,15.31,0.0,100,0.4
51,달걀말이_부추,102,2.3,6.7,6.93,0.2,100,0.46
52,달걀말이_채소,183,4.62,11.15,13.31,0.6,100,1.29
53,단무지무침,33,4.78,0.82,1.27,2.8,100,1.79
54,단호박 샐러드,125,10.27,1.2,9.28,2.4,100,3.45
55,단호박조림,99,21.41,3.1,1.29,6.3,100,6.2
56,단호박찜,41,10.04,0.93,0.16,2.0,100,3.63
57,달걀 샐러드,96,5.16,5.0,6.09,0.6,100,0.62
58,달걀_삶은것,150,0.63,12.8,10.65,0.0,100,0.62
59,달걀_삶은것_노른자,358,1.17,15.66,32.31,0.0,100,0.23
60,달걀_삶은것_흰자,48,0.01,11.42,0.29,0.0,100,0.32
61,느타리버섯튀김,227,19.17,6.4,13.64,1.3,100,0.33
62,다슬기 된장국,22,2.48,2.1,0.67,1.2,100,0.44
63,다시마무침,48,6.8,2.57,1.18,6.1,90,0.0
64,다시마조림,60,6.96,3.1,3.35,3.4,100,0.96
65,다시마튀각,232,20.02,1.4,18.32,6.8,100,11.82
66,다식_송화,369,73.97,8.3,4.48,8.8,30,26.65
67,다쿠아즈,447,43.39,8.33,26.65,3.0,100,38.13
68,단무지,13,2.4,0.33,0.2,1.3,30,0.47
69,누룽지,87,19.17,1.5,0.06,1.0,100,0.24
70,누룽지_뜨거운물첨가,69,15.06,1.32,0.1,0.5,100,1.15
71,느타리버섯 구이,60,5.75,2.1,4.44,3.0,100,1.53
72,느타리버섯볶음,56,3.18,1.4,4.8,1.4,100,0.97
73,느타리버섯볶음_느타리버섯,21,2.36,1.25,1.42,1.3,100,0.5
74,느타리버섯볶음_느타리버섯_채소,37,4.15,1.62,2.41,1.9,100,1.34
75,노각무침,20,3.98,0.9,0.43,1.2,100,2.15
76,녹두빈대떡,176,21.43,9.4,5.68,7.5,100,0.31
77,녹두빈대떡_돼지고기,175,21.4,9.41,5.64,7.4,100,0.29
78,녹두빈대떡_채소,100,16.57,4.3,1.98,3.0,100,2.02
79,녹두빈대떡_해물,86,10.95,6.0,2.02,1.5,100,1.58
80,녹두빈대떡_해물_돼지고기,103,10.63,9.0,2.58,1.5,100,1.49
81,녹두전,92,8.41,5.0,4.27,3.3,100,0.19
82,냉면_비빔냉면,100,13.35,5.67,2.64,1.5,500,4.02
83,냉면_열무냉면,66,12.19,2.61,0.72,5.1,800,3.39
84,냉면_회냉면_홍어,148,22.21,5.81,4.02,2.6,500,2.84
85,냉이 된장국,15,1.72,1.3,0.42,0.8,100,0.42
86,냉이나물,111,15.7,5.02,3.07,6.0,60,10.45
87,냉이초나물,77,12.32,4.2,2.47,4.7,100,2.92
88,냉채_닭고기,90,5.0,13.08,1.95,2.0,240,4.8
89,냉채_해파리,61,8.93,4.13,0.93,1.4,150,7.6
90,넙치(광어)회덮밥_양념장,77,12.64,4.27,1.06,0.8,100,1.92
91,넙치구이,116,0.03,13.6,6.33,0.0,100,0.0
92,낙지전골,35,3.56,4.19,0.6,1.0,100,0.96
93,GS 리테일 심플리쿡_낙지전골_간편조리세트_낙곱새,88,12.88,5.47,1.64,1.6,923,3.19
94,낙지찜,74,3.81,5.47,4.31,1.2,100,0.89
95,낙지탕,31,1.73,4.9,0.53,0.6,600,0.32
96,낙지탕(맑은탕),16,0.8,3.0,0.16,0.3,100,0.26
97,난자완스,198,10.16,7.9,13.51,1.1,100,0.84
98,내장전골,58,2.89,5.41,2.88,1.1,100,0.72
99,내장탕,33,1.59,2.2,1.98,0.7,100,0.47
100,냉국_미역,37,7.51,0.19,0.67,0.4,350,4.49
101,냉국_미역_오이,6,0.85,0.37,0.15,0.7,350,0.69
102,냉면_물냉면,66,13.12,1.99,0.63,0.0,100,2.52
103,낙지 덮밥,92,16.1,3.8,1.23,1.2,100,2.35
104,낙지 비빔밥,88,14.72,4.3,1.31,1.0,100,1.25
105,낙지 삼겹살 볶음,151,3.73,9.1,10.55,0.6,100,1.88
106,낙지무침,59,4.5,9.6,0.37,1.3,100,1.53
107,낙지볶음,91,8.6,5.77,3.77,2.8,200,7.91
108,낙지볶음_떡,105,8.21,16.1,0.75,1.2,100,2.92
109,낙지볶음_채소,67,8.11,5.42,1.59,0.8,100,2.6
110,꽈리고추볶음_잔멸치,64,3.1,7.6,2.23,0.7,100,0.89
111,꽈리고추볶음_잔멸치_호두,72,4.34,6.5,3.21,0.7,100,1.12
112,꽈리고추조림_멸치,57,4.7,7.1,1.21,1.2,100,1.24
113,꽈리고추찜,36,6.55,1.3,0.68,1.3,100,0.89
114,꿀떡,228,49.48,3.74,1.73,0.8,100,0.29
115,꿩불고기,74,7.94,6.7,1.7,2.0,500,3.38
116,나박김치,10,1.15,0.46,0.38,0.8,100,0.34
117,GS 리테일 심플리쿡_나베_간편조리세트_통등심가스나베,170,15.71,5.41,9.52,0.8,1166,3.53
118,나폴리탄 스파게티,116,22.5,3.6,1.38,1.6,100,3.81
119,꽃게 매운탕,31,1.3,5.7,0.27,0.2,100,0.59
120,꽃게장_간장,62,6.04,7.02,1.1,1.1,250,4.21
121,꽃게장_양념,98,9.66,12.7,1.31,4.1,100,4.01
122,꽃게찜,52,5.1,5.9,1.33,1.8,100,0.91
123,꽃게콩나물찜,52,5.1,5.86,1.34,1.8,100,0.91
124,꽃게탕,31,2.12,4.9,0.28,0.7,100,0.95
125,GS 리테일 심플리쿡_꽃게탕_간편조리세트_3마리꽃게탕,26,2.47,2.58,0.62,1.0,1226,1.14
126,꽈리고추 오징어조림,135,6.39,14.3,5.67,1.1,100,3.45
127,꽈리고추볶음,145,12.59,2.4,9.86,2.3,100,2.77
128,꽈리고추볶음_멸치,79,5.6,8.0,2.74,1.0,100,1.45
129,꼬치구치_낙지,94,3.53,16.43,1.59,0.7,80,0.0
130,꽁치구이,215,2.18,25.4,10.72,0.1,100,0.0
131,꽁치조림,244,5.14,15.52,17.87,3.6,100,4.05
132,꽁치조림_김치,61,3.57,6.0,2.63,1.0,100,0.98
133,꽁치조림_무,83,5.73,9.1,2.54,1.4,100,2.26
134,꽁치조림_배추김치,81,5.52,7.25,3.25,1.7,100,2.14
135,꽁치조림_채소,88,5.36,10.59,2.6,1.3,100,1.97
136,꽁치찌개,118,4.07,8.0,7.77,3.1,300,1.97
137,꽁치찌개_김치,60,2.86,6.2,2.6,1.5,100,1.07
138,꽁치튀김,105,2.41,5.3,7.84,0.1,100,0.0
139,깻잎튀김,191,17.33,5.4,10.76,1.9,100,0.1
140,껍질콩볶음_맛살,98,9.35,3.3,5.08,1.2,100,2.53
141,꼬리곰탕,113,6.99,6.9,6.15,0.5,100,0.85
142,꼬리곰탕_당면,67,2.96,3.9,4.11,0.2,100,0.21
143,꼬막무침,107,7.69,8.34,4.72,1.8,100,4.28
144,꼬막찜,96,6.97,12.03,2.28,2.9,200,1.03
145,꼬막찜_참꼬막,113,5.74,15.59,3.13,2.2,80,0.0
146,꼬치구이_닭고기,115,0.75,23.4,1.36,0.0,100,0.3
147,꼬치구이_닭고기_대파,245,10.35,17.85,14.7,3.7,170,1.66
148,꼬치구이_닭모래집_간장,160,5.58,27.8,2.29,0.1,100,2.92
149,꼬치구이_닭모래집_고추장,122,1.33,22.6,2.38,0.1,100,0.97
150,깻잎나물,78,5.04,2.68,5.18,2.4,50,2.04
151,깻잎나물_깻잎,33,4.36,2.12,1.33,2.5,100,0.04
152,깻잎나물볶음,103,5.75,3.75,7.2,5.2,200,0.3
153,깻잎장아찌,65,12.9,3.7,0.72,3.9,100,5.28
154,깻잎전,215,16.92,12.0,10.42,1.8,100,0.03
155,깻잎찜,48,8.1,3.04,1.02,3.0,100,1.54
156,깐풍기,156,6.93,16.1,6.23,0.4,100,0.23
157,깐풍새우,240,20.56,8.15,13.86,2.5,100,7.2
158,깨죽,64,9.91,1.71,1.99,1.2,800,0.45
159,뚜레쥬르_깨찰빵_깨찰빵,375,38.27,4.17,15.95,3.7,48,4.17
160,따삐오_깨찰빵_깨찰빵,302,30.82,4.0,12.85,2.98,50,4.0
161,롤링핀_깨찰빵_씨앗찰빵,366,37.35,6.0,15.57,3.61,100,16.0
162,파리바게뜨_깨찰빵_우리찹쌀모카찰떡빵,285,29.08,7.0,12.12,2.81,210,11.0
163,파리바게뜨_깨찰빵_쫀득고소한 추억의 찰깨빵,329,33.57,2.86,14.0,3.25,70,5.71
164,파리바게뜨_깨찰빵_쫀득쫀득한찰깨빵,373,63.64,3.64,12.73,3.68,55,7.27
165,파리바게뜨_깨찰빵_쫀득쫀득한찰깨빵 (2개입),373,63.64,3.64,12.73,3.68,110,7.27
166,파리바게뜨_깨찰빵_쫀득한모카찰깨빵,357,36.43,4.29,15.19,3.53,70,11.43
167,깻잎김치,62,8.92,2.82,1.72,3.6,50,4.04
168,김치찌개_햄,37,2.92,2.6,1.66,0.9,100,1.06
169,HY 잇츠온_김치찜_간편조리세트_돼지고기 김치찜,97,5.75,10.14,3.67,1.1,700,2.84
170,프레시지_김치찜_간편조리세트_돼지고기 묵은지찜,52,2.99,4.9,2.26,1.3,670,0.71
171,김치찜_돼지고기,88,4.62,6.54,4.7,2.1,100,1.96
172,김치찜_돼지고기_두부,44,2.86,3.8,1.91,1.7,100,1.13
173,김튀김,522,54.36,11.0,28.9,12.2,50,0.14
174,깍두기,33,4.24,1.56,1.06,2.1,50,2.54
175,깐쇼새우,150,14.7,7.9,6.28,0.8,100,5.31
176,김치찌개_돼지고기,61,4.5,4.75,2.63,1.7,100,1.06
177,김치찌개_돼지고기_두부,41,2.35,4.1,1.62,1.5,100,0.86
178,김치찌개_삼겹살,78,2.98,3.5,5.56,1.5,100,0.94
179,김치찌개_어묵,43,4.28,2.9,1.6,1.0,100,0.99
180,김치찌개_참치,36,2.28,4.61,0.98,1.3,100,0.85
181,김치전_오징어,162,20.48,5.5,5.81,2.7,100,2.08
182,김치전_해물,68,7.52,2.9,2.62,0.9,100,0.69
183,김치전골,40,4.91,3.0,1.02,1.3,100,0.8
184,김치찌개,19,2.33,1.2,0.53,1.4,100,0.94
185,김치찌개_김치만,46,2.95,1.55,3.09,1.7,100,1.3
186,김치찌개_꽁치,45,2.06,4.1,2.21,1.0,100,0.7
187,김치볶음_참치,122,7.12,8.33,6.68,3.0,100,1.83
188,김치볶음_햄,188,9.47,11.2,11.4,2.8,100,4.46
189,김치순두부,42,1.54,4.7,1.8,0.8,100,0.86
190,김치순두부_돼지고기,26,1.48,3.0,0.89,0.7,100,0.72
191,김치순두부_바지락,50,2.48,5.7,1.78,1.2,100,1.14
192,김치순두부_해물,35,1.65,4.0,1.36,0.8,100,0.72
193,김치전,134,19.01,5.05,4.2,2.4,150,4.21
194,김치만두,130,15.15,8.7,3.3,2.4,100,0.81
195,김치볶음,106,7.27,1.38,7.94,3.2,100,4.45
196,김치볶음_김치,54,5.51,1.39,3.0,2.9,100,2.94
197,김치볶음_김치_참치,66,4.95,5.93,2.4,2.4,100,2.57
198,김치볶음_김치만,132,7.17,2.63,10.35,3.4,100,2.99
199,김치볶음_돼지고기,58,4.6,2.4,3.34,2.7,100,2.23
200,김치국,14,1.73,0.9,0.41,1.0,100,0.7
201,김치국_김치,12,2.15,0.67,0.15,1.3,100,0.91
202,김치국_김치_두부,18,1.86,1.52,0.59,1.1,100,0.59
203,김치국_김치_콩나물,10,1.38,0.94,0.27,0.7,100,0.38
204,김치국_두부,18,1.7,1.6,0.51,1.1,100,0.49
205,김치국_콩나물,12,1.15,0.82,0.47,0.6,400,0.49
206,김치 고기만두,294,42.4,16.2,5.23,3.4,100,1.44
207,김치 돼지고기볶음,113,4.26,8.1,6.61,2.0,100,2.27
208,김치 된장국,15,1.97,1.1,0.38,1.1,100,0.71
209,김치 볶음밥_모듬,129,21.49,3.8,2.69,1.7,100,1.01
210,노모어피자_김치 볶음밥_치즈오븐김치볶음밥,160,16.5,8.29,6.36,1.42,322,1.0
211,피자알볼로_김치 볶음밥_치즈오븐김치볶음밥,196,32.42,7.87,4.21,1.74,356,1.69
212,김치 청국장찌개,29,3.04,2.6,0.72,1.4,100,0.68
213,김치 콩나물국,10,1.12,1.2,0.24,0.7,100,0.38
214,김밥_소고기,179,25.78,6.46,5.56,1.5,250,0.03
215,김밥_참치,170,22.73,6.44,5.89,0.8,100,1.46
216,김밥_참치_고추,119,16.42,4.4,3.76,1.3,100,0.5
217,김밥_참치_김치,125,15.45,5.4,4.45,1.2,100,0.77
218,김밥_채소,105,18.08,3.3,1.96,1.1,100,0.59
219,김밥_치즈,177,22.1,6.24,7.03,2.6,270,0.21
220,김밥_풋고추,169,27.52,4.88,4.41,3.3,290,0.09
221,김부각,158,20.73,5.7,7.3,4.5,100,0.31
222,김밥,140,19.98,4.84,4.55,1.4,230,0.0
223,김밥_계란,97,14.22,4.3,2.34,1.0,100,0.51
224,김밥_고추,94,16.5,3.2,1.63,1.3,100,0.65
225,김밥_김치,109,19.29,3.6,1.69,1.7,100,0.91
226,김밥_날치알,177,28.66,6.1,4.26,2.1,260,1.43
227,김밥_돈가스,148,19.4,4.4,5.63,1.4,100,1.03
228,김밥_멸치_고추,122,20.5,5.6,1.79,1.7,100,0.93
229,김밥_샐러드,162,24.58,3.85,5.41,1.3,250,1.37
230,김밥_샐러리,130,19.75,2.8,4.2,1.1,100,0.88
231,기피편,220,48.99,5.45,0.25,5.1,100,2.08
232,김구이_조미김,470,29.0,20.4,30.2,24.0,5,0.2
233,김국,13,2.34,0.9,0.25,0.5,100,0.27
234,김말이튀김,132,19.56,1.1,5.42,0.6,100,0.02
235,김무침,259,19.33,21.17,10.73,17.5,30,5.73
236,뚜레쥬르_기타빵_오리지널까눌레,222,36.36,4.44,9.31,2.19,45,24.44
237,뚜레쥬르_기타빵_옥수수범벅,332,54.37,6.52,13.92,3.28,92,11.96
238,파리바게뜨_기타빵_우리쌀 막걸리로 만든 초당옥수수빵,206,44.85,4.85,0.79,2.03,165,13.33
239,피자알볼로_기타빵_잔슨빌스틱,325,53.22,14.89,13.63,3.21,295,2.32
240,파리바게뜨_기타빵_제주쑥오메기빵,211,34.55,6.32,8.85,2.08,95,14.74
241,바나프레소_기타빵_진짜고구마빵,287,47.0,2.0,10.2,2.83,100,18.0
242,카페게이트_기타빵_쫀득 고구마빵,290,47.49,6.0,12.16,2.86,100,14.0
243,메가커피_기타빵_춘천 감자빵,245,40.12,5.0,10.27,2.42,120,2.5
244,롤링핀_기타빵_카라멜아몬드,450,45.8,10.7,24.9,4.44,220,12.1
245,뚜레쥬르_기타빵_코코넛로쉐(낱개),304,49.78,8.7,12.75,3.0,23,56.52
246,뚜레쥬르_기타빵_콩팥담뿍브레드,286,46.84,8.16,11.99,2.82,380,18.42
247,뚜레쥬르_기타빵_콩팥담뿍브레드(Half),287,47.0,7.9,12.04,2.83,190,18.42
248,카페게이트_기타빵_톡톡 초당옥수수빵,300,49.13,4.0,12.58,2.96,100,15.0
249,더벤티_기타빵_톡톡쫄깃 옥수수빵,299,48.97,5.0,12.54,2.95,100,15.0
250,피자알볼로_기타빵_통밀스틱,257,42.09,9.72,10.78,2.54,313,2.73
251,할리스_기타빵_통통 옥수수빵,274,44.87,2.86,11.49,2.71,70,11.43
252,피자알볼로_기타빵_흑미브래드스틱,310,50.77,10.77,13.0,3.06,234,3.39
253,블루샥_기타빵_까눌레,339,55.52,6.0,14.22,3.35,80,22.5
254,할리스_기타빵_달달 고구마빵,238,38.98,1.11,9.98,2.35,90,15.56
255,더벤티_기타빵_달콤촉촉 고구마빵,273,44.71,1.82,11.45,2.7,110,18.18
256,더벤티_기타빵_달콤촉촉고구마빵,273,44.71,1.82,11.45,2.7,110,18.18
257,뚜레쥬르_기타빵_달콩찹쌀브레드,336,55.02,7.14,14.09,3.32,210,16.67
258,롤링핀_기타빵_롤링넛츠,329,40.4,6.0,15.9,3.25,162,9.1
259,뚜레쥬르_기타빵_마늘단짝고구마,332,54.37,6.63,13.92,3.28,196,17.86
260,따삐오_기타빵_밤이랑고구마랑,315,51.59,7.0,13.21,3.11,270,7.0
261,따삐오_기타빵_별님고구마,258,42.25,6.0,10.82,2.55,121,6.0
262,피자알볼로_기타빵_슈크림치즈스틱,318,52.08,12.14,13.34,3.14,286,7.83
263,피자알볼로_기타빵_스트링치즈스틱,303,49.62,16.93,12.71,2.99,310,2.18
264,뚜레쥬르_기타빵_씨앗가득고소함이찰떡,358,58.63,8.0,15.01,3.54,250,14.8
265,뚜레쥬르_기타빵_씨앗깜파뉴(Half),291,47.66,12.06,12.2,2.87,199,4.52
266,뚜레쥬르_기타빵_씨앗깜파뉴(대),291,47.66,12.03,12.2,2.87,399,4.51
267,뚜레쥬르_기타빵_씨앗깜파뉴(소),291,47.66,12.06,12.2,2.87,199,4.52
268,뚜레쥬르_기타빵_얼그레이 까눌레,222,36.36,4.44,9.31,2.19,45,24.44
269,뚜레쥬르_기타빵_얼그레이까눌레,222,36.36,4.44,9.31,2.19,45,24.44
270,뚜레쥬르_기타빵_연유버터라우겐,239,39.14,4.02,10.02,2.36,199,5.03
271,뚜레쥬르_기타빵_오리지널 까눌레,222,36.36,4.44,9.31,2.19,45,24.44
272,근대 된장국,12,1.66,0.9,0.29,0.9,100,0.31
273,근대나물,50,4.49,2.5,2.87,2.7,100,0.09
274,기름장,640,0.92,0.2,69.06,0.3,100,0.01
275,기스면,61,8.98,3.78,1.07,0.7,1000,0.05
276,기장밥,129,27.57,2.5,0.39,0.8,100,0.17
277,기장밥_찹쌀,119,25.52,2.4,0.37,0.7,100,0.16
278,더리터_기타빵_고구마빵,272,51.11,2.22,11.41,2.69,90,7.78
279,피자알볼로_기타빵_고구마스틱,258,42.25,10.11,10.82,2.55,354,1.81
280,피자스쿨_그라탕_오지치즈그라탕,231,6.99,9.38,12.26,0.47,373,0.0
281,피자알볼로_그라탕_콘치즈그라탕 (L),387,11.71,14.19,20.53,0.78,322,5.56
282,피자알볼로_그라탕_콘치즈그라탕 (R),549,16.61,20.15,29.13,1.11,142,7.9
283,굴비구이,530,0.6,59.2,29.72,0.0,100,0.0
284,굴전,195,14.5,10.6,10.5,2.4,100,1.3
285,굴죽,107,16.76,2.4,2.99,0.5,100,0.19
286,굴찜,142,15.7,11.3,4.04,2.4,100,7.17
287,귀리밥,162,34.54,3.9,0.87,1.6,100,0.09
288,국수전골,88,14.56,3.4,1.83,1.2,100,1.09
289,군만두,219,25.22,8.5,9.25,5.3,100,0.44
290,굴 국밥,63,12.79,1.6,0.32,0.5,100,0.46
291,굴 두부찌개,21,1.48,2.2,0.66,0.5,100,0.44
292,굴 미역국,16,1.9,1.9,0.47,1.2,100,0.12
293,굴국_두부,18,0.98,2.0,0.65,0.3,100,0.14
294,굴국_무,25,2.93,2.41,0.36,0.7,500,0.14
295,굴무침,77,7.3,6.68,2.31,3.5,80,2.74
296,굴무침_무,29,3.71,2.2,0.62,0.9,100,1.39
297,굴무침_채소,41,4.46,3.3,1.23,0.9,100,1.64
298,굴밥,122,21.44,4.3,1.95,1.0,100,0.66
299,국밥_돼지고기,76,6.23,5.53,3.22,1.0,1200,0.0
300,국밥_돼지머리,137,15.94,6.7,5.16,0.7,900,0.16
301,국밥_소고기,47,6.09,3.11,1.16,1.1,700,0.4
302,국밥_순대국밥,75,10.38,3.17,2.28,1.3,900,0.17
303,국밥_콩나물,52,10.93,1.45,0.24,1.2,780,0.0
304,국수,77,12.43,3.8,1.05,0.5,100,0.51
305,국수_김치말이국수,50,8.67,2.15,0.8,0.8,600,1.38
306,국수_막국수,57,10.98,2.0,0.58,1.5,1000,0.94
307,국수_비빔국수,102,20.47,3.01,0.95,1.4,500,4.11
308,국수_열무김치,54,8.7,1.88,1.28,1.2,800,2.33
309,국수_잔치국수,44,8.05,1.93,0.49,0.8,700,0.04
310,국수_쟁반막국수,119,12.81,6.68,4.56,4.5,450,8.12
311,과일샐러드,102,11.19,0.9,6.52,1.8,100,8.26
312,광어 매운탕,62,2.6,9.0,1.74,1.0,100,0.61
313,국밥,52,7.33,3.45,1.03,1.3,800,0.05
314,국밥_굴,105,13.6,6.52,2.74,0.9,650,0.05
315,파파존스_피자_치킨 바베큐 피자 치즈롤 (F),259,26.43,13.95,11.02,2.56,100,3.03
316,파파존스_피자_치킨 바베큐 피자 치즈롤 (L),259,26.43,13.71,11.02,2.56,100,3.23
317,파파존스_피자_치킨 바베큐 피자 치즈롤 (P),259,26.43,13.85,11.02,2.56,100,3.01
318,또래오래_피자_치킨 피자,139,14.18,7.86,5.91,1.37,100,2.35
319,파파존스_피자_치킨바베큐 (R),228,23.27,11.79,9.7,2.25,100,2.78
320,파파존스_피자_치킨바베큐 피자 (F),251,25.61,11.9,10.68,2.48,1007,3.97
321,반올림피자_피자_치킨바베큐 피자 (L),250,25.51,12.81,10.63,2.47,100,6.39
322,파파존스_피자_치킨바베큐 피자 (L),251,25.61,12.3,10.68,2.48,748,4.28
323,오르새피자_피자_치킨바베큐 피자 (L),228,23.27,12.5,9.7,2.25,720,1.39
324,피자헤븐_피자_치킨바베큐 피자 (L),249,25.41,18.31,10.59,2.46,1133,4.93
325,파파존스_피자_치킨바베큐 피자 (P),251,25.61,11.72,10.68,2.48,1280,3.91
326,파파존스_피자_치킨바베큐 피자 (R),251,25.61,12.32,10.68,2.48,413,4.35
327,봉수아피자_피자_치킨바베큐 피자 (XL),267,27.24,15.93,11.36,2.64,1080,2.15
328,피자파는집_피자_치킨바베큐 피자 밀도우 (L),108,11.02,7.72,4.59,1.07,990,1.58
329,피자파는집_피자_치킨바베큐 피자 밀도우 (R),72,7.35,5.16,3.06,0.71,620,1.06
330,피자파는집_피자_치킨바베큐 피자 씬도우 (L),108,11.02,7.73,4.59,1.07,780,1.59
331,피자파는집_피자_치킨바베큐 피자 씬도우 (R),72,7.35,5.15,3.06,0.71,520,1.06
332,피자파는집_피자_치킨바베큐 피자밀도우(L),108,11.02,7.72,4.59,1.07,990,1.58
333,피자파는집_피자_치킨바베큐 피자밀도우(R),72,7.35,5.16,3.06,0.71,620,1.06
334,피자마루_피자_점보페퍼로니피자,274,27.96,14.39,11.66,2.71,1304,5.33
335,파파존스_피자_치킨 바베큐 골드링 씬,253,25.82,12.36,10.76,2.5,100,3.02
336,파파존스_피자_치킨 바베큐 스파이시 갈릭 치즈롤 (F),241,24.59,13.69,10.25,2.38,100,2.32
337,파파존스_피자_치킨 바베큐 스파이시 갈릭 치즈롤 (L),241,24.59,13.69,10.25,2.38,100,2.32
338,파파존스_피자_치킨 바베큐 스파이시 갈릭 치즈롤 (P),241,24.59,13.69,10.25,2.38,100,2.33
339,파파존스_피자_치킨 바베큐 씬,255,26.02,13.06,10.85,2.52,100,0.99
340,파파존스_피자_치킨 바베큐 치즈롤 (F),236,24.08,13.53,10.04,2.33,100,2.0
341,파파존스_피자_치킨 바베큐 치즈롤 (L),236,24.08,13.53,10.04,2.33,100,2.0
342,파파존스_피자_치킨 바베큐 치즈롤 (P),236,24.08,13.53,10.04,2.33,100,2.0
343,파파존스_피자_치킨 바베큐 크루아상,272,27.76,12.06,11.57,2.69,100,2.08
344,파파존스_피자_치킨 바베큐 피자 골드링 (F),266,27.14,14.09,11.31,2.63,100,6.13
345,파파존스_피자_치킨 바베큐 피자 골드링 (L),266,27.14,13.74,11.31,2.63,100,6.41
346,파파존스_피자_치킨 바베큐 피자 골드링 (P),266,27.14,13.59,11.31,2.63,100,6.23
347,파파존스_피자_치킨 바베큐 피자 골드링씬 (F),278,28.37,12.41,11.83,2.75,100,4.34
348,파파존스_피자_치킨 바베큐 피자 씬 (F),280,28.57,13.73,11.91,2.77,100,1.62
349,파파존스_피자_치킨 바베큐 피자 오리지널 (F),251,25.61,11.92,10.68,2.48,100,3.97
350,파파존스_피자_치킨 바베큐 피자 오리지널 (L),251,25.61,12.3,10.68,2.48,748,4.28
351,파파존스_피자_치킨 바베큐 피자 오리지널 (P),251,25.61,11.72,10.68,2.48,100,3.91
352,파파존스_피자_치킨 바베큐 피자 오리지널 (R),251,25.61,12.34,10.68,2.48,100,4.35
353,파파존스_피자_치킨 바베큐 골드링 (L),242,24.69,13.54,10.29,2.39,100,4.22
354,파파존스_피자_치킨 바베큐 골드링 (P),242,24.69,13.54,10.29,2.39,100,4.22
355,파파존스_피자_치킨 바베큐 골드링 (F),242,24.69,13.54,10.29,2.39,100,4.22
356,피자파는집_피자_치킨바베큐 피자씬도우(L),108,11.02,7.73,4.59,1.07,780,1.59
357,커피:니_또띠아_치킨 브리또,220,24.38,9.66,8.88,2.17,145,2.07
358,공차_또띠아_치킨 치즈 브리또,259,27.59,11.49,11.49,2.56,174,2.3
359,버거킹_또띠아_크리스퍼랩,270,29.92,9.02,10.9,2.67,133,3.01
360,KFC_또띠아_트위스터,202,18.69,9.84,10.77,1.99,183,1.09
361,바나프레소_또띠아_핫치킨 부리또,257,33.74,9.82,9.2,2.54,163,4.91
362,이디야_또띠아_핫치킨 브리또,248,27.48,11.25,10.02,2.45,160,3.75
363,공차_또띠아_핫치킨 브리또,228,28.0,11.0,8.0,2.25,180,2.0
364,카페띠아모_또띠아_핫칠리치킨 브리또,214,23.71,15.0,8.64,2.11,140,0.0
365,피자파는집_피자_치킨바베큐 피자씬도우(R),72,7.35,5.15,3.06,0.71,520,1.06
366,떡산적_소고기,157,18.95,9.0,5.16,1.9,100,2.92
367,바나프레소_또띠아_김치 부리또,262,29.03,10.32,11.61,2.59,155,3.23
368,커피에반하다_또띠아_뉴비프 브리또,253,28.03,8.89,10.22,2.5,180,31.11
369,탐앤탐스_또띠아_또띠아 (L),234,21.09,15.64,9.45,2.31,275,5.09
370,탐앤탐스_또띠아_또띠아 (S),375,35.4,20.5,16.77,3.7,161,5.59
371,뚜레쥬르_또띠아_라구듬뿍치즈 브리또,211,23.38,7.23,8.52,2.08,235,11.91
372,뚜레쥬르_또띠아_매콤치킨랩,166,18.39,8.0,6.7,1.64,250,4.0
373,커피에반하다_또띠아_머스타드치킨 브리또,244,27.04,11.05,9.85,2.41,172,1.74
374,커피에반하다_또띠아_미트살사소시지 브리또,220,24.38,16.38,8.88,2.17,177,1.69
375,할리스_또띠아_바삭 불고기 & 트리플 치즈 치킨 퀘사디아,245,27.15,11.05,9.89,2.42,181,4.42
376,할리스_또띠아_바삭 불고기&트리플 치즈 치킨 퀘사디아,218,24.15,13.89,8.8,2.15,180,4.42
377,뚜레쥬르_또띠아_베지텐더밸런스랩,196,21.72,4.25,7.92,1.94,212,2.83
378,공차_또띠아_불고기 베이크,196,28.67,10.33,4.42,1.94,120,5.67
379,커피:니_또띠아_불고기 브리또,216,23.93,7.59,8.72,2.13,145,0.69
380,카페띠아모_또띠아_불고기 브리또,299,33.13,9.29,12.08,2.95,140,0.0
381,공차_또띠아_불닭 베이크,198,32.0,10.75,2.92,1.96,120,7.08
382,이디야_또띠아_소고기 브리또,263,29.14,8.13,10.62,2.6,160,5.63
383,뚜레쥬르_또띠아_싱그러운치킨텐더그린랩,185,20.5,7.04,7.47,1.83,270,1.85
384,떡볶이_소고기,157,25.28,4.1,4.46,1.1,100,4.3
385,떡볶이_소고기_버섯,77,14.17,1.9,1.61,0.7,100,2.35
386,떡볶이_양배추,60,13.36,1.3,0.36,0.8,100,2.09
387,떡볶이_어묵,130,27.18,3.2,1.3,1.4,100,4.43
388,떡볶이_채소,258,57.06,3.12,1.88,1.3,200,1.97
389,떡볶이_치즈,164,29.31,5.54,2.69,0.8,100,5.76
390,메가커피_떡볶이_치즈가 펑펑 눈꽃 떡볶이,177,35.29,5.04,1.86,1.59,377,10.35
391,지정환피자_떡볶이_치즈떡볶이,196,36.94,7.6,2.83,1.76,520,4.63
392,지정환피자_떡볶이_치즈로제떡볶이,158,29.78,7.62,2.28,1.42,670,1.46
393,피자마루_떡볶이_치즈마떡,157,29.59,6.51,2.26,1.41,600,5.13
394,떡볶이_카레,91,11.64,2.3,3.75,0.4,100,0.67
395,치킨플러스_떡볶이_호로록떡볶이,114,21.49,4.13,1.64,1.02,100,2.25
396,떡볶이_고추장_어묵,154,32.47,3.65,1.46,1.3,100,4.59
397,봉수아피자_떡볶이_국물떡볶이,145,27.33,5.0,2.09,1.3,415,8.0
398,교촌치킨_떡볶이_국물맵떡,139,26.2,4.09,2.0,1.25,100,5.69
399,치킨플러스_떡볶이_까르보떡볶이,180,33.93,4.3,2.59,1.61,100,1.79
400,치킨플러스_떡볶이_로제닭볶이,176,33.17,7.57,2.54,1.58,100,2.64
401,치킨플러스_떡볶이_로제떡볶이,187,35.25,5.03,2.7,1.68,100,2.73
402,피자마루_떡볶이_로제떡볶이,147,27.71,3.45,2.12,1.32,570,4.24
403,봉수아피자_떡볶이_로제떡볶이,186,35.06,5.0,2.68,1.67,415,9.0
404,호식이두마리치킨_떡볶이_로제비엔나 떡볶이,175,31.4,4.6,2.52,1.57,100,1.9
405,호식이두마리치킨_떡볶이_마늘 떡볶이,147,31.3,3.7,2.12,1.32,100,5.6
406,피자마루_떡볶이_마떡,137,25.82,3.89,1.97,1.23,520,5.69
407,고피자_떡볶이_매콤 떡볶이,191,36.0,4.28,2.75,1.71,304,6.91
408,고피자_떡볶이_매콤 치즈 떡볶이,200,37.7,6.5,2.88,1.79,369,5.15
409,떡볶이_모듬,125,24.89,3.2,1.63,1.0,100,3.73
410,떡만두국,89,15.82,2.87,1.62,1.2,700,0.02
411,떡만두국_고기만두,90,15.12,3.4,1.74,1.2,100,0.24
412,떡만두국_김치만두,86,14.7,3.1,1.72,1.4,100,0.34
413,떡볶이,144,25.96,3.51,2.96,1.0,180,4.4
414,떡볶이_간장,107,19.93,3.26,1.78,0.8,100,2.1
415,GS 리테일 심플리쿡_떡볶이_간편조리세트_달콤짭짤 궁중식 떡볶이,167,24.0,5.27,5.54,1.0,866,4.75
416,HY 잇츠온_떡볶이_간편조리세트_떡볶이 보통맛,161,26.45,3.9,4.36,1.5,965,7.0
417,HY 잇츠온_떡볶이_간편조리세트_소불고기궁중떡볶이,118,20.2,5.46,1.7,1.1,806,5.63
418,프레시지_떡볶이_간편조리세트_호로록 로제 떡볶이,184,30.25,4.37,5.1,2.4,1100,4.12
419,떡볶이_고추장_메추리알,100,19.23,3.11,1.48,0.9,100,3.05
420,떡국_굴,90,16.69,4.0,1.33,1.6,100,0.23
421,떡국_달걀,85,17.9,2.1,0.62,0.3,100,0.15
422,떡국_모듬,86,17.14,2.7,0.87,0.5,100,0.17
423,떡국_소고기,99,17.72,3.44,1.8,0.4,100,0.16
424,떡국_소고기_달걀,99,17.72,3.4,1.8,0.4,100,0.16
425,땅콩조림,258,16.02,11.9,18.15,4.2,100,5.04
426,땅콩죽,147,24.97,3.9,3.29,1.2,100,0.48
427,떡갈비,202,2.46,21.38,11.82,1.1,200,0.4
428,떡강정,202,36.43,2.5,5.09,0.8,100,2.39
429,비비큐_떡강정_BBQ 소떡,232,41.84,7.71,5.85,0.97,100,0.97
430,고피자_떡강정_매콤 떡강정,145,26.15,3.43,3.65,0.61,175,1.14
431,굽네치킨_떡강정_매콤치즈 소떡소떡,229,31.0,9.03,5.77,0.96,100,3.74
432,못난이꽈배기_떡강정_못난이소떡소떡,260,46.89,7.9,6.55,1.09,100,2.8
433,떡국,84,16.37,3.43,0.53,0.8,700,0.08
434,두부튀김,122,9.65,6.4,6.22,1.8,100,0.87
435,들깨국,14,1.42,0.58,0.76,0.6,100,0.33
436,들깨죽,152,21.16,3.7,5.83,2.5,100,0.25
437,들깻잎장아찌,124,26.0,4.03,0.42,4.4,100,16.41
438,등심돈가스,174,14.56,13.8,5.89,0.7,100,1.61
439,두부전골,41,2.87,3.79,1.76,1.6,100,0.44
440,두부조림,142,10.26,11.5,6.18,4.4,100,2.69
441,두부조림_돼지고기,175,7.09,14.7,9.37,3.2,100,1.51
442,두부찌개,30,3.75,2.3,0.79,1.0,100,1.02
443,두부찌개_고추장,52,3.18,4.01,2.63,0.6,500,0.8
444,두부찌개_굴,21,1.51,2.1,0.7,0.7,100,0.44
445,두부찌개_바지락,34,3.18,3.3,0.99,1.0,100,1.05
446,두부찌개_새우젓,45,2.67,4.8,1.63,1.5,100,0.57
447,두부찌개_소고기,80,5.62,6.0,3.7,1.4,100,1.53
448,두부찌개_소고기_고추장,58,6.73,4.56,1.42,1.9,280,0.17
449,두부찌개_소고기_된장,55,3.5,5.71,1.98,1.8,300,0.72
450,두부냉채,77,4.39,8.7,2.81,1.7,100,1.25
451,두부볶음_돼지고기,197,13.12,12.4,10.52,2.9,100,3.68
452,두부부침,147,4.12,10.5,9.56,3.2,100,0.0
453,두부전,161,8.66,9.8,9.14,2.5,100,0.01
454,봉수아피자_피자_치킨바베큐(R),202,20.61,12.04,8.59,2.0,713,3.73
455,두부 청국장찌개,39,4.34,3.5,0.95,1.9,100,0.83
456,두부 청국장찌개_김치,44,3.01,4.7,1.4,1.4,100,0.61
457,두부 탕수,123,15.13,4.5,4.82,1.8,100,3.26
458,두부국,31,1.25,2.5,1.64,0.6,100,0.3
459,두부김치,108,5.11,7.8,6.13,3.7,100,1.02
460,두부김치_돼지고기,84,4.06,6.76,4.44,2.4,100,1.34
461,된장찌개_호박,39,3.8,3.8,1.01,1.4,100,0.77
462,두릅무침,74,11.6,3.4,2.58,2.2,100,3.83
463,두릅무침_초고추장,67,7.89,2.16,3.01,3.4,90,4.54
464,두부 달걀찜,74,2.56,6.3,4.19,1.6,100,0.44
465,두부 달걀탕,45,1.58,4.7,2.11,1.0,100,0.1
466,두부 된장국,26,2.12,2.3,0.99,1.1,100,0.44
467,두부 된장국_바지락,21,1.64,2.0,0.67,0.7,100,0.51
468,두부 된장국_유부,25,1.54,1.8,1.33,0.7,100,0.34
469,두부 명란찌개,33,2.72,3.5,1.07,1.0,100,0.66
470,두부 애호박찌개,27,3.6,2.0,0.62,1.0,100,0.88
471,된장찌개_모듬해물,28,3.73,2.1,0.65,1.2,100,0.83
472,된장찌개_미더덕,53,4.42,5.3,1.59,2.0,100,1.12
473,된장찌개_바지락,23,1.18,2.88,0.72,1.1,300,0.56
474,된장찌개_소고기,44,5.13,2.7,1.52,1.6,100,1.15
475,된장찌개_우렁,41,3.44,4.0,1.36,1.7,100,0.77
476,된장찌개_우렁_강된장,136,16.09,7.28,4.74,3.0,100,8.82
477,된장찌개_콩나물,55,5.01,5.5,1.9,2.8,100,0.87
478,된장국_해물,28,2.68,2.1,0.98,1.0,400,0.45
479,된장국_호박,31,1.41,3.34,1.31,0.9,400,0.49
480,된장국_호박잎,7,0.54,0.4,0.32,0.2,350,0.07
481,된장찌개,46,4.44,3.38,1.63,1.6,200,0.0
482,프레시지_된장찌개_간편조리세트_고깃집 된장찌개,110,5.44,7.71,6.33,1.2,695,1.73
483,프레시지_된장찌개_간편조리세트_구수한 버섯된장찌개,26,3.88,1.79,0.4,1.4,465,2.16
484,된장찌개_냉이,19,2.69,1.7,0.33,1.1,100,0.75
485,된장찌개_달래,35,3.81,3.18,0.79,1.6,350,0.41
486,된장찌개_두부,41,2.56,3.25,1.96,0.9,270,0.99
487,된장찌개_두부_호박,32,2.73,3.1,1.04,1.4,100,0.87
488,된장찌개_모듬채소,37,4.68,2.6,0.99,1.8,100,0.97
489,된장국_시래기,15,2.03,1.31,0.22,1.9,400,0.0
490,된장국_쑥,15,1.52,1.22,0.47,0.8,400,0.73
491,된장국_아욱,16,2.46,1.18,0.33,1.2,100,0.42
492,된장국_얼갈이배추,13,1.72,0.94,0.45,1.0,100,0.41
493,된장국_우거지,20,0.82,2.77,0.59,0.8,400,0.63
494,된장국_우렁,49,3.84,4.92,1.54,1.6,500,0.72
495,된장국_유부,26,2.03,1.72,1.3,0.8,100,0.49
496,된장국_콩나물,31,2.62,2.58,1.11,1.0,400,0.53
497,된장국_근대,12,1.71,0.9,0.34,0.9,100,0.35
498,된장국_냉이,22,2.2,1.71,0.66,1.3,400,0.3
499,된장국_냉이_두부,20,2.0,1.82,0.63,1.0,100,0.43
500,된장국_두부,26,2.14,2.29,0.99,1.1,100,0.44
501,된장국_무,23,3.27,1.36,0.53,1.3,450,1.31
502,된장국_미역,12,1.43,1.21,0.42,0.9,100,0.22
503,된장국_배추,17,2.22,1.33,0.47,1.1,100,0.85
504,된장국_시금치,15,2.45,1.14,0.32,1.0,100,0.77
505,돼지불고기_간장,84,4.34,8.44,3.6,0.5,100,1.7
506,프레시지_돼지불고기_간편조리세트_기사식당 돼지불고기,155,8.08,10.25,9.08,2.1,433,5.52
507,HY 잇츠온_돼지불고기_간편조리세트_대파고추장불고기,165,12.17,11.79,7.66,1.3,755,9.87
508,프레시지_돼지불고기_간편조리세트_매콤 콩나물불고기,191,13.82,10.62,10.31,1.5,522,4.71
509,돼지불고기_고추장,83,5.48,8.98,2.88,0.8,100,2.55
510,돼지불고기_버섯,82,4.14,8.8,3.17,0.5,100,1.68
511,돼지불고기_삼겹살_오징어,182,10.25,12.8,9.95,2.1,200,3.8
512,돼지사태찜,132,11.08,12.1,4.21,1.7,100,4.32
513,된장국_감자,25,3.7,1.09,0.6,0.6,400,0.77
514,돼지고기볶음_케찹,173,7.13,19.1,6.88,1.3,100,4.5
515,돼지고기찌개,57,2.74,4.1,3.14,0.7,100,0.66
516,HY 잇츠온_돼지고기찌개_간편조리세트_돼지고기 짜글이,108,6.04,10.46,4.64,0.8,702,4.68
517,프레시지_돼지고기찌개_간편조리세트_돼지고기고추장찌개,49,5.28,4.32,1.13,1.8,553,2.57
518,돼지고기찜,109,8.89,10.82,3.25,0.7,100,2.09
519,돼지고기튀김,222,6.24,20.9,11.67,0.2,100,0.02
520,돼지껍데기구이,348,3.37,23.74,26.64,0.0,100,3.42
521,돼지등갈비찜,214,12.76,16.02,10.93,1.8,450,5.36
522,돼지등심 장조림,111,4.75,16.0,2.38,0.1,100,3.05
523,돼지머리국밥,72,12.55,2.1,1.16,0.5,100,0.41
524,돼지고기볶음_돼지고기_버섯,99,5.66,11.07,3.63,0.8,100,2.73
525,돼지고기볶음_돼지고기_오징어,113,6.49,9.89,5.36,1.2,100,3.18
526,돼지고기볶음_돼지고기_짜장,112,6.37,12.01,4.09,1.0,100,2.3
527,돼지고기볶음_돼지고기_채소,117,6.51,11.47,5.04,0.8,100,3.07
528,돼지고기볶음_짜장,116,6.38,11.9,4.45,0.9,100,2.29
529,돼지고기볶음_채소,169,8.63,16.57,7.59,1.7,230,6.67
530,봉수아피자_피자_치킨바베큐(XL),267,27.24,15.93,11.36,2.64,1080,2.15
531,돼지고기_허파,91,0.02,17.27,2.41,0.0,100,0.0
532,돼지고기강정,174,8.36,14.7,8.47,0.1,100,1.96
533,돼지고기덮밥,165,26.17,7.92,2.72,1.1,100,1.91
534,돼지고기볶음,175,9.11,11.48,10.33,1.5,200,4.1
535,돼지고기볶음(제육볶음),195,4.73,12.15,14.19,3.6,250,0.38
536,HY 잇츠온_돼지고기볶음_간편조리세트_돼지고기 숙주 볶음,145,9.05,7.46,8.78,1.2,650,5.96
537,돼지고기볶음_김치,109,6.81,9.5,4.69,2.4,100,3.6
538,돼지고기볶음_돼지고기,134,6.43,9.53,7.88,1.2,100,2.85
539,돼지고기볶음_돼지고기_배추김치,94,4.14,9.13,4.38,1.5,100,2.11
540,돼지고기 꼬치구이,171,2.89,27.7,4.74,0.3,100,1.79
541,돼지고기 덮밥,168,25.91,8.0,3.12,1.4,100,1.91
542,돼지고기 스테이크,109,5.6,13.8,3.08,1.4,100,2.56
543,돼지고기 장조림,150,7.25,16.3,5.6,0.5,100,2.02
544,돼지고기 장조림_메추리알,127,5.74,13.6,5.01,0.3,100,2.2
545,돼지고기 피망잡채,95,5.09,9.5,3.95,0.9,100,2.07
546,돼지고기_간,164,1.56,29.36,4.44,0.0,100,0.2
547,돼지고기_머리고기,325,1.75,21.2,26.0,1.6,200,0.05
548,굽네치킨_돼지갈비구이_폭립,295,7.31,24.03,17.79,0.45,100,0.59
549,돼지갈비전골,227,5.07,16.6,15.14,0.6,100,3.24
550,돼지갈비찜,139,4.79,10.5,8.15,0.4,100,2.29
551,GS 리테일 심플리쿡_돼지갈비찜_간편조리세트_국내산순살돼지갈비찜,120,8.8,10.12,4.91,0.6,895,6.11
552,돼지갈비찜_매운양념_채소,130,7.41,10.22,6.6,1.0,100,2.81
553,돼지갈비찜_매운양념_채소_떡,143,11.58,9.8,6.3,0.9,100,2.76
554,돼지갈비찜_배추김치,89,5.36,5.86,4.89,2.0,100,2.21
555,돼지갈비찜_채소,137,5.92,10.75,7.64,0.6,100,2.24
556,돼지갈비찜_채소_떡,143,10.12,10.28,6.66,0.6,100,2.07
557,동태찌개,24,2.61,3.2,0.19,0.5,100,0.99
558,동태찜,50,2.75,7.6,1.03,1.1,100,0.86
559,동태튀김,147,8.41,10.7,7.15,0.3,100,0.02
560,동파육,191,4.15,8.99,15.41,1.6,100,0.74
561,돼지갈비강정,382,20.7,25.8,19.89,0.8,100,3.79
562,돼지갈비구이,132,6.57,8.0,7.78,0.2,100,3.35
563,돼지갈비구이_간장,129,6.56,7.96,7.78,0.2,100,3.35
564,동태 매운탕,25,1.98,3.3,0.5,0.8,100,0.54
565,동태국,26,2.13,4.0,0.26,0.8,100,0.72
566,동태까스_소스,273,19.42,11.6,15.64,1.3,100,2.61
567,동태양념구이,130,1.59,21.7,3.56,0.6,100,0.29
568,동태전,115,5.15,8.9,6.02,0.2,100,0.01
569,동태조림,64,4.5,10.06,0.51,0.9,100,1.86
570,GS 리테일 심플리쿡_돈가스_간편조리세트_부타이로스카츠 (통등심돈가스),262,10.71,14.46,17.97,0.5,319,3.11
571,돈가스_고구마,317,23.05,12.34,19.51,2.0,100,6.22
572,돈가스_돼지등심,312,19.24,16.5,18.77,1.0,200,1.83
573,돈가스_돼지안심,326,17.13,16.64,21.2,1.2,200,1.39
574,치킨플러스_돈가스_제주카츠볼,316,19.49,13.7,19.45,1.07,100,0.87
575,돈가스_치즈,302,16.71,16.81,18.68,1.3,250,1.43
576,돌나물,24,5.23,0.64,0.39,0.7,100,2.46
577,돌나물무침,41,8.81,1.4,0.53,1.1,100,4.48
578,돌솥 비빔밥,101,17.46,3.4,1.78,1.2,100,1.05
579,돌솥비빔밥_양념장,86,13.99,2.81,2.07,1.0,100,1.23
580,동치미,14,2.28,0.29,0.37,1.0,200,1.45
581,도라지튀김,179,19.21,5.7,8.61,3.1,100,1.33
582,도루묵조림,101,5.51,11.2,3.08,0.7,100,1.53
583,도루묵찌개,63,4.04,6.8,2.31,1.4,100,1.3
584,도미 매운탕,47,3.37,5.9,1.13,1.0,100,1.08
585,도미찜,52,3.22,7.9,0.91,1.3,100,0.92
586,도미튀김,301,18.9,25.9,12.22,0.7,100,0.02
587,도토리묵무침,56,12.04,0.6,0.59,1.9,100,0.08
588,도토리묵무침_채소,60,11.66,1.28,1.2,2.2,100,2.09
589,돈가스,148,9.47,9.1,7.61,0.5,100,0.52
590,도라지나물,39,4.76,0.7,2.09,1.5,100,0.43
591,도라지나물무침,130,13.12,2.48,7.52,4.9,50,0.9
592,도라지생채,67,14.51,1.5,0.97,3.0,100,5.58
593,도라지생채_북어,140,12.39,17.1,2.38,2.3,100,5.08
594,도라지생채_오이,42,9.3,1.32,0.53,1.9,100,4.1
595,도라지생채_오징어채,92,10.58,9.61,1.4,1.6,100,4.05
596,던킨_도넛_하이 카카오 도넛,439,55.82,4.88,21.95,4.3,123,20.33
597,던킨도너츠_도넛_해피버스데이 도넛,458,58.24,6.59,22.9,4.49,91,19.78
598,던킨_도넛_허니 올드훼션드,457,58.11,3.18,22.85,4.48,63,31.75
599,던킨도너츠_도넛_허니 올드훼션드 도넛,457,53.97,3.17,25.4,4.48,63,31.75
600,던킨_도넛_허니 찹쌀스틱,355,45.14,4.26,17.75,3.48,47,6.38
601,던킨_도넛_허니 후리터,439,55.82,5.41,21.95,4.3,74,16.22
602,던킨_도넛_허니찹쌀스틱,355,45.14,4.26,17.75,3.48,47,6.38
603,던킨도너츠_도넛_허니찹쌀스틱,355,61.7,4.26,10.21,3.48,47,6.38
604,던킨도너츠_도넛_허니후리터,449,48.65,5.41,24.32,4.4,74,14.86
605,던킨_도넛_헤이즐넛 로쉐,445,56.58,6.25,22.25,4.36,64,17.19
606,달콤_도넛_화이트유니버스 도넛,392,49.84,5.77,19.6,3.84,52,13.46
607,파리바게뜨_도넛_화이트초코링 도넛,462,58.75,6.15,23.1,4.53,65,18.46
608,파리바게뜨_도넛_화이트초코츄잉스타 도넛,444,56.46,3.7,22.2,4.35,54,14.81
609,크리스피크림도넛_도넛_후플푸프,393,49.97,6.1,19.65,3.85,82,17.07
610,송사부수제쌀고로케_도넛_흑미고구마찹쌀 도넛,350,44.5,4.0,17.5,3.43,50,16.0
611,송사부수제쌀고로케_도넛_흑미찹쌀 도넛,350,44.5,4.0,17.5,3.43,50,16.0
612,던킨_도넛_흑임자 카스텔라 도넛,460,58.49,6.0,23.0,4.51,100,12.0
613,송사부수제쌀고로케_도넛_흑임자크림찹쌀 도넛,314,39.93,2.86,15.7,3.08,35,11.43
614,도다리구이,153,0.71,23.7,5.5,0.0,100,0.0
615,크리스피크림도넛_도넛_크로넛 글레이즈드 도넛,455,57.86,5.38,22.75,4.46,93,21.51
616,달콤_도넛_크리스탈슈가 도넛,367,46.67,6.12,18.35,3.6,49,10.2
617,파리바게뜨_도넛_크림치즈 찹쌀도넛,364,46.28,5.45,18.2,3.57,55,14.55
618,파리바게뜨_도넛_크림치즈 찹쌀도넛 (2개입),359,45.65,6.36,17.95,3.52,110,14.55
619,피자스쿨_도넛_크림치즈꽈배기,350,44.5,4.19,17.5,3.43,167,5.99
620,던킨_도넛_킷캣 초코 스트로베리,397,50.48,4.11,19.85,3.89,73,27.4
621,따삐오_도넛_통밀꽈배기,422,53.66,11.39,21.1,4.13,79,7.59
622,크리스피크림도넛_도넛_트러플 크림 듬뿍 도넛,410,52.13,5.95,20.5,4.02,84,21.43
623,크리스피크림도넛_도넛_트위스트 글레이즈드 도넛,380,48.32,6.1,19.0,3.72,82,23.17
624,심봉사도로케_도넛_팥도너츠,292,37.13,6.47,14.6,2.86,85,20.12
625,송사부수제쌀고로케_도넛_팥도넛,323,41.07,8.0,16.15,3.16,75,24.0
626,던킨_도넛_팥빙수맛 크림도넛,362,46.03,5.36,18.1,3.55,112,12.5
627,파리바게뜨_도넛_팥이팅 소보루 도넛,321,40.82,6.32,16.05,3.14,95,16.84
628,던킨도너츠_도넛_페이머스 글레이즈드 도넛,433,50.0,4.35,23.91,4.24,46,17.39
629,뚜레쥬르_도넛_퐁신퐁신우유 도넛,348,44.25,4.9,17.4,3.41,102,11.76
630,크리스피크림도넛_도넛_프리미엄 스트로베리 필드,366,46.54,5.71,18.3,3.59,70,15.72
631,크리스피크림도넛_도넛_프리미엄 스트로베리 필드 도넛,361,45.9,5.71,18.05,3.54,70,14.29
632,달콤_도넛_플라밍고 도넛,405,51.5,5.45,20.25,3.97,55,18.18
633,던킨_도넛_핑크 블라썸 듀얼하트,414,52.64,3.95,20.7,4.06,76,19.74
634,던킨도너츠_도넛_카카오후로스티드 도넛,413,50.0,6.25,20.83,4.05,48,12.5
635,던킨_도넛_카푸치노 츄이스티,400,50.86,2.0,20.0,3.92,50,18.0
636,던킨도너츠_도넛_카푸치노츄이스티 도넛,406,51.92,1.92,21.15,3.98,52,17.31
637,바나프레소_도넛_커스터드 도넛,325,45.0,5.0,13.33,3.18,60,6.67
638,파리바게뜨_도넛_케익꽈배기 도넛,376,41.18,7.06,20.0,3.68,85,10.59
639,파리바게뜨_도넛_케익꽈배기도넛,396,50.35,5.56,19.8,3.88,72,10.59
640,던킨도너츠_도넛_켈로그우유 도넛,458,58.24,3.08,22.9,4.49,65,12.31
641,던킨_도넛_콘버터 꽈배기 with 에쉬레 버터,390,49.59,5.09,19.5,3.82,59,16.95
642,던킨_도넛_콘버터 바이츠 with 에쉬레 버터,413,52.51,5.33,20.65,4.05,75,12.0
643,던킨_도넛_콘버터 브륄레 with 에쉬레 버터,307,39.04,4.72,15.35,3.01,106,16.98
644,던킨_도넛_콘크림 브륄레,289,36.75,4.9,14.45,2.83,102,17.65
645,던킨_도넛_쿠키 앤 화이트 크림,489,62.18,4.6,24.45,4.79,87,14.94
646,파리바게뜨_도넛_쿠키&다크초코링도넛,473,52.0,5.33,24.0,4.63,75,18.67
647,파리바게뜨_도넛_쿠키&화이트초코링도넛,473,52.0,5.33,26.67,4.63,75,20.0
648,던킨_도넛_쿠키밤 원더볼,509,64.72,3.57,25.45,4.99,56,26.79
649,던킨_도넛_쿠키앤 크림 도넛,389,49.46,6.25,19.45,3.81,96,11.46
650,블루샥_도넛_쿠키앤크림 도넛,404,51.37,7.8,20.2,3.96,50,8.2
651,크리스피크림도넛_도넛_크런치피넛버터,489,62.18,9.23,24.45,4.79,65,24.62
652,파리바게뜨_도넛_추억의 생도나스,450,57.22,7.5,22.5,4.41,40,17.5
653,던킨도너츠_도넛_추억의 옥수수 꽈배기 도넛,407,49.18,8.2,19.67,3.99,61,14.75
654,파리바게뜨_도넛_추억의생도나스,430,54.68,8.98,21.5,4.21,78,17.5
655,파리바게뜨_도넛_추억의생도나스 (2개입),426,54.49,17.31,22.44,4.17,156,17.31
656,파리바게뜨_도넛_추억의생도나스 (3개입),427,54.7,17.52,22.22,4.18,234,17.52
657,뚜레쥬르_도넛_츄러스 꽈배기,363,46.16,5.98,18.15,3.56,117,13.68
658,뚜레쥬르_도넛_츄러스꽈배기,466,59.25,7.69,23.3,4.57,117,13.68
659,크리스피크림도넛_도넛_카라멜 아이스드 도넛,372,47.3,4.69,18.6,3.64,64,26.56
660,파리바게뜨_도넛_카스테라생크림도넛(1개입),413,52.51,4.35,20.65,4.05,69,13.04
661,송사부수제쌀고로케_도넛_카스테라크림 꽈배기,308,39.16,6.67,15.4,3.02,120,10.83
662,송사부수제쌀고로케_도넛_카스텔라 꽈배기,312,39.67,6.23,15.6,3.06,130,14.38
663,던킨_도넛_카스텔라 도넛,442,56.2,4.81,22.1,4.33,104,15.38
664,던킨_도넛_카카오 파운드 케이크,536,68.15,4.17,26.8,5.25,96,19.79
665,던킨_도넛_카카오 하니딥,377,47.94,3.51,18.85,3.69,57,26.32
666,던킨_도넛_카카오 후로스티드,490,62.31,4.17,24.5,4.8,48,12.5
667,던킨도너츠_도넛_카카오하니딥 도넛,393,47.37,3.51,21.05,3.85,57,21.05
668,던킨_도넛_카카오하니딥 먼치킨,423,53.79,4.62,21.15,4.14,13,23.08
669,던킨도너츠_도넛_카카오하니딥먼치킨 도넛,369,53.85,4.62,15.38,3.62,13,23.08
670,심봉사도로케_도넛_찹쌀도너츠,324,41.2,4.67,16.2,3.17,45,7.33
671,파리바게뜨_도넛_찹쌀도넛,333,42.34,5.38,16.65,3.26,93,17.2
672,파리바게뜨_도넛_찹쌀페스츄리 도넛,427,54.29,7.27,21.35,4.18,55,12.73
673,송사부수제쌀고로케_도넛_초당옥수수크림찹쌀 도넛,300,38.15,2.86,15.0,2.94,35,11.43
674,블루샥_도넛_초코 도넛,404,51.37,7.8,20.2,3.96,50,40.8
675,달콤_도넛_초코 마카롱 도넛,418,53.15,5.88,20.9,4.1,51,5.88
676,던킨_도넛_초코 올드훼션드,542,68.92,5.0,27.1,5.31,60,28.33
677,크리스피크림도넛_도넛_초코 와플넛 도넛,437,55.57,6.35,21.85,4.28,126,24.6
678,크리스피크림도넛_도넛_초코 우유크림 듬뿍 도넛,415,52.77,5.95,20.75,4.07,84,23.81
679,던킨_도넛_초코 크러쉬 도넛,493,62.69,4.29,24.65,4.83,70,17.14
680,뚜레쥬르_도넛_초코마카롱 도넛,413,52.51,7.69,20.65,4.05,52,5.77
681,뚜레쥬르_도넛_초코마카롱도넛,413,52.51,7.69,20.65,4.05,52,5.77
682,던킨_도넛_초코밤 원더볼,500,63.58,3.18,25.0,4.9,63,33.33
683,던킨도너츠_도넛_초코베리듀얼하트 도넛,330,41.96,2.63,16.5,3.23,76,11.84
684,달콤_도넛_초코크런치 도넛,400,50.86,5.45,20.0,3.92,55,14.55
685,크리스피크림도넛_도넛_초코홀릭,496,63.07,5.88,24.8,4.86,85,21.18
686,크리스피크림도넛_도넛_초코홀릭 도넛,489,62.18,7.27,24.45,4.79,55,18.18
687,크리스피크림도넛_도넛_초콜릿 아이스드 글레이즈드,457,58.11,5.36,22.85,4.48,56,28.57
688,크리스피크림도넛_도넛_초콜릿 아이스드 글레이즈드 도넛,441,56.07,7.14,22.05,4.32,56,23.21
689,크리스피크림도넛_도넛_우유크림 듬뿍 도넛,395,50.23,5.75,19.75,3.87,87,21.84
690,던킨도너츠_도넛_제주말차 우유 도넛,453,45.31,4.69,28.13,4.44,64,10.94
691,던킨_도넛_젠틀 머스태쉬 도넛,415,52.77,5.66,20.75,4.07,106,17.93
692,던킨_도넛_조청 유과 도넛,385,48.95,1.92,19.25,3.77,52,17.31
693,뚜레쥬르_도넛_조청왕꽈배기,371,47.17,5.83,18.55,3.63,120,16.67
694,교촌치킨_도넛_쫀드칸꽈배기 시나몬슈가,385,48.95,2.25,19.25,3.77,100,15.15
695,파리바게뜨_도넛_쫄깃한 왕꽈배기,373,47.43,5.45,18.65,3.65,110,12.73
696,뚜레쥬르_도넛_쫄깃한찹쌀 도넛,340,43.23,6.17,17.0,3.33,81,23.46
697,뚜레쥬르_도넛_쫄깃한찹쌀도넛,344,43.74,6.49,17.2,3.37,77,23.46
698,파리바게뜨_도넛_쫄깃한찹쌀스틱 시나몬,400,50.86,1.8,20.0,3.92,50,10.0
699,도넛_찹쌀,296,57.07,5.04,5.26,2.9,70,17.32
700,송사부수제쌀고로케_도넛_찹쌀 꽈배기,366,46.54,6.15,18.3,3.59,65,9.23
701,파리바게뜨_도넛_찹쌀 도넛,333,56.99,5.38,9.68,3.26,93,17.2
702,송사부수제쌀고로케_도넛_찹쌀 도넛,336,42.72,6.0,16.8,3.29,50,24.0
703,심봉사도로케_도넛_찹쌀꽈배기,329,41.83,7.0,16.45,3.22,50,7.8
704,따삐오_도넛_찹쌀꽈배기도너츠,462,58.75,8.0,23.1,4.53,50,10.0
705,따삐오_도넛_찹쌀도너츠,380,48.32,4.0,19.0,3.72,75,9.33
706,네오피자_피자_치킨바비큐 피자 (L),236,24.08,17.48,10.04,2.33,800,8.26
707,크리스피크림도넛_도넛_오리지널 바이츠 도넛,436,55.44,7.14,21.8,4.27,112,22.32
708,크리스피크림도넛_도넛_오리지널 우유 크림 필드,416,52.9,4.84,20.8,4.08,62,25.81
709,크리스피크림도넛_도넛_오리지널 우유 크림 필드 도넛,403,51.24,6.45,20.15,3.95,62,20.97
710,크리스피크림도넛_도넛_오리지널 초콜릿 필드,471,59.89,6.45,23.55,4.61,62,32.26
711,크리스피크림도넛_도넛_오리지널 초콜릿 필드 도넛,456,57.98,6.45,22.8,4.47,62,27.42
712,던킨_도넛_오리지널 케이크 먼치킨,375,47.68,5.0,18.75,3.67,12,25.0
713,던킨도너츠_도넛_옥수수꽈배기 도넛,404,51.37,7.89,20.2,3.96,76,14.47
714,송사부수제쌀고로케_도넛_옥수수찹쌀 도넛,332,42.22,4.0,16.6,3.25,50,20.0
715,던킨도너츠_도넛_올드훼션드먼치킨,471,57.14,3.57,25.71,4.61,14,35.71
716,던킨_도넛_올리브 츄이스티,404,51.37,2.04,20.2,3.96,49,12.25
717,던킨도너츠_도넛_올리브츄이스티 도넛,404,53.06,2.04,20.41,3.96,49,12.24
718,파리바게뜨_도넛_왕크림 도넛,335,33.85,6.15,20.0,3.28,130,10.77
719,던킨도너츠_도넛_요거트올드훼션드 도넛,457,58.11,4.62,22.85,4.48,65,29.23
720,던킨도너츠_도넛_용감한 쿠키 도넛,446,50.88,5.26,24.56,4.37,57,17.54
721,파리바게뜨_도넛_우리찹쌀 왕꽈배기,383,48.7,6.09,18.26,3.75,115,13.04
722,파리바게뜨_도넛_우리찹쌀왕꽈배기,383,48.7,6.09,19.15,3.75,115,13.04
723,블루샥_도넛_우유 도넛,404,51.37,7.8,20.2,3.96,50,8.2
724,크리스피크림도넛_도넛_우유크림 듬뿍,393,49.97,5.95,19.65,3.85,84,21.43
725,크리스피크림도넛_도넛_슬리데린,457,58.11,5.56,22.85,4.48,72,33.33
726,던킨_도넛_시나몬 츄로넛,298,37.89,2.38,14.9,2.92,42,9.52
727,파리바게뜨_도넛_시나몬슈가링 도넛,420,53.4,6.0,21.0,4.11,50,8.0
728,던킨_도넛_시나몬피칸 크럼블도넛,482,61.29,7.25,24.1,4.72,138,18.84
729,크리스피크림도넛_도넛_시크릿블랙,467,59.38,4.17,23.35,4.58,72,41.67
730,크리스피크림도넛_도넛_시크릿코랄핑크,385,48.95,6.67,19.25,3.77,75,18.67
731,크리스피크림도넛_도넛_시크릿화이트,408,51.88,5.33,20.4,4.0,75,21.33
732,파리바게뜨_도넛_아몬드초코링 도넛,468,59.51,8.06,23.4,4.59,62,8.06
733,던킨_도넛_아이스크림 레몬파운드 도넛,349,44.38,9.63,17.45,3.42,218,22.02
734,던킨_도넛_아임 파인,430,54.68,4.23,21.5,4.21,71,23.95
735,던킨도너츠_도넛_아침햇살 쌀꽈배기 도넛,375,60.94,4.69,12.5,3.67,64,15.63
736,송사부수제쌀고로케_도넛_앙버터 도넛,408,51.88,8.0,20.4,4.0,100,9.0
737,던킨_도넛_애플시나몬 파이필드,374,47.56,5.26,18.7,3.66,95,10.53
738,뚜레쥬르_도넛_엄마랑장볼때먹던그때그도나쓰,322,40.94,3.7,16.1,3.15,135,15.56
739,뚜레쥬르_도넛_옛날꽈배기도넛,407,51.75,6.78,20.35,3.99,59,11.86
740,뚜레쥬르_도넛_옛날단팥도넛,386,49.08,7.92,19.3,3.78,101,25.74
741,파리바게뜨_도넛_옛날왕슈크림도넛,332,42.22,6.32,16.6,3.25,95,12.63
742,크리스피크림도넛_도넛_오리지널 글레이즈드,447,56.84,6.38,22.35,4.38,47,25.53
743,크리스피크림도넛_도넛_오리지널 글레이즈드 도넛,428,54.42,6.38,21.4,4.19,47,19.15
744,던킨_도넛_소금 우유도넛,445,56.58,3.33,22.25,4.36,60,18.33
745,던킨도너츠_도넛_소금우유 도넛,460,51.67,3.33,25.0,4.51,60,20.0
746,뚜레쥬르_도넛_소보로만난 앙넛,391,49.72,7.27,19.55,3.83,55,30.91
747,던킨_도넛_솔티드 쿠키도우 도넛,459,58.36,3.47,22.95,4.5,144,31.94
748,던킨_도넛_솔티연유 퍼프,365,46.41,6.74,18.25,3.58,89,7.87
749,던킨도너츠_도넛_솔티카라멜바이츠 도넛,392,49.84,5.41,19.6,3.84,74,14.86
750,송사부수제쌀고로케_도넛_송사부 꽈배기,382,48.57,7.89,19.1,3.74,38,10.53
751,뚜레쥬르_도넛_슈거글레이즈도넛,370,47.05,8.0,18.5,3.62,50,20.0
752,크리스피크림도넛_도넛_슈거코티드,444,56.46,6.67,22.2,4.35,45,20.0
753,크리스피크림도넛_도넛_슈거코티드 도넛,444,56.46,6.67,22.2,4.35,45,20.0
754,던킨_도넛_슈크림브륄레,336,42.72,4.69,16.8,3.29,64,23.44
755,크리스피크림도넛_도넛_슈크림카스테라,370,47.05,6.82,18.5,3.62,88,15.91
756,던킨_도넛_스노우 원더볼,475,60.4,3.33,23.75,4.65,60,31.67
757,파리바게뜨_도넛_스노우링 도넛,420,53.4,6.0,21.0,4.11,50,4.0
758,던킨_도넛_스리라차 에그베네딕트,297,37.76,8.91,14.85,2.91,101,3.96
759,크리스피크림도넛_도넛_스트라이크,445,56.58,4.11,22.25,4.36,73,28.77
760,던킨_도넛_스트로베리 먼치킨,380,48.32,5.0,19.0,3.72,10,20.0
761,던킨도너츠_도넛_스트로베리 먼치킨 도넛,380,50.0,5.0,18.0,3.72,10,20.0
762,던킨도너츠_도넛_스트로베리 필드 도넛,372,46.67,5.0,18.33,3.64,60,16.67
763,달콤_도넛_바닐라초코볼 도넛,326,41.45,5.88,16.3,3.19,68,14.71
764,던킨_도넛_바바리안 먼치킨,400,50.86,6.0,20.0,3.92,10,20.0
765,던킨도너츠_도넛_바바리안 먼치킨 도넛,400,50.0,6.0,20.0,3.92,10,20.0
766,던킨_도넛_바바리안 필드,358,45.52,3.33,17.9,3.51,60,13.33
767,던킨도너츠_도넛_바바리안필드 도넛,378,48.33,5.0,18.33,3.7,60,13.33
768,송사부수제쌀고로케_도넛_바삭64겹 꽈배기,443,56.33,8.0,22.15,4.34,75,12.0
769,던킨_도넛_바질 에그베네딕트,312,39.67,9.9,15.6,3.06,101,2.97
770,던킨_도넛_밤티라미수 퍼프,348,44.25,5.71,17.4,3.41,105,14.29
771,던킨_도넛_베리머치 퍼프,329,41.83,4.71,16.45,3.22,85,9.41
772,파리바게뜨_도넛_베리베리크림 도넛,365,46.41,5.0,18.25,3.58,100,6.0
773,스타벅스_도넛_베이크드 헤이즐넛 쇼콜라넛,435,55.31,6.92,21.75,4.26,130,21.54
774,달콤_도넛_벨지안초코 도넛,418,53.15,7.35,20.9,4.1,68,20.59
775,던킨_도넛_보스톤 크림,373,47.43,4.48,18.65,3.65,67,13.43
776,던킨도너츠_도넛_보스톤크림 도넛,364,46.27,4.48,17.91,3.57,67,17.91
777,파리바게뜨_도넛_생도넛,450,57.22,7.5,22.5,4.41,40,17.5
778,송사부수제쌀고로케_도넛_생도넛,496,63.07,5.71,24.8,4.86,70,22.86
779,파리바게뜨_도넛_생크림폭탄 도넛,364,34.55,5.45,21.82,3.57,55,10.91
780,파리바게뜨_도넛_생크림폭탄 도넛 (3개입),364,34.55,6.06,22.42,3.57,165,10.91
781,던킨_도넛_서울우유 크림도넛,321,40.82,5.36,16.05,3.14,56,8.93
782,못난이꽈배기_도넛_못난이찹쌀팥도넛,279,35.48,7.0,13.95,2.73,70,20.86
783,크리스피크림도넛_도넛_미니 오리지널 글레이즈드,435,55.31,8.7,21.75,4.26,23,21.74
784,크리스피크림도넛_도넛_미니 오리지널 글레이즈드 도넛,439,55.82,8.7,21.95,4.3,23,21.74
785,파리바게뜨_도넛_미니찹쌀 도넛,400,71.43,5.71,9.14,3.92,35,17.14
786,송사부수제쌀고로케_도넛_미니찹쌀 도넛,366,46.54,4.0,18.3,3.59,100,15.0
787,파리바게뜨_도넛_미니찹쌀 도넛 (3개입),395,72.38,4.76,9.52,3.87,105,17.14
788,파리바게뜨_도넛_미니찹쌀 도넛 (4개입),393,72.14,5.0,9.29,3.85,140,17.14
789,파리바게뜨_도넛_미니찹쌀 도넛 (5개입),394,72.0,5.14,9.14,3.86,175,17.14
790,따삐오_도넛_미니찹쌀도너츠,466,59.25,5.26,23.3,4.57,38,21.05
791,파리바게뜨_도넛_미니찹쌀도넛,400,50.86,5.71,20.0,3.92,35,17.14
792,파리바게뜨_도넛_미니찹쌀도넛(3개입),395,50.23,4.76,19.75,3.87,105,17.14
793,파리바게뜨_도넛_미니찹쌀도넛(4개입),393,49.97,5.0,19.65,3.85,140,17.14
794,파리바게뜨_도넛_미니찹쌀도넛(5개입),397,50.48,5.14,19.85,3.89,175,17.14
795,크리스피크림도넛_도넛_밀크크림 플라워 도넛,415,52.77,5.63,20.75,4.07,71,22.54
796,파리바게뜨_도넛_바나나크림도넛(1개입),402,51.12,5.36,20.1,3.94,56,10.71
797,블루샥_도넛_바닐라 도넛,404,51.37,7.8,20.2,3.96,50,8.2
798,던킨_도넛_바닐라 슈크림도넛,310,39.42,5.17,15.5,3.04,58,13.79
799,던킨도너츠_도넛_바닐라빈 바이츠 도넛,404,59.15,7.04,15.49,3.96,71,12.68
800,크리스피크림도넛_도넛_로투스 비스코프 도넛,456,57.98,6.1,22.8,4.47,82,17.07
801,크리스피크림도넛_도넛_루비초코 블라썸 도넛,400,50.86,5.19,20.0,3.92,77,19.48
802,도넛_링도넛,515,46.16,7.85,33.17,1.2,100,11.6
803,크리스피크림도넛_도넛_마이볼,393,49.97,5.33,19.65,3.85,75,18.67
804,던킨_도넛_마쵸 머스태쉬 도넛,420,53.4,5.66,21.0,4.11,106,17.93
805,던킨_도넛_맘모스 듀얼필드,414,52.64,5.26,20.7,4.06,76,17.11
806,크리스피크림도넛_도넛_메이플링 도넛,478,60.78,10.2,23.9,4.68,49,14.29
807,던킨_도넛_모카무스 초코퍼프,427,54.29,6.8,21.35,4.18,103,18.45
808,못난이꽈배기_도넛_못난이찹쌀 꽈배기,291,37.0,7.27,14.55,2.85,55,11.09
809,못난이꽈배기_도넛_못난이찹쌀고구마크림치즈 도넛,293,37.26,6.81,14.65,2.87,69,11.74
810,못난이꽈배기_도넛_못난이찹쌀고구마크림치즈도넛,293,37.26,6.81,14.65,2.87,69,11.74
811,못난이꽈배기_도넛_못난이찹쌀깨찰 도넛,560,71.21,1.0,28.0,5.49,32,10.0
812,못난이꽈배기_도넛_못난이찹쌀깨찰도넛,560,71.21,1.0,28.0,5.49,32,10.0
813,못난이꽈배기_도넛_못난이찹쌀꽈배기,291,37.0,7.27,14.55,2.85,55,11.09
814,못난이꽈배기_도넛_못난이찹쌀모짜렐라치즈 도넛,276,35.09,10.71,13.8,2.7,70,8.14
815,못난이꽈배기_도넛_못난이찹쌀모짜렐라치즈도넛,276,35.09,10.72,13.8,2.7,70,8.14
816,못난이꽈배기_도넛_못난이찹쌀유자 도넛,271,34.46,6.57,13.55,2.66,70,19.43
817,못난이꽈배기_도넛_못난이찹쌀유자도넛,271,34.46,6.57,13.55,2.66,70,19.43
818,못난이꽈배기_도넛_못난이찹쌀팥 도넛,279,35.48,7.0,13.95,2.73,70,20.86
819,크리스피크림도넛_도넛_딸기 우유크림 듬뿍 도넛,405,51.5,5.75,20.25,3.97,87,24.14
820,던킨_도넛_딸기 크림 가득 수줍은 스마일,437,55.57,5.26,21.85,4.28,95,26.32
821,뚜레쥬르_도넛_딸기마카롱 도넛,433,55.06,7.69,21.65,4.24,52,5.77
822,던킨도너츠_도넛_딸기츄이스티 도넛,450,57.22,1.92,22.5,4.41,52,17.31
823,던킨_도넛_딸기필링 듬뿍 생도넛,337,42.85,4.82,16.85,3.3,83,9.64
824,파스쿠찌_도넛_또르체티 이탈리아 꽈배기과자,463,58.87,7.5,23.15,4.54,40,12.5
825,던킨_도넛_라이브 글레이즈드,415,52.77,6.06,20.75,4.07,66,12.12
826,던킨_도넛_라즈베리 치즈케이크 퍼프,379,48.19,6.25,18.95,3.71,112,18.75
827,달콤_도넛_라즈베리블라썸 도넛,338,42.98,4.41,16.9,3.31,68,23.53
828,크리스피크림도넛_도넛_래번클로,388,49.34,5.17,19.4,3.8,58,24.14
829,던킨도너츠_도넛_러블리듀얼하트 도넛,353,44.89,4.05,17.65,3.46,74,13.51
830,던킨도너츠_도넛_레드벨벳 먼치킨 도넛,486,57.14,3.57,27.14,4.76,14,21.43
831,블루샥_도넛_레몬 도넛,404,51.37,7.8,20.2,3.96,50,8.2
832,던킨_도넛_레몬 크림도넛,319,40.56,5.17,15.95,3.13,58,13.79
833,던킨_도넛_레몬 크림브륄레 도넛,333,42.34,4.55,16.65,3.26,66,24.24
834,던킨_도넛_레몬 파운드 도넛,446,56.71,4.17,22.3,4.37,120,25.83
835,크리스피크림도넛_도넛_레이디버그 도넛,481,61.16,6.49,24.05,4.71,77,22.08
836,던킨_도넛_레인보우 원더볼,484,61.54,3.18,24.2,4.74,63,41.27
837,던킨_도넛_로우슈가 초코링,453,57.6,5.66,22.65,4.44,53,3.77
838,파리바게뜨_도넛_달콤한 우리찹쌀 왕꽈배기,378,48.06,6.09,18.9,3.7,115,13.04
839,파리바게뜨_도넛_달콤한꿀도넛 (3개입),348,59.05,4.76,10.48,3.41,105,8.57
840,파리바게뜨_도넛_달콤한꿀도넛 (4개입),350,59.29,5.0,10.0,3.43,140,8.57
841,파리바게뜨_도넛_달콤한꿀도넛 (5개입),349,59.43,5.14,10.29,3.42,175,8.57
842,달콤_도넛_더블카라멜 도넛,362,46.03,5.63,18.1,3.55,71,25.35
843,뚜레쥬르_도넛_더쫄깃해진그때그도나쓰(5개입),294,37.38,4.58,14.7,2.88,131,16.03
844,던킨_도넛_던킨 카페모카롤,441,56.07,5.26,22.05,4.32,76,14.47
845,던킨도너츠_도넛_던킨카페모카롤,433,52.63,5.26,22.37,4.24,76,21.05
846,송사부수제쌀고로케_도넛_데니쉬 꽈배기,442,56.2,8.0,22.1,4.33,50,12.0
847,파리바게뜨_도넛_돌돌말린소시지 도넛,341,45.88,7.06,15.29,3.34,85,7.06
848,파리바게뜨_도넛_돌돌말린소시지도넛,347,44.12,7.06,17.35,3.4,85,7.06
849,송사부수제쌀고로케_도넛_동글아기찹쌀 도넛,357,45.39,4.76,17.85,3.5,126,15.08
850,던킨_도넛_두바이 스타일 초코,497,63.2,6.94,24.85,4.87,144,28.47
851,던킨_도넛_두바이 스타일 초콜릿 도넛,478,60.78,8.62,23.9,4.68,116,22.42
852,던킨도너츠_도넛_디어 마이 러브 도넛,458,49.35,3.9,27.27,4.49,77,25.97
853,블루샥_도넛_딸기 도넛,404,51.37,7.8,20.2,3.96,50,8.2
854,크리스피크림도넛_도넛_딸기 와플넛,416,52.9,5.56,20.8,4.08,126,25.4
855,던킨_도넛_딸기 요거트 크림도넛,353,44.89,5.17,17.65,3.46,58,10.35
856,크리스피크림도넛_도넛_글레이즈드 사워크림,420,53.4,2.5,21.0,4.11,80,35.0
857,크리스피크림도넛_도넛_글레이즈드 사워크림 도넛,426,54.17,2.5,21.3,4.17,80,36.25
858,크리스피크림도넛_도넛_글레이즈드 초콜릿 케익 도넛,416,52.9,3.75,20.8,4.08,80,35.0
859,파리바게뜨_도넛_글레이즈츄잉스타,404,51.37,1.92,20.2,3.96,52,11.54
860,던킨도너츠_도넛_기라델리민트초코링 도넛,388,49.34,5.56,19.4,3.8,72,23.61
861,뚜레쥬르_도넛_깨찰 도넛,384,48.83,3.57,19.2,3.76,56,3.57
862,송사부수제쌀고로케_도넛_깨찰 도넛,444,56.46,4.44,22.2,4.35,45,6.67
863,던킨_도넛_꿀고구마 브륄레 도넛,304,38.65,3.7,15.2,2.98,135,19.26
864,던킨_도넛_꿀고구마 츄이스티,440,55.95,2.0,22.0,4.31,50,12.0
865,뚜레쥬르_도넛_남해마늘로만든버터갈릭 꽈배기,420,53.4,8.04,21.0,4.11,112,10.71
866,크리스피크림도넛_도넛_뉴욕 치즈케익 도넛,369,46.92,5.56,18.45,3.62,90,20.0
867,뚜레쥬르_도넛_뉴패스트리 도넛,408,51.88,6.12,20.4,4.0,49,14.29
868,파리바게뜨_도넛_다크초코링도넛,469,46.15,6.15,24.62,4.59,65,15.38
869,파리바게뜨_도넛_다크초코츄잉스타,444,56.46,3.7,22.2,4.35,54,9.26
870,파리바게뜨_도넛_단팥 도넛,310,44.76,6.67,9.52,3.04,105,16.19
871,따삐오_도넛_단팥도너츠,304,38.65,8.75,15.2,2.98,80,16.25
872,파리바게뜨_도넛_단팥품은 꽈배기,330,41.96,6.09,16.5,3.23,115,20.0
873,파리바게뜨_도넛_달콤한 꿀도넛,343,60.0,5.71,10.29,3.36,35,8.57
874,파리바게뜨_도넛_달콤한 왕꽈배기,377,47.94,5.45,18.85,3.69,110,12.73
875,더덕장아찌,141,28.9,4.47,0.89,5.7,90,15.38
876,덮밥_낙지,150,24.12,5.88,3.34,2.3,350,2.16
877,덮밥_닭고기,125,14.82,11.4,2.18,1.1,410,1.07
878,덮밥_돼지고기(제육),202,16.86,9.43,10.77,1.4,470,1.98
879,덮밥_불고기,182,26.96,6.6,5.31,2.8,400,0.07
880,덮밥_송이버섯,97,15.93,3.04,2.34,2.3,600,0.38
881,덮밥_오징어,135,21.94,7.18,2.01,2.6,360,0.66
882,덮밥_유산슬,105,13.44,4.9,3.46,1.9,550,0.08
883,덮밥_장어,179,24.34,7.52,5.74,2.6,400,1.4
884,덮밥_참치,136,20.59,5.84,3.35,1.6,500,0.6
885,덮밥_해물,110,14.35,6.01,3.21,1.6,700,0.17
886,도가니탕,40,0.82,8.35,0.33,1.3,500,0.0
887,던킨도너츠_도넛_BEURRE 버터넛,425,58.9,4.11,19.18,4.16,73,28.77
888,던킨도너츠_도넛_BEURRE 헤이즐넛&바닐라 도넛,451,45.59,4.41,27.94,4.42,68,7.35
889,던킨_도넛_가을 밤 필드,358,45.52,5.0,17.9,3.51,60,11.67
890,파리바게뜨_도넛_고구마품은 꽈배기,339,43.11,5.71,16.95,3.32,140,11.43
891,크리스피크림도넛_도넛_골드초코 허니비 도넛,479,60.91,6.41,23.95,4.69,78,23.08
892,던킨_도넛_골든 카레 초코 퍼프,321,40.82,5.26,16.05,3.14,95,12.63
893,크리스피크림도넛_도넛_그리핀도르,454,57.73,5.75,22.7,4.45,87,21.84
894,대합 미역국,7,0.67,0.7,0.22,0.2,100,0.04
895,대합죽,136,21.76,3.2,3.49,0.3,100,0.1
896,더덕구이,108,22.34,1.86,2.14,5.7,100,6.76
897,더덕무침,111,20.64,2.3,2.76,6.7,100,6.57
898,뽕뜨락피자_피자_치킨인볼케이노 피자 (L),224,22.86,16.0,9.53,2.21,997,4.8
899,대구 매운탕,54,2.62,9.2,0.8,1.2,100,0.91
900,대구 매운탕_내장,39,2.32,6.6,0.48,0.9,100,0.74
901,대구 매운탕_내장_알,41,2.72,6.7,0.53,0.9,100,1.1
902,대구볼찜,45,5.37,4.23,1.23,1.8,100,1.09
903,대구지리,16,0.86,2.7,0.21,0.5,100,0.12
904,대구찜,57,3.32,8.3,1.18,1.4,100,1.02
905,대구탕,45,5.03,4.7,0.89,1.1,100,1.34
906,대구튀김,285,13.28,27.0,12.5,0.4,100,0.02
907,대구포,141,2.33,31.97,0.4,1.2,100,0.0
908,대창구이_소고기,595,4.05,9.11,60.25,0.3,100,1.13
909,비비큐_닭튀김_황금올리브 치킨 블랙페퍼,304,15.23,20.85,16.72,1.21,100,0.47
910,비비큐_닭튀김_황금올리브 치킨 블랙페퍼 반마리,304,15.23,20.85,16.72,1.21,100,0.47
911,비비큐_닭튀김_황금올리브 치킨 속안심,269,13.47,23.94,14.8,1.07,100,1.74
912,비비큐_닭튀김_황금올리브 치킨 콤보,288,14.43,20.94,15.84,1.15,100,0.62
913,비비큐_닭튀김_황금올리브 치킨 크런치 버터,301,15.08,19.78,16.56,1.2,100,2.92
914,비비큐_닭튀김_황금올리브 치킨 핫윙,313,15.68,17.09,17.22,1.25,100,0.0
915,비비큐_닭튀김_황금올리브 치킨 핫윙 냉장,313,15.68,17.09,17.22,1.25,100,0.0
916,비비큐_닭튀김_황올 반+매운양념 반 치킨,275,13.77,17.76,15.12,1.1,100,2.09
917,비비큐_닭튀김_황올 반+양념 반 치킨,254,12.72,18.77,13.97,1.01,100,0.36
918,비비큐_닭튀김_황올 반+양념 반 콤보 치킨,280,14.03,17.42,15.4,1.12,100,6.02
919,비비큐_닭튀김_황올 반+크리스피 반 치킨,288,14.43,19.14,15.84,1.15,100,0.43
920,비비큐_닭튀김_황올한 깐풍 치킨,257,12.87,15.71,14.14,1.02,100,3.47
921,비비큐_닭튀김_황올한 깐풍 치킨 반마리,257,12.87,15.71,14.14,1.02,100,3.47
922,자담치킨_닭튀김_후라이드 치킨,282,14.13,23.0,15.51,1.12,100,0.4
923,멕시카나_닭튀김_후라이드 치킨,270,6.86,24.67,14.85,1.08,100,0.0
924,호식이두마리치킨_닭튀김_후라이드 치킨,287,8.1,28.93,15.78,1.14,100,1.35
925,봉수아피자_닭튀김_훈제치킨,140,7.01,22.0,7.7,0.56,630,0.0
926,당근볶음,95,7.79,0.93,6.63,3.0,90,4.5
927,치킨플러스_닭튀김_프라임핫쵸킹 치킨,278,13.93,18.95,15.29,1.11,100,5.52
928,치킨플러스_닭튀김_핫쵸킹 치킨,287,14.38,21.16,15.78,1.14,100,3.71
929,비비큐_닭튀김_핫황금올리브 치킨 크리스피,323,16.18,19.5,17.76,1.29,100,0.49
930,비비큐_닭튀김_핫황금올리브 치킨 크리스피 반마리,323,16.18,19.5,17.76,1.29,100,0.49
931,자담치킨_닭튀김_핫후라이드 치킨,263,13.17,23.0,14.46,1.05,100,0.0
932,봉수아피자_닭튀김_핫훈제치킨,140,7.01,22.0,7.7,0.56,630,0.0
933,굽네치킨_닭튀김_허니멜로 치킨,216,4.34,26.0,11.88,0.86,100,4.14
934,교촌치킨_닭튀김_허니순살 치킨,346,17.33,19.08,19.03,1.38,100,6.88
935,교촌치킨_닭튀김_허니순살 치킨 (S),346,17.33,19.08,19.03,1.38,100,6.88
936,교촌치킨_닭튀김_허니오리지날 치킨,329,16.48,21.24,18.1,1.31,100,3.56
937,교촌치킨_닭튀김_허니점보윙 치킨,356,17.83,23.65,19.58,1.42,100,6.16
938,교촌치킨_닭튀김_허니콤보 치킨,319,15.98,18.59,17.55,1.27,100,4.52
939,호식이두마리치킨_닭튀김_호식이 안심텐더,244,18.33,17.03,13.42,0.97,100,2.24
940,롯데리아_닭튀김_화이어윙 (2조각),209,10.47,10.12,11.5,0.83,85,0.0
941,롯데리아_닭튀김_화이어윙 (4조각),210,10.52,10.12,11.55,0.84,170,0.0
942,비비큐_닭튀김_황금올리브 치킨,254,12.72,18.77,13.97,1.01,100,0.36
943,비비큐_닭튀김_황금올리브 치킨 레드착착,308,15.43,20.91,16.94,1.23,100,1.12
944,비비큐_닭튀김_황금올리브 치킨 레드착착 반마리,154,7.71,10.46,8.47,0.61,100,0.56
945,비비큐_닭튀김_황금올리브 치킨 반마리,254,12.72,18.77,13.97,1.01,100,0.36
946,피자알볼로_닭튀김_치킨텐더 (6조각),214,10.72,18.78,11.77,0.85,255,0.54
947,롯데리아_닭튀김_치킨휠레 (2조각),238,11.92,18.88,13.09,0.95,77,0.0
948,롯데리아_닭튀김_치킨휠레 (4조각),239,11.97,19.0,13.14,0.95,153,0.0
949,비비큐_닭튀김_크런치 순살크래커 치킨,263,13.17,18.49,14.46,1.05,100,0.4
950,비비큐_닭튀김_크런치 올치팝,274,13.72,13.03,15.07,1.09,100,3.74
951,자담치킨_닭튀김_크리미양파 치킨,236,11.82,20.0,12.98,0.94,100,2.3
952,치킨플러스_닭튀김_크리미어니언 치킨,261,13.07,12.79,14.36,1.04,100,2.93
953,비비큐_닭튀김_크리스피 반+레드착착 반 치킨,315,15.78,20.21,17.32,1.26,100,0.81
954,비비큐_닭튀김_크리스피 반+블랙페퍼 반 치킨,314,15.73,20.18,17.27,1.25,100,0.48
955,고피자_닭튀김_크리스피 빠삭치킨,305,15.28,10.91,16.77,1.22,275,1.09
956,치킨플러스_닭튀김_크리스피 후라이드 치킨,314,15.73,22.55,17.27,1.25,100,0.18
957,호식이두마리치킨_닭튀김_타코마요 치킨,290,11.08,20.08,15.95,1.16,100,4.18
958,피자마루_닭튀김_텐더 치킨(10조각),255,12.77,13.85,14.02,1.02,350,1.06
959,피자마루_닭튀김_텐더 치킨(2조각),255,12.77,9.57,14.02,1.02,70,1.06
960,피자마루_닭튀김_텐더 치킨(6조각),255,12.77,13.85,14.02,1.02,210,1.06
961,자담치킨_닭튀김_티키타코 순살 치킨,303,15.18,17.0,16.66,1.21,100,1.8
962,자담치킨_닭튀김_파닭 치킨,224,11.22,20.0,12.32,0.89,100,1.3
963,비비큐_닭튀김_파더’s 치킨,220,11.02,22.52,12.1,0.88,100,0.7
964,교촌치킨_닭튀김_파채소이살살 치킨,204,10.22,8.53,11.22,0.81,100,10.65
965,호식이두마리치킨_닭튀김_요거치즈닝치킨 안심 순살,206,18.76,16.76,11.33,0.82,100,1.35
966,지정환피자_닭튀김_윙 (5조각),225,11.27,26.72,12.38,0.9,125,2.32
967,호식이두마리치킨_닭튀김_윙+다리 치킨,282,9.88,23.59,15.51,1.12,100,2.37
968,자담치킨_닭튀김_윙봉스 치킨,289,14.48,22.0,15.9,1.15,100,0.0
969,자담치킨_닭튀김_윙봉스간장 치킨,266,13.32,23.0,14.63,1.06,100,0.0
970,자담치킨_닭튀김_윙봉스마늘 치킨,284,14.23,23.0,15.62,1.13,100,0.0
971,비비큐_닭튀김_자메이카 소떡만나 치킨,287,14.38,17.43,15.78,1.14,100,4.81
972,비비큐_닭튀김_자메이카 소떡만나 치킨 콤보,272,13.62,16.23,14.96,1.08,100,5.08
973,비비큐_닭튀김_자메이카 소떡만나치 킨 순살,275,13.77,19.01,15.12,1.1,100,5.89
974,치킨플러스_닭튀김_조선레드 치킨,270,13.52,23.41,14.85,1.08,100,4.89
975,롯데리아_닭튀김_지파이 고소한맛(S),310,15.53,14.4,17.05,1.24,128,0.7
976,롯데리아_닭튀김_지파이 하바네로(L),266,13.32,17.38,14.63,1.06,160,0.56
977,비비큐_닭튀김_착착갈릭 치킨,322,16.13,16.23,17.71,1.28,100,5.12
978,호식이두마리치킨_닭튀김_청양고추마요 치킨,314,16.0,16.7,17.27,1.25,100,2.5
979,자담치킨_닭튀김_치요링 치킨,257,12.87,22.0,14.14,1.02,100,0.4
980,굽네치킨_닭튀김_치즈바사삭 치킨,228,9.82,24.47,12.54,0.91,100,3.62
981,피자스쿨_닭튀김_치킨 스틱&윙,231,11.57,22.94,12.7,0.92,170,0.0
982,피자스쿨_닭튀김_치킨텐더,213,10.67,18.61,11.72,0.85,172,1.16
983,지정환피자_닭튀김_치킨텐더 (4조각),201,10.07,19.79,11.06,0.8,140,0.49
984,교촌치킨_닭튀김_시그니처순살 치킨 세트,374,18.73,25.54,20.57,1.49,100,5.55
985,치킨플러스_닭튀김_아빠의제주깜슐랭 치킨,273,13.67,18.67,15.02,1.09,100,15.03
986,닭튀김_양념,276,21.15,17.75,13.4,1.1,200,6.25
987,멕시카나_닭튀김_양념 치킨,248,14.62,21.04,13.64,0.99,100,3.26
988,호식이두마리치킨_닭튀김_양념 치킨,248,18.7,19.44,13.64,0.99,100,7.78
989,자담치킨_닭튀김_양념 치킨,284,14.23,23.0,15.62,1.13,100,3.0
990,롯데리아_닭튀김_양념너겟 어니언,239,11.97,15.55,13.14,0.95,119,1.68
991,롯데리아_닭튀김_양념너겟 치즈,242,12.12,16.02,13.31,0.96,118,2.54
992,롯데리아_닭튀김_양념너겟 칠리,238,11.92,15.81,13.09,0.95,117,0.86
993,굽네치킨_닭튀김_양념히어로 치킨,221,13.9,21.56,12.16,0.88,100,7.71
994,비비큐_닭튀김_오리지날 양념 치킨,270,13.52,16.34,14.85,1.08,100,6.82
995,비비큐_닭튀김_오리지날 양념 치킨 반마리,270,13.52,16.34,14.85,1.08,100,6.82
996,굽네치킨_닭튀김_오븐 바사삭 윙 치킨,230,7.14,26.29,12.65,0.92,100,2.08
997,굽네치킨_닭튀김_오븐 바사삭 치킨,230,7.14,26.29,12.65,0.92,100,2.09
998,지정환피자_닭튀김_오븐훈제치킨,184,9.22,27.45,10.12,0.73,555,1.71
999,비비큐_닭튀김_블랙페퍼 반+레드착착 반 치킨,306,15.33,20.88,16.83,1.22,100,0.8
1000,교촌치킨_닭튀김_살살후라이드 미니 치킨,325,16.28,18.88,17.88,1.3,100,1.02
1001,교촌치킨_닭튀김_살살후라이드 치킨,325,16.28,18.88,17.88,1.3,100,1.02
1002,닭튀김_살코기,289,9.42,22.54,17.35,0.3,100,0.0
1003,자담치킨_닭튀김_생그라나 치킨,265,13.27,24.0,14.58,1.06,100,1.0
1004,자담치킨_닭튀김_소보로 치킨,282,14.13,18.0,15.51,1.12,100,2.0
1005,비비큐_닭튀김_소이갈릭스 치킨,309,15.48,21.44,17.0,1.23,100,2.32
1006,멕시카나_닭튀김_순살 뿌리고 치킨 매콤달콤한맛,315,17.08,20.59,17.32,1.26,100,2.93
1007,멕시카나_닭튀김_순살 뿌리고 치킨 오리지날,258,12.92,21.19,14.19,1.03,100,2.5
1008,고피자_닭튀김_순살치킨,243,12.17,16.0,13.36,0.97,150,0.67
1009,고피자_닭튀김_순살치킨 앤 프라이,255,12.77,11.54,14.02,1.02,130,0.77
1010,롯데리아_닭튀김_순살치킨 풀팩,271,13.57,15.81,14.9,1.08,487,0.82
1011,롯데리아_닭튀김_순살치킨 하프팩,270,13.52,15.84,14.85,1.08,244,0.82
1012,치킨플러스_닭튀김_쉑쉑양꼬치킨,300,15.03,23.96,16.5,1.2,100,1.06
1013,자담치킨_닭튀김_스리라차 치킨,239,11.97,19.0,13.14,0.95,100,1.6
1014,비비큐_닭튀김_스모크 치킨,271,13.57,22.13,14.9,1.08,100,0.0
1015,비비큐_닭튀김_스모크 치킨 반마리,136,6.81,11.07,7.48,0.54,100,0.0
1016,호식이두마리치킨_닭튀김_스윗츠갈릭 치킨,279,19.74,20.76,15.34,1.11,100,8.0
1017,봉수아피자_닭튀김_스파이시그릴스테이크,218,10.92,18.0,11.99,0.87,270,1.0
1018,교촌치킨_닭튀김_반반콤보 치킨,311,15.58,27.33,17.1,1.24,100,3.04
1019,고피자_닭튀김_버팔로 윙/봉 (10개),213,10.67,15.39,11.72,0.85,455,7.69
1020,고피자_닭튀김_버팔로 윙/봉 (2개),244,12.22,20.0,13.42,0.97,70,2.86
1021,고피자_닭튀김_버팔로 윙/봉 (4개),244,12.22,20.0,13.42,0.97,140,2.86
1022,봉수아피자_닭튀김_버팔로스틱,165,8.26,17.0,9.07,0.66,175,3.0
1023,봉수아피자_닭튀김_버팔로윙,210,10.52,18.0,11.55,0.84,150,3.0
1024,피자알볼로_닭튀김_버팔로윙&봉 (10조각),207,10.37,22.98,11.38,0.83,350,2.13
1025,피자알볼로_닭튀김_버팔로윙&봉 (4조각),207,10.37,22.98,11.38,0.83,140,2.13
1026,노모어피자_닭튀김_버팔로윙(10개),200,13.0,12.0,11.0,0.8,350,1.0
1027,노모어피자_닭튀김_버팔로윙(4개),200,13.0,12.0,11.0,0.8,140,1.0
1028,굽네치킨_닭튀김_볼케이노 치킨,196,6.0,24.0,10.78,0.78,100,4.82
1029,굽네치킨_닭튀김_불금 치킨,228,9.18,22.94,12.54,0.91,100,5.48
1030,호식이두마리치킨_닭튀김_불짬뽕 치킨,280,19.11,18.11,15.4,1.12,100,4.22
1031,자담치킨_닭튀김_불패 치킨,250,12.52,23.0,13.75,1.0,100,1.7
1032,교촌치킨_닭튀김_블랙시크릿 순살 치킨,362,18.13,21.13,19.91,1.44,100,9.79
1033,교촌치킨_닭튀김_블랙시크릿 순살 치킨 (S),362,18.13,21.13,19.91,1.44,100,9.79
1034,교촌치킨_닭튀김_블랙시크릿 오리지날 치킨,313,15.68,22.47,17.22,1.25,100,7.7
1035,교촌치킨_닭튀김_블랙시크릿 콤보 치킨,332,16.63,22.3,18.26,1.32,100,8.4
1036,교촌치킨_닭튀김_블랙시크릿 콤보 치킨 (S),332,16.63,22.3,18.26,1.32,100,8.4
1037,자담치킨_닭튀김_마늘 치킨,240,12.02,27.0,13.2,0.96,100,0.0
1038,치킨플러스_닭튀김_마늘스태미나 치킨,260,13.02,19.04,14.3,1.04,100,2.79
1039,멕시카나_닭튀김_마늘알마니 치킨,233,14.5,17.96,12.82,0.93,100,6.48
1040,피자알볼로_닭튀김_마라윙&봉 (10조각),184,9.22,12.0,10.12,0.73,500,2.6
1041,피자알볼로_닭튀김_마라윙&봉 (4조각),230,11.52,22.5,12.65,0.92,160,3.13
1042,비비큐_닭튀김_매달구 치킨,250,12.52,23.92,13.75,1.0,100,2.08
1043,호식이두마리치킨_닭튀김_매운 간장 치킨,358,13.37,26.99,19.69,1.43,100,2.45
1044,호식이두마리치킨_닭튀김_매운 양념 치킨,278,15.49,23.64,15.29,1.11,100,5.12
1045,비비큐_닭튀김_매운양념 치킨,297,14.88,16.75,16.34,1.18,100,3.82
1046,비비큐_닭튀김_매운양념 치킨 반마리,130,6.51,8.38,7.15,0.52,100,0.91
1047,자담치킨_닭튀김_맵소이닭 치킨,232,11.62,24.0,12.76,0.92,100,1.0
1048,자담치킨_닭튀김_맵슐랭 치킨 오리지널,259,12.97,24.0,14.24,1.03,100,2.0
1049,멕시카나_닭튀김_모두의마요 치킨,256,9.65,25.43,14.08,1.02,100,1.91
1050,닭튀김_목,330,8.7,19.82,23.52,1.32,100,1.45
1051,비비큐_닭튀김_바삭갈릭 치킨,311,15.58,18.29,17.1,1.24,100,2.38
1052,치킨플러스_닭튀김_바삭담백한 후라이드 치킨,293,14.68,25.3,16.11,1.17,100,0.24
1053,교촌치킨_닭튀김_반반순살 치킨,396,19.84,26.0,21.78,1.58,100,4.0
1054,교촌치킨_닭튀김_반반오리지날 치킨,323,16.18,27.6,17.76,1.29,100,2.77
1055,교촌치킨_닭튀김_반반윙 치킨,366,18.33,29.0,20.13,1.46,100,3.42
1056,치킨플러스_닭튀김_두마리같은한마리치킨주세요,282,14.13,23.88,15.51,1.12,100,0.22
1057,멕시카나_닭튀김_땡초 치킨,266,12.15,21.84,14.63,1.06,100,3.95
1058,호식이두마리치킨_닭튀김_땡초불꽃 치킨,243,15.15,20.7,13.36,0.97,100,7.41
1059,교촌치킨_닭튀김_레드순살 치킨,381,19.08,28.83,20.96,1.52,100,7.53
1060,교촌치킨_닭튀김_레드순살 치킨 (S),381,19.08,28.83,20.96,1.52,100,7.53
1061,교촌치킨_닭튀김_레드오리지날 치킨,332,16.63,26.53,18.26,1.32,100,4.36
1062,교촌치킨_닭튀김_레드윙 치킨,355,17.78,28.87,19.52,1.41,100,5.1
1063,교촌치킨_닭튀김_레드윙 치킨 (S),355,17.78,28.87,19.52,1.41,100,5.1
1064,교촌치킨_닭튀김_레드콤보 치킨,303,15.18,26.29,16.66,1.21,100,4.39
1065,교촌치킨_닭튀김_레드콤보 치킨 (S),303,15.18,26.29,16.66,1.21,100,4.39
1066,호식이두마리치킨_닭튀김_레몬크림탕슈 안심 순살,633,58.1,13.3,34.82,2.52,100,21.0
1067,교촌치킨_닭튀김_레블반반콤보 치킨,318,15.93,24.29,17.49,1.27,100,6.39
1068,교촌치킨_닭튀김_레허반반순살 치킨,364,18.23,23.95,20.02,1.45,100,7.2
1069,피자마루_닭튀김_로스트 치킨 윙/봉(10조각),191,9.57,19.25,10.5,0.76,370,1.33
1070,피자마루_닭튀김_로스트 치킨 윙/봉(2조각),191,9.57,19.24,10.5,0.76,74,1.32
1071,피자마루_닭튀김_로스트 치킨 윙/봉(6조각),191,9.57,19.25,10.5,0.76,222,1.33
1072,멕시카나_닭튀김_리얼 치킨 꿔바로우,198,24.83,10.84,10.89,0.79,100,7.71
1073,교촌치킨_닭튀김_리얼후라이드 치킨,268,13.42,22.91,14.74,1.07,100,0.6
1074,뽕뜨락피자_피자_치킨인볼케이노 피자 (M),235,23.98,18.3,10.0,2.32,614,4.58
1075,교촌치킨_닭튀김_교촌윙 치킨,377,18.88,29.14,20.74,1.5,100,1.74
1076,교촌치킨_닭튀김_교촌윙 치킨 (S),377,18.88,29.14,20.74,1.5,100,1.74
1077,교촌치킨_닭튀김_교촌콤보 치킨,319,15.98,28.37,17.55,1.27,100,1.69
1078,교촌치킨_닭튀김_교촌콤보 치킨 (S),319,15.98,28.37,17.55,1.27,100,1.68
1079,치킨플러스_닭튀김_극장판치킨 고추치즈편,398,19.94,27.93,21.89,1.59,100,2.7
1080,비비큐_닭튀김_극한왕갈비 치킨,322,16.13,15.8,17.71,1.28,100,10.5
1081,멕시카나_닭튀김_깐풍요리 치킨,287,14.38,22.61,15.78,1.14,100,6.56
1082,치킨플러스_닭튀김_꿀잼 치킨,286,14.33,21.6,15.73,1.14,100,6.32
1083,치킨플러스_닭튀김_꿔바로우 치킨,257,12.87,19.08,14.14,1.02,100,2.46
1084,닭튀김_날개,257,10.49,17.17,16.27,1.2,200,0.0
1085,자담치킨_닭튀김_날다닭 치킨,271,13.57,20.0,14.9,1.08,100,0.0
1086,자담치킨_닭튀김_날다닭간장 치킨,235,11.77,24.0,12.92,0.94,100,0.0
1087,자담치킨_닭튀김_날다닭마늘 치킨,233,11.67,29.0,12.82,0.93,100,0.0
1088,닭튀김_너겟,332,16.63,15.3,22.7,1.6,100,1.12
1089,치킨플러스_닭튀김_눈맞은 치킨,292,14.63,22.16,16.06,1.16,100,3.14
1090,닭튀김_다리(넓적다리),277,9.08,21.61,16.53,0.3,100,1.51
1091,닭튀김_다리(아랫다리),268,8.28,21.95,15.75,0.3,100,1.38
1092,비비큐_닭튀김_단짠갈릭 치킨,309,15.48,15.79,17.0,1.23,100,5.4
1093,닭튀김_닭가슴살,252,20.2,21.0,9.7,1.0,100,3.36
1094,닭튀김,153,4.56,15.5,7.36,0.2,100,0.01
1095,닭튀김 샐러드,79,3.98,3.8,5.3,0.8,100,1.0
1096,롯데리아_닭튀김_New치킨너겟,237,11.87,16.24,13.04,0.94,114,0.79
1097,치킨플러스_닭튀김_No.1포테이토닥토닭 치킨,286,14.33,16.98,15.73,1.14,100,3.1
1098,치킨플러스_닭튀김_간장 치킨,275,13.77,22.15,15.12,1.1,100,2.06
1099,자담치킨_닭튀김_간장 치킨,233,11.67,23.0,12.82,0.93,100,0.0
1100,호식이두마리치킨_닭튀김_간장 치킨,327,12.38,27.48,17.98,1.3,100,2.61
1101,굽네치킨_닭튀김_갈비천왕 치킨,194,4.19,26.8,10.67,0.77,100,3.59
1102,치킨플러스_닭튀김_강정 치킨,275,13.77,18.63,15.12,1.1,100,3.07
1103,굽네치킨_닭튀김_고추바사삭 치킨,234,8.35,23.71,12.87,0.93,100,1.78
1104,교촌치킨_닭튀김_교촌순살 치킨,395,19.79,28.74,21.72,1.57,100,2.25
1105,교촌치킨_닭튀김_교촌순살 치킨 (S),395,19.79,28.74,21.72,1.57,100,2.25
1106,교촌치킨_닭튀김_교촌오리지날 치킨,314,15.73,28.68,17.27,1.25,100,1.19
1107,닭죽,111,18.13,7.7,0.55,0.9,100,0.98
1108,닭죽_채소,111,16.57,5.56,2.05,0.6,100,0.76
1109,닭찜,134,10.01,10.3,5.6,1.1,100,2.97
1110,닭찜_간장,111,7.57,8.97,4.8,0.6,100,1.29
1111,GS 리테일 심플리쿡_닭찜_간편조리세트_안동식 찜닭,136,19.38,7.22,3.32,1.1,968,6.23
1112,닭찜_매운양념,106,6.18,9.16,4.87,1.1,100,1.66
1113,닭찜_안동찜닭,91,9.3,7.61,2.59,2.0,1500,4.45
1114,GS 리테일 심플리쿡_닭볶음(닭갈비)_간편조리세트_치즈이불 닭갈비,162,14.49,11.4,6.48,1.4,813,6.07
1115,닭볶음(닭갈비)_닭가슴살_피망,122,1.38,16.39,5.65,2.6,80,0.29
1116,닭볶음(닭갈비)_매운양념,165,14.5,13.93,5.76,1.9,100,4.65
1117,닭볶음(닭갈비)_매운양념_치즈,168,14.98,14.44,5.45,1.1,100,3.75
1118,닭볶음탕,111,8.52,11.91,3.22,1.5,300,0.42
1119,HY 잇츠온_닭볶음탕_간편조리세트_곱도리탕,107,10.62,6.66,4.21,1.4,1254,4.29
1120,닭조림,66,6.36,6.2,1.56,0.8,100,2.32
1121,닭조림_고추장,152,13.25,9.12,6.94,3.3,250,2.04
1122,피자마루_닭발구이_마닭 불닭발,156,4.72,21.4,8.28,0.31,180,5.09
1123,피자마루_닭발구이_무뼈닭발,169,5.11,17.34,8.97,0.34,235,5.83
1124,굽네치킨_닭발구이_불닭발,235,17.0,17.0,12.47,0.47,100,6.0
1125,봉수아피자_닭발구이_참숯닭발,340,10.29,22.0,18.04,0.68,200,2.0
1126,교촌치킨_닭발구이_한입쏙직화 닭발,148,4.48,11.88,7.85,0.3,100,7.31
1127,닭발볶음,186,11.72,13.8,9.38,2.6,200,6.37
1128,비비큐_닭발튀김_황올한 닭발튀김,448,23.83,17.63,24.63,1.79,100,1.88
1129,닭백숙,56,4.49,4.23,2.11,0.2,100,0.37
1130,닭볶음,137,12.63,14.7,3.01,1.5,100,3.65
1131,닭볶음(닭갈비),186,7.93,13.98,10.96,1.3,300,0.77
1132,HY 잇츠온_닭볶음(닭갈비)_간편조리세트_모짜렐라 치즈 닭갈비,150,13.82,11.59,5.41,1.9,862,6.51
1133,프레시지_닭볶음(닭갈비)_간편조리세트_치즈 품은 닭갈비,160,17.96,9.5,5.62,1.8,984,4.45
1134,비비큐_닭다리구이_자메이카 통다리구이 반마리,201,2.76,20.6,11.95,0.11,100,0.73
1135,닭다리조림,182,9.19,14.0,8.86,1.7,100,3.22
1136,닭다리튀김_간장,323,17.88,18.86,19.6,2.1,200,3.71
1137,호식이두마리치킨_닭다리튀김_다리 스틱,239,12.71,24.23,13.14,0.95,100,2.4
1138,지정환피자_닭다리튀김_봉 (5조각),202,10.75,24.22,11.11,0.81,180,2.13
1139,롯데리아_닭다리튀김_치킨다리 (1조각),184,9.79,13.61,10.12,0.73,82,0.0
1140,비비큐_닭다리튀김_황금올리브치킨 닭다리,244,12.98,20.78,13.42,0.97,100,0.96
1141,비비큐_닭다리튀김_황올 반+양념 반 닭다리 치킨,241,12.82,16.32,13.25,0.96,100,6.07
1142,닭도리탕,122,8.85,9.82,5.33,1.5,100,2.82
1143,닭모래집볶음,72,3.82,8.19,2.28,0.8,100,1.35
1144,닭모래집튀김,312,19.4,18.73,17.73,1.3,150,1.2
1145,자담치킨_닭모래집튀김_매콤똥집튀김,325,17.29,26.0,17.87,1.3,100,2.87
1146,닭발구이,196,9.7,18.15,9.41,3.0,220,0.31
1147,닭구이,110,3.31,10.59,5.71,0.2,100,1.22
1148,봉수아피자_닭구이_바베큐치킨스테이크,225,6.83,17.0,11.16,0.38,290,0.0
1149,비비큐_닭껍데기튀김_BBQ 닭껍데기,616,32.77,20.42,33.87,2.46,100,0.67
1150,닭꼬치구이,181,5.55,32.1,2.58,0.1,100,3.8
1151,닭날개구이,129,3.84,11.25,7.25,0.2,100,1.25
1152,닭다리구이,227,0.62,20.2,14.82,0.0,100,0.05
1153,비비큐_닭다리구이_자메이카 통다리구이,201,2.76,20.6,11.95,0.11,100,0.73
1154,피자스쿨_피자_치킨퀘사디아 피자,258,31.16,14.07,8.28,2.55,797,1.87
1155,닭고기 미역국,21,0.71,3.2,0.74,0.5,100,0.01
1156,닭고기 샐러드,88,2.82,6.7,5.55,0.7,100,0.61
1157,닭고기 탕수,95,8.8,7.4,3.15,0.4,100,2.66
1158,닭고기냉채,72,5.72,10.8,0.92,1.6,100,3.23
1159,닭고기육개장,43,1.96,4.35,2.06,0.9,100,0.48
1160,닭곰탕,51,2.0,7.51,1.42,0.7,650,0.3
1161,달래무침,82,10.23,3.1,3.88,3.1,100,3.8
1162,달래무침_오이,52,8.73,1.6,1.8,2.4,100,3.92
1163,닭가슴살 샐러드_드레싱,37,2.03,4.1,1.36,0.7,100,1.21
1164,닭가슴살 샐러드_마요네즈,54,2.82,4.0,2.96,0.8,100,1.13
1165,닭강정,146,12.02,13.5,4.3,0.2,100,3.09
1166,닭고기 덮밥,89,16.36,4.3,0.38,0.6,100,0.45
1167,달걀찜_당근,69,2.3,6.12,3.6,0.2,100,0.62
1168,달걀찜_두부,75,2.49,6.56,4.01,0.2,100,0.66
1169,달걀찜_새우젓,71,0.83,6.5,4.32,0.2,100,0.39
1170,달걀찜_우유,105,3.8,8.23,6.31,1.1,200,2.55
1171,달걀찜_채소,89,4.46,4.76,5.77,0.3,100,0.0
1172,달걀탕_순두부,29,0.94,1.78,2.04,0.8,350,0.0
1173,달걀튀김,256,14.74,10.2,16.26,0.7,100,0.58
1174,달걀후라이,184,3.07,11.0,13.45,0.0,100,0.2
1175,달래 된장국,39,2.55,3.0,1.85,1.2,100,0.79
1176,서대구이,161,0.71,25.1,5.77,0.0,100,0.0
1177,섞박지,41,7.43,2.3,0.84,3.3,100,2.77
1178,섞어찌개(모듬찌개),47,5.58,3.7,1.32,1.4,100,1.46
1179,선지해장국_내장,34,2.07,4.4,0.98,0.6,100,0.41
1180,선짓국,27,2.15,3.6,0.49,0.7,100,0.45
1181,선짓국_내장,45,1.97,5.4,1.63,0.6,100,0.37
1182,설렁탕,37,4.08,2.1,1.24,0.1,100,0.12
1183,세발나물무침,78,7.05,3.01,4.25,4.1,100,3.67
1184,피자헛_피자_치즈킹치즈크러스트 (L),263,26.84,13.21,11.19,2.6,1077,1.94
1185,피자헛_피자_치즈킹치즈크러스트 골드 (L),267,27.24,13.62,11.36,2.64,1109,1.88
1186,임실N치즈피자_피자_치즈팡 팬 (L),274,27.96,15.03,11.66,2.71,1005,3.45
1187,임실N치즈피자_피자_치즈팡 피자 라이스골드 (F),261,26.63,15.2,11.1,2.58,1688,3.69
1188,생선까스,198,10.89,15.3,9.57,0.6,100,0.47
1189,생선까스_소스,232,7.25,7.58,18.96,0.2,100,0.54
1190,생선전_가자미,154,4.61,17.17,7.38,0.9,150,0.2
1191,생선전_동태,179,7.02,15.09,10.03,2.3,150,0.15
1192,탐앤탐스_샤베트_메론코코샤베트,45,11.09,0.11,1.68,0.59,470,10.3
1193,탐앤탐스_샤베트_블루파인 샤베트,40,9.36,0.23,0.17,0.53,470,7.66
1194,탐앤탐스_샤베트_와인 샤베트,74,17.66,0.21,0.43,0.97,470,15.53
1195,프레시지_샤브샤브_간편조리세트_소고기 샤브샤브,34,2.99,2.71,1.26,0.7,1686,2.36
1196,GS 리테일 심플리쿡_샤브샤브_간편조리세트_소고기스키야키,76,8.65,6.23,1.78,0.4,1024,3.67
1197,신세계푸드 피코크_샤브샤브_간편조리세트_일호식 스키야키,51,3.64,3.36,2.6,0.7,1234,2.38
1198,샤브샤브_버섯,30,1.57,3.88,0.9,1.3,350,0.53
1199,샤브샤브_소고기,44,2.45,4.85,1.63,1.6,600,0.4
1200,뚜레쥬르_샐러드_포테이토&튜나샐러드,152,11.91,4.41,9.85,2.28,363,4.96
1201,투썸플레이스_샐러드_프레시리코타치즈 샐러드,167,13.08,5.42,10.83,2.5,203,8.37
1202,만두국_고기만두,44,5.44,2.24,1.48,1.1,100,0.25
1203,샐러드_양상추,126,3.42,4.91,10.3,2.5,150,1.58
1204,뚜레쥬르_샐러드_오렌지 그릴치킨 샐러드,71,5.56,5.29,4.6,1.06,340,3.24
1205,샐러드_옥수수,166,12.68,1.96,11.94,2.6,160,6.01
1206,샐러드_참치,151,7.52,10.82,8.65,2.5,150,6.91
1207,샐러드_채소,145,5.1,1.16,13.35,1.7,160,4.72
1208,롤링핀_샐러드_치킨콥 샐러드,124,6.4,5.8,8.4,1.86,410,3.6
1209,파스쿠찌_샐러드_치킨텐더 샐러드,133,10.42,7.76,8.62,1.99,232,4.31
1210,피자알볼로_샐러드_치킨텐더루꼴라샐러드,193,15.12,8.1,12.51,2.89,247,3.04
1211,롯데리아_샐러드_코울슬로,112,8.78,0.9,7.26,1.68,100,12.0
1212,피자알볼로_샐러드_콘샐러드,150,11.75,2.5,9.72,2.25,80,10.0
1213,뚜레쥬르_샐러드_콥볼샐러드(R),101,7.91,6.54,6.55,1.51,306,0.98
1214,뚜레쥬르_샐러드_콥볼샐러드(S),106,8.3,6.06,6.87,1.59,165,1.21
1215,뚜레쥬르_샐러드_콥샐러드,108,8.46,6.94,7.0,1.62,274,1.83
1216,뚜레쥬르_샐러드_토마토치킨샐러드,152,11.91,5.22,9.85,2.28,115,3.48
1217,뚜레쥬르_샐러드_토마토칠리 핫도그 샐러드 박스,194,15.2,6.41,12.58,2.9,234,4.7
1218,커피빈_샐러드_트리플 치즈 샐러드,164,15.27,5.91,8.71,2.46,203,7.07
1219,뚜레쥬르_샐러드_포테이토&튜나 샐러드,174,13.63,4.41,11.28,2.61,363,4.96
1220,뚜레쥬르_샐러드_리코타그릴치킨샐러드(R),99,7.76,4.28,6.42,1.48,304,3.29
1221,뚜레쥬르_샐러드_리코타그릴치킨샐러드(S),93,7.29,4.07,6.03,1.39,172,3.49
1222,샐러드_마카로니,140,13.76,2.37,8.17,0.8,100,2.72
1223,뚜레쥬르_샐러드_맥앤치즈 핫도그 샐러드 박스,194,15.2,5.98,12.58,2.9,234,3.42
1224,뚜레쥬르_샐러드_머쉬룸불고기샐러드,85,6.66,4.59,5.51,1.27,218,4.13
1225,뚜레쥬르_샐러드_멕시칸치킨 샐러드,134,10.5,8.92,8.69,2.01,314,0.96
1226,피자알볼로_샐러드_모짜렐라루꼴라샐러드,210,16.45,6.93,13.61,3.14,202,3.47
1227,뚜레쥬르_샐러드_베이컨크랜베리치킨샐러드,204,15.98,6.8,13.22,3.05,206,3.4
1228,뚜레쥬르_샐러드_불고기분짜누들샐러드,126,9.87,4.29,8.17,1.89,350,5.71
1229,샐러드_새싹,74,4.96,2.77,4.81,1.5,100,2.26
1230,교촌치킨_샐러드_샐러드,15,1.18,1.0,0.97,0.22,100,0.0
1231,투썸플레이스_샐러드_쉬림프에그 샐러드,83,6.5,6.92,5.38,1.24,159,4.4
1232,뚜레쥬르_샐러드_쉬림프에그샐러드(S),126,9.87,6.01,8.17,1.89,183,2.19
1233,뚜레쥬르_샐러드_스파이시쉬림프 샐러드,109,8.54,7.35,7.07,1.63,313,1.28
1234,롤링핀_샐러드_시저치킨 샐러드,126,2.2,15.0,6.4,1.89,270,2.2
1235,뚜레쥬르_샐러드_썸머타코치킨샐러드,91,7.13,4.0,5.9,1.36,275,5.82
1236,샐러드_양배추,150,8.47,2.69,11.71,2.6,150,7.95
1237,샐러드_양배추_코올슬로,153,14.89,0.95,9.91,1.9,100,12.19
1238,샐러드_감자,126,12.25,1.31,7.99,1.8,150,3.75
1239,샐러드_고구마,185,26.84,1.81,7.79,3.0,100,14.98
1240,롤링핀_샐러드_과일리코타 샐러드,111,11.4,3.2,5.8,1.66,260,8.4
1241,투썸플레이스_샐러드_과카몰리치킨 샐러드,94,7.36,4.15,6.09,1.41,217,1.38
1242,할리스_샐러드_그릴드 치킨 샐러드,99,7.76,6.4,6.42,1.48,203,4.93
1243,투썸플레이스_샐러드_그릴드치킨 샐러드,60,4.7,7.25,3.89,0.9,207,0.97
1244,파스쿠찌_샐러드_그릴드치킨 시저 샐러드,104,8.15,7.49,6.74,1.56,227,3.52
1245,뚜레쥬르_샐러드_그릴치킨오렌지샐러드,71,5.56,5.29,4.6,1.06,340,3.24
1246,샐러드_단호박,128,10.28,1.23,9.49,2.3,100,3.45
1247,피자알볼로_샐러드_단호박+고구마샐러드 (160g),202,15.83,0.94,13.1,3.02,160,10.0
1248,피자알볼로_샐러드_단호박+고구마샐러드 (310g),202,15.83,1.0,13.1,3.02,310,10.4
1249,뚜레쥬르_샐러드_단호박리코타과일샐러드,176,13.79,2.65,11.41,2.64,264,9.09
1250,샐러드_닭가슴살,135,5.36,7.17,9.49,3.1,150,3.25
1251,투썸플레이스_샐러드_두부포케 샐러드,102,7.99,3.52,6.61,1.53,199,5.53
1252,피자알볼로_샐러드_루꼴라샐러드,181,14.18,2.47,11.73,2.71,162,4.32
1253,뚜레쥬르_샐러드_리코타그릴치킨샐러드,164,12.85,5.53,10.63,2.46,235,5.96
1254,메가커피_샌드위치_햄앤치즈샌드,281,28.42,8.0,13.56,2.17,75,12.0
1255,커피에반하다_샌드위치_햄에그 치아바타,266,26.9,12.9,12.84,2.06,155,3.23
1256,커피:니_샌드위치_햄에그 파니니,304,30.74,12.9,14.67,2.35,155,2.58
1257,더리터_샌드위치_햄치즈 리터샌드,323,30.67,6.67,15.59,2.5,75,10.67
1258,파스쿠찌_샌드위치_햄치즈 멀티그레인 파니니,232,23.46,7.9,11.2,1.79,190,3.16
1259,커피:니_샌드위치_햄치즈 샌드위치,378,38.23,12.08,18.24,2.92,77,5.71
1260,카페게이트_샌드위치_햄치즈 샌드위치,255,25.79,11.52,12.31,1.97,243,6.17
1261,탐앤탐스_샌드위치_햄치즈 샌드위치,185,27.56,5.51,5.91,1.43,254,3.54
1262,커피베이_샌드위치_햄치즈 잉글리쉬머핀,259,26.19,11.67,12.5,2.0,120,6.67
1263,커피베이_샌드위치_햄치즈 잉글리쉬머핀 샌드위치,259,26.19,11.67,12.5,2.0,120,6.67
1264,뚜레쥬르_샌드위치_햄치즈에그샌드위치,196,19.82,5.6,9.46,1.51,250,4.8
1265,바나프레소_샌드위치_햄치즈잉글리시 머핀,314,43.08,12.12,15.15,2.43,110,4.69
1266,바나프레소_샌드위치_햄치즈잉글리시머핀 샌드위치,259,25.0,11.67,12.5,2.0,120,6.67
1267,뚜레쥬르_샌드위치_햄치즈토마토치아바타,165,16.69,7.0,7.96,1.27,200,4.0
1268,크로플덕오리아가씨_샌드위치_햄치토 크로와상 샌드위치,137,12.61,3.48,8.26,1.06,230,3.04
1269,엔제리너스_샌드위치_훈제베이컨에그 반미 샌드위치,218,22.14,11.07,10.52,1.68,262,1.53
1270,GS 리테일 심플리쿡_샐러드_간편조리세트_콥샐러드&시저드레싱,129,4.55,8.75,8.4,0.9,486,1.89
1271,임실N치즈피자_피자_치즈팡 피자 라이스골드 (L),274,27.96,15.02,11.66,2.71,1305,2.8
1272,토프레소_샌드위치_할라피뇨 치킨 샌드위치,169,17.09,9.94,8.16,1.31,181,2.76
1273,투썸플레이스_샌드위치_할라피뇨스테이크바게트 샌드위치,244,24.68,10.25,11.78,1.89,244,3.28
1274,뚜레쥬르_샌드위치_함박미니버거샌드위치,222,22.45,9.03,10.71,1.72,228,7.64
1275,더리터_샌드위치_핫치킨 바게트샌드,294,30.72,12.86,14.19,2.27,140,5.71
1276,바나프레소_샌드위치_핫치킨 파니니,289,37.48,14.72,13.95,2.23,120,6.11
1277,커피베이_샌드위치_햄 에그 번 샌드위치,285,28.82,7.84,13.75,2.2,218,7.25
1278,파스쿠찌_샌드위치_햄 에그 크라상 샌드위치,218,22.05,7.86,10.52,1.68,100,3.02
1279,파스쿠찌_샌드위치_햄 치즈 크라상 샌드위치,253,25.59,10.0,12.21,1.95,150,1.33
1280,스타벅스_샌드위치_햄&루꼴라 올리브 샌드위치,197,19.92,10.53,9.51,1.52,190,2.11
1281,달콤_샌드위치_햄&에그 로메인 샌드위치,203,20.53,9.85,9.8,1.57,264,3.79
1282,엔제리너스_샌드위치_햄&에그 반미 샌드위치,164,21.93,7.81,7.92,1.27,269,1.12
1283,할리스_샌드위치_햄&치즈 프레시 샌드위치,191,19.32,8.76,9.22,1.48,217,1.84
1284,뚜레쥬르_샌드위치_햄&치즈라우겐샌드위치,270,27.31,10.43,13.03,2.09,163,3.07
1285,뚜레쥬르_샌드위치_햄&포테이토샐러드샌드위치,206,20.83,6.36,9.94,1.59,330,5.76
1286,샌드위치_햄_달걀,220,15.64,12.44,11.92,1.7,200,1.9
1287,샌드위치_햄_치즈,284,26.95,8.57,15.75,0.8,100,4.13
1288,샌드위치_햄_치즈_채소,214,21.55,8.66,10.38,5.5,100,4.67
1289,이디야_샌드위치_햄앤치즈 샌드위치,269,27.2,7.5,12.98,2.08,80,11.25
1290,투썸플레이스_샌드위치_트리플머쉬룸치즈 파니니,164,16.59,7.52,7.92,1.27,226,2.65
1291,카페띠아모_샌드위치_티라미수 샌디,249,25.18,3.87,12.02,1.92,297,16.4
1292,할리스_샌드위치_페스토 햄 모짜렐라 샌드위치,243,24.57,13.51,11.73,1.88,185,4.32
1293,할리스_샌드위치_페스토 햄 파니니,243,24.57,13.51,11.73,1.88,185,4.32
1294,투썸플레이스_샌드위치_페스토햄치즈 파니니,269,27.2,11.29,12.98,2.08,186,1.61
1295,카페베네_샌드위치_페퍼로니 머쉬룸 깜빠뉴,303,30.64,16.11,14.62,2.34,180,0.56
1296,이디야_샌드위치_페퍼로니 샌드위치,265,26.8,13.33,12.79,2.05,150,2.0
1297,바나프레소_샌드위치_페퍼로니 파니니,305,34.33,9.08,14.72,2.36,120,3.03
1298,이디야_샌드위치_페퍼로니 피자 샌드위치,287,29.02,13.33,13.85,2.22,150,4.67
1299,더벤티_샌드위치_페퍼로니포카치아,235,23.77,7.03,11.34,1.82,185,4.87
1300,더리터_샌드위치_포테이토 사라다빵,266,36.67,5.0,12.84,2.06,120,8.33
1301,파스쿠찌_샌드위치_프로방스 바질 치킨 파니니,193,19.52,9.05,9.31,1.49,210,2.38
1302,파스쿠찌_샌드위치_프룻티아 오 샌드 스트로베리,344,34.79,6.25,16.6,2.66,80,10.0
1303,스타벅스_샌드위치_플랜트 햄&루꼴라 샌드위치,178,18.0,5.56,8.59,1.38,180,4.44
1304,뚜레쥬르_샌드위치_피크닉튜나 샌드위치,251,25.38,8.23,12.11,1.94,243,6.17
1305,파스쿠찌_샌드위치_필리 스테이크 바게트 파니니,227,22.96,8.18,10.96,1.75,220,4.55
1306,파스쿠찌_샌드위치_필리스테이크바게트 파니니,227,22.96,8.18,10.96,1.75,220,4.55
1307,파스쿠찌_샌드위치_할라피뇨 시저 치킨 파니니,231,23.36,11.11,11.15,1.78,180,1.11
1308,드롭탑_샌드위치_크로크무슈,294,29.73,13.75,6.25,2.27,160,3.75
1309,요거프레소_샌드위치_크로크무슈,163,16.48,7.14,7.87,1.26,140,11.43
1310,카페띠아모_샌드위치_크로크무슈,277,28.01,7.14,13.37,2.14,140,11.43
1311,메가커피_샌드위치_크로크무슈,260,25.72,11.43,12.14,2.01,140,2.86
1312,할리스_샌드위치_크로크무슈,286,28.92,10.63,13.8,2.21,160,3.13
1313,뚜레쥬르_샌드위치_크로크무슈,338,34.18,11.04,16.31,2.61,145,6.9
1314,뚜레쥬르_샌드위치_크리미크랩샌드위치,204,20.63,4.49,9.85,1.58,267,6.37
1315,투썸플레이스_샌드위치_클래식루벤 샌드위치,218,22.05,13.62,10.52,1.68,213,1.88
1316,뚜레쥬르_샌드위치_클래식잠봉뵈르,314,31.75,13.89,15.15,2.43,180,1.11
1317,투썸플레이스_샌드위치_토마토모짜렐라 샌드위치,247,18.54,10.67,14.61,1.91,178,2.81
1318,롤링핀_샌드위치_토마토아이올리 샌드위치,221,20.5,9.5,11.2,1.71,195,2.1
1319,뚜레쥬르_샌드위치_통밀크랜베리치킨샌드위치,248,25.08,8.26,11.97,1.92,242,7.44
1320,뚜레쥬르_샌드위치_통밀튜나 샌드위치,270,27.31,8.2,13.03,2.09,242,8.2
1321,뚜레쥬르_샌드위치_통밀튜나샌드위치,135,13.65,4.1,6.52,1.04,244,8.2
1322,뚜레쥬르_샌드위치_통밀후레쉬 샌드위치,211,21.34,7.89,10.18,1.63,228,6.14
1323,뚜레쥬르_샌드위치_통밀후레쉬 샌드위치 (H),211,21.34,7.89,10.18,1.63,114,6.14
1324,뚜레쥬르_샌드위치_통밀후레쉬샌드위치,196,19.82,6.96,9.46,1.51,230,6.14
1325,달콤_샌드위치_트리플 치즈 포카치아,304,30.74,15.71,14.67,2.35,70,1.43
1326,카페띠아모_샌드위치_쿠키 & 크림 샌디,260,26.29,3.6,12.55,2.01,308,17.31
1327,할리스_샌드위치_크랜베리 치킨 샌드위치,238,24.07,7.5,11.49,1.84,240,9.58
1328,스타벅스_샌드위치_크랜베리 치킨 치즈 샌드위치,220,22.25,8.76,10.62,1.7,194,4.12
1329,뚜레쥬르_샌드위치_크랜베리치킨 베이글 샌드위치,233,23.56,9.02,11.25,1.8,266,6.77
1330,투썸플레이스_샌드위치_크랜베리치킨 샌드위치,197,20.9,7.79,9.02,1.52,244,6.15
1331,뚜레쥬르_샌드위치_크랜베리치킨베이글샌드위치,233,23.56,9.02,11.25,1.8,266,6.77
1332,뚜레쥬르_샌드위치_크랜베리치킨샌드위치,209,21.14,6.59,10.09,1.62,258,4.26
1333,뚜레쥬르_샌드위치_크랜베리치킨패스트리,279,28.22,7.84,13.47,2.16,204,6.37
1334,토프레소_샌드위치_크로크 무슈,422,42.68,20.0,20.37,3.26,140,3.57
1335,이디야_샌드위치_크로크 무슈,269,27.2,11.18,12.98,2.08,170,2.94
1336,커피베이_샌드위치_크로크 무슈,257,25.99,11.18,12.4,1.99,170,2.35
1337,카페게이트_샌드위치_크로크무슈,422,42.68,20.0,20.37,3.26,140,3.57
1338,달콤_샌드위치_크로크무슈,361,36.51,20.87,17.42,2.79,115,4.35
1339,투썸플레이스_샌드위치_크로크무슈,277,28.01,14.89,13.37,2.14,141,3.55
1340,커피에반하다_샌드위치_크로크무슈,257,25.99,42.94,12.4,1.99,170,2.35
1341,커피마마_샌드위치_크로크무슈,277,28.01,7.14,13.37,2.14,140,11.43
1342,카페베네_샌드위치_크로크무슈,270,27.31,11.88,13.03,2.09,160,2.5
1343,이디야_샌드위치_크로크무슈,269,27.2,11.18,12.98,2.08,170,2.94
1344,파리바게뜨_샌드위치_치즈 파니니,282,28.52,10.26,13.61,2.18,78,2.56
1345,뚜레쥬르_샌드위치_치즈어니언치킨샌드위치,249,25.18,8.16,12.02,1.92,245,4.49
1346,파스쿠찌_샌드위치_치킨 베이컨 멀티그레인 샌드위치,284,28.72,9.77,13.71,2.19,215,4.19
1347,파스쿠찌_샌드위치_치킨 샐러드 통밀 샌드위치,183,18.51,6.81,8.83,1.41,235,5.11
1348,파스쿠찌_샌드위치_치킨 치폴레 포카챠 샌드위치,200,20.23,9.33,9.65,1.55,150,0.67
1349,스타벅스_샌드위치_치킨 클럽,202,20.43,8.75,9.75,1.56,240,2.08
1350,뚜레쥬르_샌드위치_치킨&아보카도샌드위치,206,20.83,12.94,9.94,1.59,255,2.75
1351,파스쿠찌_샌드위치_치킨브레스트 곡물 샌드위치,187,18.91,8.7,9.03,1.44,230,3.91
1352,뚜레쥬르_샌드위치_치킨페스토곡물샌드위치,231,23.36,13.74,11.15,1.78,262,4.2
1353,투썸플레이스_샌드위치_칠리소시지바게트 샌드위치,233,23.56,10.92,11.25,1.8,238,2.52
1354,커피:니_샌드위치_카야치즈토스트,270,27.31,7.04,13.03,2.09,142,14.72
1355,더리터_샌드위치_카야크림 리터샌드,289,36.25,6.25,13.95,2.23,80,18.75
1356,커피:니_샌드위치_카야토스트,286,28.92,5.07,13.8,2.21,138,14.78
1357,커피베이_샌드위치_콘 치즈 샌드위치,237,23.97,5.38,11.44,1.83,143,4.48
1358,메가커피_샌드위치_콘참치샌드,201,20.33,5.0,9.7,1.55,80,11.25
1359,투썸플레이스_샌드위치_콤비네이션 샌드위치,183,18.51,8.47,8.83,1.41,189,5.29
1360,바나프레소_샌드위치_콰트로치즈 파니니,285,37.35,13.81,13.75,2.2,120,4.19
1361,임실N치즈피자_피자_치즈팡 피자 라이스골드 (R),287,29.29,15.43,12.21,2.84,745,3.85
1362,파스쿠찌_샌드위치_이탈리안 클래식 파니니,220,22.25,10.29,10.62,1.7,175,1.71
1363,이디야_샌드위치_잉글리쉬 머핀,199,20.12,9.29,9.6,1.54,140,1.43
1364,드롭탑_샌드위치_잉글리쉬 머핀 샌드위치,282,28.52,10.0,5.0,2.18,140,3.57
1365,공차_샌드위치_잉글리쉬 머핀 샌드위치,218,24.17,11.67,8.33,1.68,120,3.33
1366,커피에반하다_샌드위치_잉글리쉬머핀 샌드위치,100,10.11,4.95,4.83,0.77,283,1.06
1367,파스쿠찌_샌드위치_잠봉 멀티그레인 파니니,248,25.08,8.0,11.97,1.92,200,2.5
1368,커피베이_샌드위치_잠봉뵈르 샌드위치,418,42.27,8.84,20.17,3.23,181,0.5
1369,카페베네_샌드위치_잠봉뵈르 샌드위치,290,29.33,15.48,14.0,2.24,155,2.58
1370,뚜레쥬르_샌드위치_잠봉뵈르소금버터롤,376,38.02,16.53,18.15,2.91,121,8.26
1371,스타벅스_샌드위치_제주 흑돼지 아보카도 샌드위치,216,21.84,7.78,10.42,1.67,167,3.59
1372,메가커피_샌드위치_제주당근에그마요 샌드위치,261,26.4,10.0,12.6,2.02,139,2.01
1373,뚜레쥬르_샌드위치_차지키레드치킨샌드,192,19.42,13.25,9.27,1.48,151,4.64
1374,샌드위치_참치,202,13.78,10.54,11.65,1.7,250,1.38
1375,따삐오_샌드위치_참치클럽 샌드위치,196,19.82,8.0,9.46,1.51,304,3.0
1376,샌드위치_채소,244,23.82,4.08,14.75,2.5,180,14.26
1377,따삐오_샌드위치_추억의야채사라다빵,161,16.28,4.0,7.77,1.24,414,6.0
1378,할리스_샌드위치_치즈 에그 브리오슈,277,28.01,10.0,13.37,2.14,140,6.43
1379,이디야_샌드위치_에그 베이컨 과카몰리 샌드위치,218,22.05,10.0,10.52,1.68,180,2.22
1380,더리터_샌드위치_에그 사라다빵,298,26.67,9.17,14.38,2.3,120,6.67
1381,파스쿠찌_샌드위치_에그&올리브 베이글 샌드위치,181,18.3,6.25,8.74,1.4,240,2.08
1382,바나프레소_샌드위치_에그듬뿍모닝 샌드위치,189,12.52,5.46,7.8,1.0,90,3.9
1383,엔제리너스_샌드위치_에그마요 반미 샌드위치,237,20.86,7.95,11.44,1.83,302,0.99
1384,카페게이트_샌드위치_에그마요 샌드위치,257,25.99,8.39,12.4,1.99,310,2.9
1385,더벤티_샌드위치_에그마요 소금빵,259,26.19,9.15,12.5,2.0,153,1.31
1386,파스쿠찌_샌드위치_에그멜팅 불고기 파니니,240,24.27,9.52,11.58,1.85,210,3.33
1387,뚜레쥬르_샌드위치_에그쉬림프 샌드위치,205,20.73,7.59,9.89,1.58,224,5.36
1388,뚜레쥬르_샌드위치_에그쏙 텐더샌드위치,188,19.01,6.46,9.07,1.45,325,4.31
1389,뚜레쥬르_샌드위치_에그쏙텐더 샌드위치,183,18.51,6.77,8.83,1.41,325,4.31
1390,뚜레쥬르_샌드위치_에그튜나 샌드위치,254,25.69,8.96,12.26,1.96,268,5.22
1391,뚜레쥬르_샌드위치_에그튜나샌드위치,231,23.36,9.33,11.15,1.78,268,5.22
1392,크로플덕오리아가씨_샌드위치_여봉 잠봉뵈르 먹어 크로와상 샌드위치,367,22.0,13.0,24.0,2.84,100,3.0
1393,엔제리너스_샌드위치_오리지널 불고기 반미 샌드위치,182,21.52,9.6,8.78,1.41,302,3.64
1394,할리스_샌드위치_올리브 베이컨 치아바타 샌드위치,283,28.62,12.63,13.66,2.19,198,1.52
1395,할리스_샌드위치_올리브 베이컨 파니니,283,28.62,12.63,13.66,2.19,198,1.52
1396,투썸플레이스_샌드위치_올리브치킨 파니니,265,26.8,16.02,12.79,2.05,206,0.49
1397,빽다방_샌드위치_사라다빵,206,20.83,4.8,9.94,1.59,100,4.27
1398,롤링핀_샌드위치_살라미에멘탈 샌드위치,208,25.1,7.7,8.5,1.61,180,4.0
1399,파스쿠찌_샌드위치_샐러드빵,185,18.71,6.92,8.93,1.43,130,8.46
1400,샌드위치_생선,257,26.69,10.29,12.45,1.0,100,3.53
1401,샌드위치_소고기,244,22.21,15.17,10.3,1.3,100,3.84
1402,카페베네_샌드위치_소불고기 깜빠뉴 샌드위치,230,23.26,10.0,11.1,1.78,140,1.43
1403,샌드위치_소시지,276,23.74,10.3,15.57,1.4,100,3.56
1404,할리스_샌드위치_소프트 잠봉뵈르 샌드위치,277,28.01,9.14,13.37,2.14,175,2.86
1405,뚜레쥬르_샌드위치_쉬림프아삭패스트리,269,27.2,8.06,12.98,2.08,186,5.38
1406,뚜레쥬르_샌드위치_쉬림프에그마요샌드위치,204,20.63,7.94,9.85,1.58,252,4.76
1407,투썸플레이스_샌드위치_스크램블에그 샌드위치,279,28.22,10.59,13.47,2.16,170,4.12
1408,투썸플레이스_샌드위치_스파이시치킨샐러드랩,193,19.52,6.44,9.31,1.49,233,2.58
1409,카페게이트_샌드위치_스피니치불고기 샌드위치,287,29.02,14.9,13.85,2.22,255,7.06
1410,투썸플레이스_샌드위치_식물성대체육옴미니트샐러드랩,198,20.02,6.94,9.56,1.53,245,2.45
1411,뚜레쥬르_샌드위치_씨앗곡물튜나샌드,286,28.92,13.77,13.8,2.21,138,4.35
1412,할리스_샌드위치_에그 마요 샌드위치,219,22.15,10.0,10.57,1.69,250,2.0
1413,커피베이_샌드위치_에그 반미 샌드위치,316,31.96,8.55,15.25,2.44,248,4.4
1414,커피베이_샌드위치_에그 번 샌드위치,289,29.23,6.95,13.95,2.23,200,7.85
1415,뚜레쥬르_샌드위치_반숙란샌드위치,226,22.86,10.14,10.91,1.75,286,5.6
1416,메가커피_샌드위치_버터버터 마늘 크로크무슈,294,34.67,12.67,11.33,2.27,150,5.33
1417,메가커피_샌드위치_버터버터 에그베이컨 샌드위치,281,17.39,7.83,20.0,2.17,115,6.09
1418,크로플덕오리아가씨_샌드위치_버터품은 설탕치즈 크로와상 샌드위치,293,32.5,8.75,20.0,2.26,80,10.0
1419,투썸플레이스_샌드위치_베리머치감자 샌드위치,238,24.07,3.33,11.49,1.84,120,6.67
1420,투썸플레이스_샌드위치_베리머치에그 샌드위치,324,32.77,8.57,15.64,2.5,105,1.9
1421,투썸플레이스_샌드위치_베이컨체다 베이글,283,28.62,10.12,13.66,2.19,168,5.36
1422,파스쿠찌_샌드위치_부드러운 에그마요 샌드위치,254,25.69,7.92,12.26,1.96,240,2.92
1423,커피:니_샌드위치_불고기 파니니,261,26.4,8.15,12.6,2.02,135,2.22
1424,뚜레쥬르_샌드위치_불고기가득샌드위치,205,20.73,7.27,9.89,1.58,220,5.45
1425,카페게이트_샌드위치_불고기더블치즈 샌드위치,251,25.38,12.02,12.11,1.94,258,5.43
1426,뚜레쥬르_샌드위치_불고기반미샌드위치,216,21.84,5.62,10.42,1.67,178,7.3
1427,뚜레쥬르_샌드위치_불고기치즈 바게트,279,28.22,10.91,13.47,2.16,165,4.24
1428,더벤티_샌드위치_불고기포카치아,241,24.37,9.71,11.63,1.86,170,1.35
1429,스타벅스_샌드위치_브렉퍼스트 잉글리쉬 머핀,260,26.29,12.0,12.55,2.01,150,2.0
1430,파스쿠찌_샌드위치_브리젤라,253,25.59,5.26,12.21,1.95,95,16.84
1431,더리터_샌드위치_블루베리 리터샌드,353,38.57,5.71,17.04,2.73,70,15.72
1432,토프레소_샌드위치_비프&에그 샌드위치,213,21.54,10.45,10.28,1.65,220,1.82
1433,카페띠아모_샌드위치_리코타 딸기 샌디,225,22.75,3.38,10.86,1.74,320,18.0
1434,더리터_샌드위치_리터샌드,381,37.5,10.0,18.39,2.94,80,8.75
1435,뚜레쥬르_샌드위치_매콤치킨랩 샌드위치,182,18.41,8.0,8.78,1.41,250,13.6
1436,커피에반하다_샌드위치_먹물치킨 치아바타,213,21.54,15.56,10.28,1.65,135,1.48
1437,투썸플레이스_샌드위치_멕시칸 파니니,264,26.7,13.76,12.74,2.04,218,2.75
1438,커피:니_샌드위치_멜팅치즈 샌드위치,329,33.27,13.33,15.88,2.54,120,5.0
1439,투썸플레이스_샌드위치_멜팅치즈&비프 샌드위치,171,17.29,11.42,8.25,1.32,219,2.28
1440,샌드위치_모듬,193,8.44,9.5,13.44,1.9,220,0.6
1441,파스쿠찌_샌드위치_모르타델라 포카챠 샌드위치,237,23.97,4.17,11.44,1.83,120,0.83
1442,스타벅스_샌드위치_무화과 햄 바게트 샌드위치,293,29.63,7.86,14.14,2.26,140,9.29
1443,커피베이_샌드위치_미트 번 샌드위치,254,25.69,5.89,12.26,1.96,270,7.26
1444,카페베네_샌드위치_바베큐 치킨 깜빠뉴 샌드위치,273,27.61,14.0,13.18,2.11,150,2.67
1445,더리터_샌드위치_바베큐치킨 바게트샌드,269,31.43,12.86,12.98,2.08,140,6.43
1446,투썸플레이스_샌드위치_바베큐치킨 파니니,159,16.08,14.75,7.67,1.23,217,8.29
1447,뚜레쥬르_샌드위치_바삭몬테크리스토,287,29.02,8.88,13.85,2.22,169,10.06
1448,토프레소_샌드위치_바질 토마토&치킨 샌드위치,205,20.73,10.77,9.89,1.58,195,3.59
1449,뚜레쥬르_샌드위치_바질치킨통밀샌드위치,189,19.11,8.42,9.12,1.46,190,7.37
1450,할리스_샌드위치_반반마요 에그 감자 샌드위치,240,24.27,9.12,11.58,1.85,285,3.16
1451,뚜레쥬르_샌드위치_그릴치킨&당근라페샌드위치,169,17.09,10.29,8.16,1.31,204,5.39
1452,뚜레쥬르_샌드위치_기본좋은베이글샌드위치,188,19.01,7.52,9.07,1.45,226,3.54
1453,엔제리너스_샌드위치_꽃살크래미 반미 샌드위치,181,25.28,5.58,8.74,1.4,269,3.35
1454,스타벅스_샌드위치_단호박 에그 샌드위치,186,18.81,6.32,8.98,1.44,190,3.16
1455,달콤_샌드위치_단호박 크림치즈 샌드위치,164,16.59,4.38,7.92,1.27,274,6.2
1456,투썸플레이스_샌드위치_단호박크림치즈 샌드위치,181,23.36,4.38,7.66,1.4,274,6.2
1457,샌드위치_닭가슴살,240,20.96,12.18,11.92,2.4,230,3.09
1458,할리스_샌드위치_닭가슴살 프레시 샌드위치,178,18.0,8.86,8.59,1.38,237,3.8
1459,샌드위치_닭고기,250,20.89,16.28,11.19,1.4,100,3.64
1460,커피에반하다_샌드위치_대만식 샌드위치 에그듬뿍샌드,296,29.93,7.5,14.29,2.29,80,5.0
1461,커피에반하다_샌드위치_대만식 샌드위치 초코크림샌드,329,33.27,5.71,15.88,2.54,70,17.14
1462,커피에반하다_샌드위치_대만식 샌드위치 햄치즈,234,23.66,11.69,11.29,1.81,77,5.19
1463,달콤_샌드위치_더블햄모짜렐라 샌드위치,192,19.42,7.14,9.27,1.48,210,3.33
1464,스타벅스_샌드위치_돌코롬 쫍지롱 와플 샌드,383,38.73,7.14,18.48,2.96,210,16.67
1465,커피베이_샌드위치_딸기 에그 번 샌드위치,286,28.92,6.37,13.8,2.21,215,13.16
1466,드롭탑_샌드위치_떡갈비 치즈 곡물 샌드위치,153,15.47,1.93,7.25,1.18,207,8.7
1467,뚜레쥬르_샌드위치_레드타코치킨샌드위치,179,18.1,7.23,8.64,1.38,249,5.62
1468,파스쿠찌_샌드위치_룻티아 오 샌드 피넛,394,39.85,6.25,19.02,3.04,80,13.75
1469,투썸플레이스_샌드위치_B.E.L.T. 샌드위치,222,25.38,7.95,9.85,1.72,264,4.92
1470,스타벅스_샌드위치_B.E.L.T. 샌드위치,191,19.32,8.09,9.22,1.48,235,2.98
1471,뚜레쥬르_샌드위치_B.E.L.T샌드위치,182,18.41,8.05,8.78,1.41,236,3.81
1472,탐앤탐스_샌드위치_B.L.T 샌드위치,225,30.29,8.3,7.88,1.74,241,3.32
1473,카페게이트_샌드위치_B.L.T.E 샌드위치,187,18.91,7.67,9.03,1.44,300,4.67
1474,뚜레쥬르_샌드위치_BELT 샌드위치,176,17.8,5.93,8.49,1.36,236,3.39
1475,할리스_샌드위치_BELT 클럽 샌드위치,232,23.46,9.47,11.2,1.79,190,3.16
1476,파스쿠찌_샌드위치_BLT 샌드위치,190,19.21,7.62,9.17,1.47,210,3.81
1477,따삐오_샌드위치_BLT 샌드위치,243,24.57,8.0,11.73,1.88,309,2.0
1478,파스쿠찌_샌드위치_NEW 파니니 불고기 에그,241,24.37,10.45,11.63,1.86,220,2.27
1479,뚜레쥬르_샌드위치_NEW아삭햄치즈패스트리,210,21.24,5.94,10.14,1.62,219,5.02
1480,뚜레쥬르_샌드위치_TLJ오리지널BELT샌드위치,201,20.33,6.64,9.7,1.55,226,3.1
1481,뚜레쥬르_샌드위치_V.E.L.T샌드위치,179,18.1,6.94,8.64,1.38,288,3.82
1482,바나프레소_샌드위치_게살듬뿍모닝 샌드위치,140,9.26,3.59,9.67,1.08,90,3.28
1483,드롭탑_샌드위치_고르곤졸라 불고기 파니니,228,23.06,9.0,1.5,1.76,200,27.0
1484,뚜레쥬르_샌드위치_고소한햄에그샌드위치,209,21.14,9.16,10.09,1.62,273,2.2
1485,커피빈_샌드위치_그릭치킨 샌드위치,184,22.22,12.22,5.0,1.42,180,2.78
1486,뚜레쥬르_샌드위치_그릴치킨 당근라페 샌드위치,167,16.89,10.29,8.06,1.29,204,6.37
1487,새우탕,40,2.51,6.2,0.56,0.8,100,0.89
1488,GS 리테일 심플리쿡_새우탕_간편조리세트_전복민물새우탕,56,10.07,2.85,0.45,0.5,1589,0.91
1489,새우튀김,145,16.54,7.1,5.52,1.0,100,2.22
1490,봉수아피자_새우튀김_새우링,265,30.21,8.0,10.14,1.83,140,2.0
1491,피자스쿨_새우튀김_새우링,239,27.25,7.0,9.15,1.65,100,0.7
1492,피자마루_새우튀김_새우링(2조각),244,27.82,8.42,9.34,1.68,50,1.78
1493,피자마루_새우튀김_새우링(4조각),244,27.82,8.42,9.34,1.68,100,1.77
1494,피자마루_새우튀김_새우링(8조각),244,27.82,8.42,9.34,1.68,200,1.77
1495,비비큐_새우튀김_새우스틱 (2개),271,30.89,8.3,10.37,1.87,100,0.97
1496,비비큐_새우튀김_타르타르 새우튀김 (5개),295,33.63,6.1,11.29,2.03,100,1.18
1497,새우튀김롤,202,32.09,4.82,6.06,2.5,300,3.71
1498,파스쿠찌_샌드위치_ 파니니 바비큐 치킨,202,20.43,7.73,9.75,1.56,220,2.27
1499,임실N치즈피자_피자_치즈팡 피자 라이스바이트 (F),270,27.55,14.19,11.48,2.67,1770,3.04
1500,새우 탕수,248,19.95,18.2,9.94,1.0,100,8.38
1501,새우구이,34,0.04,7.4,0.33,0.0,100,0.0
1502,새우무침,321,15.47,37.0,11.77,1.0,100,8.04
1503,새우볶음,83,5.96,9.91,2.21,1.1,200,3.99
1504,새우전,188,11.57,9.99,11.33,1.0,100,1.87
1505,새우젓_양념,69,6.0,7.1,1.8,1.9,10,0.5
1506,새우젓국,23,2.31,2.0,0.72,1.0,100,0.85
1507,새우조림,62,3.21,7.6,1.91,0.4,100,0.53
1508,임실N치즈피자_피자_치즈팡 피자 석쇠 (L),270,27.55,14.86,11.48,2.67,945,3.46
1509,상추 겉절이,29,3.98,1.2,1.2,1.3,100,1.97
1510,상추겉절이,24,3.92,1.06,0.76,1.4,100,1.97
1511,새송이버섯 구이,58,4.17,1.6,4.81,1.5,100,0.7
1512,새송이버섯볶음_새송이버섯_채소,32,4.13,1.44,1.95,1.6,100,0.97
1513,새송이버섯전,63,5.89,3.16,3.73,1.5,100,0.17
1514,새싹 샐러드,117,5.01,1.4,10.6,1.8,100,2.49
1515,삼치 카레구이,213,3.71,27.1,9.05,0.0,100,0.44
1516,삼치구이,132,0.02,18.7,5.8,0.0,100,0.0
1517,삼치조림,185,8.91,19.0,7.12,0.4,100,3.88
1518,삼치찌개,50,3.35,6.2,1.28,1.0,100,1.08
1519,삼치튀김,136,3.43,13.8,6.86,0.1,100,0.01
1520,임실N치즈피자_피자_치즈팡 피자 치즈크러스트 (F),267,27.24,15.24,11.36,2.64,1395,3.14
1521,삼각김밥_참치마요네즈,172,31.95,3.94,3.2,1.2,100,0.02
1522,삼겹살구이,467,0.35,22.56,41.69,0.7,200,0.0
1523,삼겹살구이_고추장,403,12.63,14.21,32.83,4.1,200,5.73
1524,삼겹살볶음_낙지,235,10.03,11.3,16.18,1.6,100,5.57
1525,삼겹살볶음_묵은지김치,151,8.4,5.76,10.49,3.2,200,3.62
1526,삼겹살볶음_세발낙지,225,10.13,10.0,16.23,1.6,100,5.72
1527,삼계탕,101,3.84,10.68,4.8,1.6,900,0.45
1528,삼색 오이냉국,17,3.52,0.6,0.21,0.4,100,2.68
1529,삼색냉채,68,7.21,5.6,1.9,1.0,100,3.99
1530,삼치 양념구이,189,15.38,22.8,4.14,2.8,100,4.18
1531,사태찜_소고기,110,3.67,12.1,5.17,1.6,300,0.13
1532,산자,366,82.17,2.31,3.09,0.5,30,31.35
1533,산적_돼지고기,200,1.55,29.06,8.56,5.1,170,0.06
1534,삶은 땅콩 조림,190,21.15,6.8,9.74,4.0,100,3.82
1535,삼각김밥,183,30.8,5.2,3.83,0.8,100,0.09
1536,삼각김밥_고추장불고기,165,34.11,3.66,1.58,1.3,100,0.21
1537,삼각김밥_숯불갈비,161,32.55,4.0,1.67,1.3,100,0.16
1538,프레시지_마파두부_간편조리세트_백리향 마파두부,129,4.62,7.42,9.0,1.0,742,2.02
1539,요거프레소_빙수_피치&망고 요거트 빙수,133,23.08,1.92,2.47,1.75,100,12.5
1540,요거프레소_빙수_홍시 아이스드림 빙수,48,8.33,0.63,0.89,0.63,960,5.1
1541,블루샥_빙수_흑임자 컵빙수,107,18.56,1.48,1.99,1.41,473,12.9
1542,요거프레소_빙수_흑임자 팥빙수,93,16.14,1.56,1.73,1.22,960,10.42
1543,요거프레소_빙수_흑임자 한 컵 빙수,228,39.56,4.46,4.24,2.99,314,27.07
1544,뼈다귀해장국,21,0.96,2.7,0.63,0.4,100,0.36
1545,사골국,35,2.94,1.8,1.67,0.2,100,0.18
1546,커피마마_빙수_쿠앤크 눈꽃 우유얼음,175,30.36,2.44,3.25,2.3,550,17.05
1547,커피마마_빙수_쿠앤크 눈꽃빙수,156,27.07,2.01,2.9,2.05,718,12.57
1548,카페띠아모_빙수_쿠키&크림 빙수,123,21.34,1.93,2.29,1.62,570,27.89
1549,카페베네_빙수_쿠키앤크림 빙수,140,24.29,2.57,2.6,1.84,778,16.84
1550,카페베네_빙수_쿠키앤크림 빙수 (1인),169,29.32,2.68,3.14,2.22,373,17.69
1551,토프레소_빙수_클래식 컵빙수,133,23.08,1.84,2.47,1.75,380,16.05
1552,토프레소_빙수_클래식 쿨빙수,103,17.87,2.24,1.92,1.35,892,7.29
1553,요거프레소_빙수_키위 아이스드림 빙수,50,8.67,0.63,0.93,0.66,960,4.69
1554,요거프레소_빙수_트러플 초코 스노우 빙수,163,28.28,2.78,3.03,2.14,360,16.94
1555,요거프레소_빙수_트리플 초코 스노우 빙수,163,28.28,2.78,3.03,2.14,100,16.95
1556,베러댄와플_빙수_티라미수 빙수,112,19.43,1.56,2.08,1.47,578,7.61
1557,투썸플레이스_빙수_티라미수케이크 빙수,179,31.06,2.73,3.33,2.35,476,17.86
1558,요거프레소_빙수_팥 마시빙,123,21.34,1.5,2.29,1.62,100,6.97
1559,카페베네_빙수_팥 빙수,150,26.02,3.97,2.79,1.97,982,14.36
1560,카페베네_빙수_팥 빙수 (1인),162,28.11,4.37,3.01,2.13,389,13.37
1561,빙수_팥_우유얼음,146,31.49,3.24,0.79,1.9,100,25.04
1562,크로플덕오리아가씨_빙수_팥빙수,269,50.22,4.44,5.33,3.53,225,31.11
1563,이디야_빙수_팥인절미 1인빙수,171,29.67,3.3,3.18,2.25,100,15.92
1564,이디야_빙수_팥인절미 눈꽃빙수,151,26.2,3.34,2.81,1.98,509,12.77
1565,달콤_빙수_초당옥빙수,122,21.17,1.83,2.27,1.6,547,15.54
1566,요거프레소_빙수_초코 마시빙,74,12.84,1.17,1.38,0.97,100,6.0
1567,요거프레소_빙수_초코 밀크 컵 빙수,254,44.07,4.77,4.72,3.34,100,30.56
1568,탐앤탐스_빙수_초코 씨리얼 빙수,159,24.61,6.44,3.89,2.09,545,18.13
1569,카페베네_빙수_초코악마 빙수,110,19.08,1.59,2.05,1.44,816,15.93
1570,카페베네_빙수_초코악마 빙수 (1인),137,23.77,2.7,2.55,1.8,333,16.52
1571,요거프레소_빙수_치즈 요거트 빙수,187,32.44,10.4,3.48,2.46,100,14.55
1572,카페봄봄_빙수_치즈 컵빙수,109,18.19,1.03,3.53,1.43,100,15.79
1573,카페띠아모_빙수_치즈베리 젤빙,126,21.86,2.66,2.34,1.65,491,12.55
1574,요거프레소_빙수_커피 밀크 컵 빙수,219,38.0,4.32,4.07,2.88,307,27.31
1575,카페베네_빙수_커피 빙수,107,18.56,1.73,1.99,1.41,868,13.59
1576,카페베네_빙수_커피 빙수 (1인),135,23.42,3.13,2.51,1.77,352,13.64
1577,카페베네_빙수_커피 빙수 디카페인,126,21.86,2.69,2.34,1.65,892,11.88
1578,카페베네_빙수_커피 빙수 디카페인 (1인),142,24.64,3.35,2.64,1.86,388,14.18
1579,블루샥_빙수_컵빙수,93,16.14,0.63,1.73,1.22,100,13.74
1580,드롭탑_빙수_코코넛커피 (1인),128,22.21,1.81,2.82,1.68,386,14.56
1581,요거프레소_빙수_콩고물 스노우 빙수,139,24.12,4.83,2.58,1.83,100,12.08
1582,요거프레소_빙수_콩고물 팥빙수,85,14.75,1.88,1.58,1.12,960,8.54
1583,요거프레소_빙수_콩고물팥 밀크 컵 빙수,214,37.13,5.59,3.98,2.81,331,21.86
1584,커피베이_빙수_오곡 팥 눈꽃빙수,126,21.86,2.84,2.34,1.65,619,15.24
1585,커피베이_빙수_오곡 팥 얼음빙수,181,31.4,3.79,3.37,2.38,409,22.16
1586,커피베이_빙수_오곡 팥 컵빙수,139,24.12,2.7,2.58,1.83,285,15.3
1587,청자다방_빙수_오레오초코 빙수,141,24.46,3.32,2.62,1.85,100,16.45
1588,카페띠아모_빙수_오리지날 팥빙수,91,15.79,17.55,1.69,1.19,741,13.5
1589,엔제리너스_빙수_오리지널 눈꽃 빙수,138,24.2,4.69,2.57,1.81,405,19.75
1590,토프레소_빙수_오리지널 대패빙수,112,19.43,2.53,2.08,1.47,593,8.43
1591,엔제리너스_빙수_오리지널 팥빙수,156,24.01,3.95,2.9,2.05,658,20.67
1592,달콤_빙수_오미자두빙수,54,9.37,0.22,1.0,0.71,893,8.85
1593,카페띠아모_빙수_요거트 빙수,95,16.48,16.78,1.77,1.25,733,14.05
1594,카페베네_빙수_인절미 눈꽃빙수,167,28.97,4.7,3.11,2.19,574,14.63
1595,청자다방_빙수_인절미 빙수,149,25.85,4.9,2.77,1.96,100,18.18
1596,빙수_인절미_우유얼음,141,19.6,5.97,4.35,2.0,100,14.98
1597,탐앤탐스_빙수_제주 한라봉 빙수,145,23.85,6.76,2.5,1.9,670,20.04
1598,카페베네_빙수_제주녹차,129,22.38,3.21,2.4,1.69,840,14.29
1599,카페베네_빙수_제주녹차 (1인),151,26.2,3.93,2.81,1.98,356,13.48
1600,파스쿠찌_빙수_젤라또 팥,134,23.25,2.93,2.49,1.76,648,18.67
1601,파스쿠찌_빙수_청포도 젤라또,86,14.92,0.3,1.6,1.13,660,14.09
1602,임실N치즈피자_피자_치즈팡 피자 치즈크러스트 (L),276,28.16,15.8,11.74,2.73,1145,3.1
1603,청자다방_빙수_블루베리 빙수,117,20.3,2.93,2.18,1.54,100,16.3
1604,요거프레소_빙수_블루베리 한 컵 빙수,227,39.38,4.52,4.22,2.98,177,31.64
1605,카페띠아모_빙수_블루베리치즈 빙수,99,17.18,3.1,1.84,1.3,685,15.2
1606,투썸플레이스_빙수_블루베리케이크 빙수,128,22.21,1.78,2.38,1.68,507,18.74
1607,파스쿠찌_빙수_새콤달콤 패션망고,84,14.57,0.45,1.56,1.1,670,16.12
1608,엔제리너스_빙수_소르베 망고 빙수,100,17.16,1.05,1.86,1.31,571,16.64
1609,공차_빙수_실크 망고 빙수,88,15.27,0.6,1.64,1.16,504,14.48
1610,공차_빙수_실크 팥빙수,121,20.99,2.29,2.25,1.59,524,12.4
1611,파스쿠찌_빙수_애플망고,73,12.67,0.19,1.36,0.96,521,14.78
1612,커피베이_빙수_애플망고 도넛 눈꽃빙수,114,19.78,1.68,2.12,1.5,631,14.24
1613,커피베이_빙수_애플망고 도넛 얼음빙수,146,25.33,2.04,2.71,1.92,421,18.59
1614,커피베이_빙수_애플망고 도넛 컵빙수,177,30.71,1.68,3.29,2.32,244,22.51
1615,토프레소_빙수_애플망고 치즈 대패빙수,102,17.7,0.58,1.9,1.34,515,17.67
1616,할리스_빙수_애플망고 치즈 케이크 빙수 (1인),116,20.13,1.83,2.16,1.52,273,16.48
1617,할리스_빙수_애플망고 치즈 케이크 빙수 (2인),115,19.95,1.77,2.14,1.51,565,15.9
1618,투썸플레이스_빙수_애플망고케이크 빙수,126,21.86,1.38,2.34,1.65,508,18.9
1619,탐앤탐스_빙수_옛날 컵빙수,203,30.39,8.76,5.21,2.67,233,14.05
1620,카페봄봄_빙수_옛날 컵빙수,117,23.41,1.73,1.78,1.54,100,17.76
1621,커피에반하다_빙수_옛날팥빙수,101,17.52,2.67,1.88,1.33,900,13.78
1622,요거프레소_빙수_망고 한 컵 빙수,229,39.73,4.97,4.26,3.01,181,32.05
1623,요거프레소_빙수_망고&치즈 스노우 빙수,134,23.25,1.58,2.49,1.76,100,14.18
1624,드롭탑_빙수_망고코코넛,117,20.3,1.91,2.8,1.54,950,11.85
1625,드롭탑_빙수_망고코코넛 (1인),128,22.21,1.88,2.38,1.68,399,16.09
1626,카페루앤비_빙수_망고탱탱 빙수,55,9.54,1.02,1.02,0.72,605,6.12
1627,토프레소_빙수_망고파인 컵빙수,72,12.49,0.62,1.34,0.95,325,12.62
1628,이디야_빙수_망고패션 요거놀라 1인빙수,136,23.6,1.79,2.53,1.79,335,19.1
1629,커피마마_빙수_밀크 눈꽃빙수,122,21.17,2.5,2.27,1.6,735,9.97
1630,커피마마_빙수_밀크 눈꽃빙수 우유얼음,141,24.46,2.82,2.62,1.85,585,16.38
1631,청자다방_빙수_밀크 팥빙수,160,27.76,4.92,2.97,2.1,100,22.54
1632,파스쿠찌_빙수_밀크티 젤라또,106,18.39,1.61,1.97,1.39,620,11.45
1633,카페띠아모_빙수_밀크팥 젤빙,160,27.76,2.76,2.97,2.1,456,19.28
1634,베러댄와플_빙수_바나나누텔라 빙수,149,25.85,2.92,2.77,1.96,650,12.62
1635,토프레소_빙수_베리 컵빙수,73,12.67,0.98,1.36,0.96,305,11.48
1636,요거프레소_빙수_베리&베리 요거트 빙수,125,21.69,1.77,2.32,1.64,100,14.93
1637,베러댄와플_빙수_베리크런치 빙수,154,26.72,2.34,2.86,2.02,640,18.44
1638,카페루앤비_빙수_복고 빙수,55,9.54,1.03,1.02,0.72,100,6.12
1639,토프레소_빙수_복숭아 연유 대패빙수,91,15.79,1.09,1.69,1.19,550,18.0
1640,요거프레소_빙수_블루베리 마시빙,43,7.46,0.75,0.8,0.56,100,6.44
1641,커피마마_빙수_딸기치즈 눈꽃빙수,157,27.24,2.24,2.92,2.06,527,13.12
1642,이디야_빙수_딸기치즈 눈꽃빙수,159,27.59,2.04,2.96,2.09,540,19.26
1643,커피마마_빙수_딸기치즈 눈꽃빙수 우유얼음,118,20.47,1.6,2.19,1.55,725,14.47
1644,이디야_빙수_딸기피치 요거놀라 1인빙수,135,23.42,1.79,2.51,1.77,335,20.9
1645,커피마마_빙수_딸콤파르페,103,17.87,1.17,1.92,1.35,481,8.32
1646,베러댄와플_빙수_레드빈 눈꽃 빙수,154,26.72,1.25,2.86,2.02,963,6.65
1647,베러댄와플_빙수_말차티라미수 빙수,137,23.77,2.72,2.55,1.8,588,10.71
1648,이디야_빙수_망고 눈꽃빙수,99,17.18,0.5,1.84,1.3,595,21.51
1649,카페베네_빙수_망고 눈꽃빙수,94,16.31,1.32,1.75,1.23,684,18.71
1650,요거프레소_빙수_망고 마시빙,44,7.63,0.83,0.82,0.58,100,7.49
1651,카페띠아모_빙수_망고 빙수,83,14.4,1.27,1.54,1.09,700,15.85
1652,청자다방_빙수_망고 빙수,113,19.61,2.8,2.1,1.48,100,17.74
1653,카페베네_빙수_망고 빙수,59,10.24,0.63,1.1,0.77,960,12.19
1654,카페베네_빙수_망고 빙수 (1인),80,13.88,1.11,1.49,1.05,449,15.14
1655,요거프레소_빙수_망고 아이스드림 빙수,54,9.37,0.63,1.0,0.71,960,6.56
1656,카페띠아모_빙수_망고 젤빙,106,18.39,1.73,1.97,1.39,529,13.08
1657,카페띠아모_빙수_망고 크림 젤빙,148,25.68,0.79,2.75,1.94,631,16.64
1658,카페루앤비_빙수_망고 탱탱 빙수,55,9.54,1.03,1.02,0.72,100,6.12
1659,토프레소_빙수_망고 파인 쿨빙수,68,11.8,0.92,1.26,0.89,760,10.53
1660,커피베이_빙수_딸기 도넛 눈꽃빙수,102,17.7,1.75,1.9,1.34,661,12.07
1661,커피베이_빙수_딸기 도넛 얼음빙수,120,20.82,2.08,2.23,1.58,471,14.24
1662,커피베이_빙수_딸기 도넛 컵빙수,163,28.28,1.93,3.03,2.14,244,20.05
1663,요거프레소_빙수_딸기 마시빙,41,7.11,0.88,0.76,0.54,100,6.7
1664,카페베네_빙수_딸기 빙수,90,15.61,1.26,1.67,1.18,876,15.41
1665,카페베네_빙수_딸기 빙수 (1인),78,13.53,1.47,1.45,1.02,407,12.53
1666,요거프레소_빙수_딸기 아이스드림 빙수,47,8.15,0.63,0.87,0.62,960,4.69
1667,탐앤탐스_빙수_딸기 요거트 빙수,140,24.29,5.01,2.52,1.84,690,20.39
1668,탐앤탐스_빙수_딸기 요거트 컵빙수,159,31.4,3.03,2.4,2.09,242,20.45
1669,카페띠아모_빙수_딸기 젤빙,108,18.74,1.58,2.01,1.42,481,15.41
1670,토프레소_빙수_딸기 치즈 쿨빙수,100,17.35,1.86,1.86,1.31,860,8.84
1671,카페봄봄_빙수_딸기 컵빙수,98,19.69,1.24,1.62,1.29,100,16.46
1672,요거프레소_빙수_딸기 한 컵 빙수,227,39.38,5.09,4.22,2.98,177,31.08
1673,요거프레소_빙수_딸기&망고 요거트 빙수,116,20.13,1.59,2.16,1.52,100,11.84
1674,요거프레소_빙수_딸기&치즈 스노우 빙수,141,24.46,1.88,2.62,1.85,100,12.29
1675,드롭탑_빙수_딸기베리치즈,115,19.95,1.71,1.99,1.51,950,13.02
1676,드롭탑_빙수_딸기베리치즈 (1인),116,20.13,1.63,1.65,1.52,417,18.01
1677,커피에반하다_빙수_딸기시리얼빙수,147,25.5,1.44,2.73,1.93,900,30.67
1678,커피에반하다_빙수_딸기시리얼컵빙수,131,22.73,1.41,2.44,1.72,355,26.48
1679,비프까스,208,12.25,8.1,13.68,0.6,100,2.51
1680,빙떡(메밀전병),168,21.62,6.18,6.29,3.5,100,0.62
1681,투썸플레이스_빙수_22오리지널 팥빙수,136,23.6,2.68,2.53,1.79,485,18.35
1682,달콤_빙수_K - 빙수,166,28.8,2.61,3.09,2.18,575,17.22
1683,토프레소_빙수_그린티 초코 쿨빙수,138,23.94,1.72,2.57,1.81,755,15.5
1684,카페띠아모_빙수_까르보나라 젤빙,158,27.41,2.64,2.94,2.07,644,13.82
1685,카페띠아모_빙수_녹차 빙수,109,18.91,2.61,2.03,1.43,691,16.06
1686,카페루앤비_빙수_녹차 팥빙수,55,9.54,1.03,1.02,0.72,100,6.12
1687,요거프레소_빙수_녹차 한 컵 빙수,201,34.87,3.4,3.74,2.64,294,29.25
1688,할리스_빙수_눈꽃 팥빙수 (1인),142,24.64,2.88,2.64,1.86,347,17.0
1689,할리스_빙수_눈꽃 팥빙수 (2인),140,24.29,3.18,2.6,1.84,627,17.2
1690,드롭탑_빙수_단팥찰떡 (1인),160,27.76,3.87,1.39,2.1,367,19.37
1691,요거프레소_빙수_달고나 마시빙,69,11.97,0.57,1.28,0.91,100,7.15
1692,카페봄봄_빙수_달고나 컵빙수,100,19.5,1.3,1.92,1.31,100,17.61
1693,드롭탑_빙수_더블초코 (1인),164,28.45,3.1,3.7,2.15,381,16.69
1694,커피베이_빙수_돼지바 눈꽃빙수,171,29.67,2.4,3.18,2.25,559,19.65
1695,커피베이_빙수_돼지바 얼음빙수,262,45.46,3.28,4.87,3.44,342,29.6
1696,커피베이_빙수_돼지바 프라노베,174,30.19,1.76,3.24,2.28,433,20.92
1697,카페베네_빙수_딸기 눈꽃빙수,112,19.43,1.84,2.08,1.47,762,16.67
1698,더리터_비스킷/쿠키/크래커_통약과 쿠키,416,49.57,0.0,20.23,4.11,115,15.65
1699,할리스_비스킷/쿠키/크래커_트리플 초코 쿠키,486,62.96,6.25,23.63,4.8,80,42.5
1700,아임일리터_비스킷/쿠키/크래커_퍼지브라우니,487,63.09,5.26,23.68,4.81,38,39.47
1701,파리바게뜨_비스킷/쿠키/크래커_퍼지월넛 쿠키,450,53.33,6.67,26.67,4.44,30,26.67
1702,교촌치킨_비스킷/쿠키/크래커_포테이토앤칩스 점보팩,401,51.95,3.46,19.5,3.96,100,9.19
1703,아임일리터_비스킷/쿠키/크래커_피넛 버터,553,71.64,5.26,26.89,5.46,38,34.21
1704,요거프레소_비스킷/쿠키/크래커_피넛버터 쿠키,479,62.05,9.47,23.29,4.73,38,26.32
1705,바나프레소_비스킷/쿠키/크래커_피스타치오 티그레,503,65.16,7.81,30.63,4.97,32,33.13
1706,더리터_비스킷/쿠키/크래커_허쉬 초코 멜로 쿠키,522,66.67,8.89,25.38,5.16,45,26.67
1707,더리터_비스킷/쿠키/크래커_허쉬 초콜릿 칩 싱글 쿠키,372,68.0,4.0,18.09,3.67,50,32.0
1708,더리터_비스킷/쿠키/크래커_허쉬 화이트 칩 위드 아몬드 쿠키,494,66.0,8.0,24.02,4.88,50,24.0
1709,투썸플레이스_비스킷/쿠키/크래커_현미누룽지칩,403,87.33,8.0,2.33,3.98,30,0.67
1710,스타벅스_비스킷/쿠키/크래커_화이트 초콜릿 카우보이 쿠키,529,68.53,5.88,25.72,5.22,85,36.47
1711,이디야_비스킷/쿠키/크래커_화이트초코 마카다미아 쿠키,475,61.53,6.67,23.1,4.69,75,32.0
1712,더벤티_비스킷/쿠키/크래커_화이트초코 말차 촉촉쿠키,478,61.92,6.67,23.24,4.72,90,10.0
1713,바나프레소_비스킷/쿠키/크래커_황치즈 티그레,522,42.81,8.75,35.0,5.16,32,27.81
1714,바나프레소_비스킷/쿠키/크래커_흑임자호두 쿠키,545,67.81,7.63,26.5,5.38,62,34.82
1715,임실N치즈피자_피자_치즈팡 피자 치즈크러스트 (R),289,29.49,16.1,12.29,2.86,665,4.22
1716,카페베네_비스킷/쿠키/크래커_촉촉 크림치즈 쿠키,444,57.52,6.0,21.59,4.38,50,20.0
1717,교촌치킨_비스킷/쿠키/크래커_칩카사바,522,67.62,1.48,25.38,5.16,100,2.5
1718,롤링핀_비스킷/쿠키/크래커_코코넛 로쉐,516,62.9,6.7,26.4,5.1,95,46.2
1719,파스쿠찌_비스킷/쿠키/크래커_코코넛 사브레,506,65.55,4.71,24.6,5.0,85,20.0
1720,롤링핀_비스킷/쿠키/크래커_코코아망 (L),563,46.3,9.5,37.7,5.56,70,23.0
1721,커피베이_비스킷/쿠키/크래커_쿠키의 정석 오트밀레이즌,447,65.79,5.26,18.42,4.41,38,17.27
1722,커피베이_비스킷/쿠키/크래커_쿠키의 정석 초콜릿청크,526,65.79,5.26,26.32,5.19,38,17.27
1723,커피베이_비스킷/쿠키/크래커_쿠키의 정석 퍼지브라우니,487,63.16,5.26,23.68,4.81,38,16.58
1724,커피베이_비스킷/쿠키/크래커_쿠키의 정석 피넛버터,526,57.89,10.53,28.95,5.19,38,15.19
1725,더벤티_비스킷/쿠키/크래커_크랜베리 초코칩 촉촉쿠키,452,58.55,7.78,21.98,4.46,90,11.11
1726,할리스_비스킷/쿠키/크래커_크랜베리 화이트 초코 쿠키,466,60.37,5.0,22.66,4.6,80,47.5
1727,바나프레소_비스킷/쿠키/크래커_크랜베리아몬드 쿠키,518,72.81,6.4,25.19,5.12,62,38.52
1728,파리바게뜨_비스킷/쿠키/크래커_크랜베리월넛 쿠키,433,60.0,6.67,20.0,4.28,30,30.0
1729,롤링핀_비스킷/쿠키/크래커_크로켄트 (L),556,47.3,10.2,36.2,5.49,70,14.0
1730,이디야_비스킷/쿠키/크래커_크리미초코 감자 쿠키,500,64.77,6.94,24.31,4.94,72,27.78
1731,이디야_비스킷/쿠키/크래커_크리미치즈 그레인 쿠키,557,72.16,9.0,27.08,5.5,100,24.0
1732,할리스_비스킷/쿠키/크래커_크림치즈비스켓&딸기잼,434,56.22,6.52,21.1,4.29,92,16.3
1733,드롭탑_비스킷/쿠키/크래커_클래식 르뱅쿠키,510,66.07,6.47,10.12,5.04,90,25.32
1734,스타벅스_비스킷/쿠키/크래커_청크 초콜릿 쿠키 틴 세트,133,17.23,1.25,6.47,1.31,160,13.75
1735,메가커피_비스킷/쿠키/크래커_초코 스모어 쿠키,512,69.03,8.85,22.13,5.06,113,30.09
1736,이디야_비스킷/쿠키/크래커_초코렛 청크 쿠키,480,62.18,6.67,23.34,4.74,75,30.67
1737,팔공티_비스킷/쿠키/크래커_초코렛 청크 쿠키,529,68.53,5.71,25.72,5.22,35,37.14
1738,투썸플레이스_비스킷/쿠키/크래커_초코마카다미아 쿠키,500,64.77,7.14,24.31,4.94,70,28.57
1739,메가커피_비스킷/쿠키/크래커_초코스모어 쿠키,435,56.35,7.52,21.15,4.3,133,30.09
1740,커피베이_비스킷/쿠키/크래커_초코칩 르뱅 쿠키,485,62.83,6.0,23.58,4.79,100,27.0
1741,블루샥_비스킷/쿠키/크래커_초코칩 비스코티,543,70.34,7.14,26.4,5.36,14,35.72
1742,청자다방_비스킷/쿠키/크래커_초코칩 쿠키,432,55.96,5.0,21.01,4.27,100,33.0
1743,바나프레소_비스킷/쿠키/크래커_초코칩 쿠키,548,73.48,5.92,26.65,5.41,62,44.5
1744,뚜레쥬르_비스킷/쿠키/크래커_초코콕콕미니쿠키,476,61.66,7.14,23.15,4.7,42,30.95
1745,뚜레쥬르_비스킷/쿠키/크래커_초코콕콕쿠키,476,61.66,5.95,23.15,4.7,84,30.95
1746,커피에반하다_비스킷/쿠키/크래커_초콜렛청크 쿠키,514,66.59,5.71,24.99,5.08,35,34.29
1747,요거프레소_비스킷/쿠키/크래커_초콜렛칩 쿠키,455,58.94,5.26,22.12,4.49,38,34.21
1748,커피마마_비스킷/쿠키/크래커_초콜렛칩청크쿠키,474,61.4,5.26,23.05,4.68,38,34.21
1749,스타벅스_비스킷/쿠키/크래커_초콜릿 월넛 돔 쿠키,490,63.48,5.56,23.83,4.84,90,37.78
1750,아임일리터_비스킷/쿠키/크래커_초콜릿 청크,526,68.14,5.26,25.58,5.19,38,36.84
1751,메가커피_비스킷/쿠키/크래커_초콜릿칩 쿠키,456,55.72,4.29,22.86,4.5,70,32.86
1752,바나프레소_비스킷/쿠키/크래커_아메리칸 쿠키,460,64.29,5.71,20.0,4.54,70,35.72
1753,롤링핀_비스킷/쿠키/크래커_아몬드 로쉐,512,54.0,16.2,25.7,5.06,95,39.8
1754,블루샥_비스킷/쿠키/크래커_아몬드 비스코티,550,71.25,14.29,26.74,5.43,14,21.43
1755,투썸플레이스_비스킷/쿠키/크래커_아몬드튀일,529,68.53,12.82,25.72,5.22,78,30.77
1756,호식이두마리치킨_비스킷/쿠키/크래커_알콘칩스,375,47.51,4.41,18.23,3.7,100,13.62
1757,크로플덕오리아가씨_비스킷/쿠키/크래커_약과 쿠키,452,78.46,4.62,12.31,4.46,130,33.08
1758,팔공티_비스킷/쿠키/크래커_약과 크림치즈 쿠키,418,54.15,4.62,20.32,4.13,130,23.08
1759,커피베이_비스킷/쿠키/크래커_오레오 스모어 르뱅 쿠키,462,59.85,8.4,22.46,4.56,100,24.0
1760,더리터_비스킷/쿠키/크래커_오레오스모어 쿠키,440,57.0,6.0,21.39,4.35,100,4.0
1761,팔공티_비스킷/쿠키/크래커_오트밀레이즌 쿠키,513,66.46,5.26,24.94,5.07,38,34.21
1762,커피마마_비스킷/쿠키/크래커_오트밀레이즌쿠키,447,57.91,5.26,21.74,4.41,38,34.21
1763,바나프레소_비스킷/쿠키/크래커_오트밀크랜베리 쿠키,420,67.14,5.71,20.42,4.15,70,34.29
1764,파스쿠찌_비스킷/쿠키/크래커_월넛 메이플 사브레,500,64.77,4.71,24.31,4.94,85,18.82
1765,블루샥_비스킷/쿠키/크래커_월넛 초코 쿠키,546,70.73,7.38,26.55,5.39,130,24.46
1766,투썸플레이스_비스킷/쿠키/크래커_월넛초코칩 쿠키,507,65.68,7.14,24.65,5.01,70,30.0
1767,파스쿠찌_비스킷/쿠키/크래커_이탈리안 비스코티,483,62.57,10.0,23.49,4.77,60,18.33
1768,파리바게뜨_비스킷/쿠키/크래커_잉글리쉬토피 쿠키,450,60.0,3.33,20.0,4.44,30,30.0
1769,카페베네_비스킷/쿠키/크래커_진한 초코 쿠키,450,58.3,8.0,21.88,4.44,50,20.0
1770,팔공티_비스킷/쿠키/크래커_마카다미아 쿠키,487,63.09,5.26,23.68,4.81,38,34.21
1771,요거프레소_비스킷/쿠키/크래커_마카다미아 쿠키,513,66.46,7.9,24.94,5.07,38,34.21
1772,커피에반하다_비스킷/쿠키/크래커_마카다미아넛 쿠키,529,68.53,5.71,25.72,5.22,35,31.43
1773,커피마마_비스킷/쿠키/크래커_마카다미아넛쿠키,487,63.09,5.26,23.68,4.81,38,31.58
1774,청자다방_비스킷/쿠키/크래커_마카롱꼬끄,400,51.82,8.0,19.45,3.95,100,25.0
1775,메가커피_비스킷/쿠키/크래커_말차 스모어 쿠키,517,68.15,8.85,23.01,5.11,113,30.98
1776,메가커피_비스킷/쿠키/크래커_말차스모어 쿠키,439,56.87,7.52,21.35,4.34,133,30.98
1777,블루샥_비스킷/쿠키/크래커_발로나스모어 쿠키,487,63.09,6.8,23.68,4.81,128,30.86
1778,투썸플레이스_비스킷/쿠키/크래커_베리화이트초코 쿠키,450,58.3,5.71,21.88,4.44,70,27.14
1779,커피빈_비스킷/쿠키/크래커_베어베터 쿠키,495,65.45,6.18,22.73,4.89,55,30.0
1780,커피에반하다_비스킷/쿠키/크래커_베이글칩 갈릭버터,418,54.15,11.67,20.32,4.13,60,18.33
1781,커피에반하다_비스킷/쿠키/크래커_베이글칩 허니버터,443,57.39,11.67,21.54,4.37,60,18.33
1782,청자다방_비스킷/쿠키/크래커_브라우니 쿠키,448,58.04,4.0,21.78,4.42,100,33.0
1783,커피에반하다_비스킷/쿠키/크래커_브라우니 쿠키,481,62.31,5.41,23.39,4.75,37,35.14
1784,커피베이_비스킷/쿠키/크래커_비스코프 스모어 르뱅 쿠키,475,61.53,6.32,23.1,4.69,95,23.16
1785,파스쿠찌_비스킷/쿠키/크래커_쇼콜라 사브레,482,62.44,7.06,23.44,4.76,85,20.0
1786,투썸플레이스_비스킷/쿠키/크래커_쇼콜라 쿠키,535,69.31,8.0,26.01,5.28,100,17.0
1787,블루샥_비스킷/쿠키/크래커_쑥단팥스모어 쿠키,440,57.0,6.37,21.39,4.35,135,29.33
1788,스타벅스_비스킷/쿠키/크래커_5가지 스낵 & 3way 파우치,309,40.03,3.36,15.02,3.05,229,12.75
1789,롤링핀_비스킷/쿠키/크래커_갈레트브르통 (L),591,50.6,5.9,40.5,5.84,70,18.6
1790,투썸플레이스_비스킷/쿠키/크래커_그릭요거트그래놀라바,429,71.43,5.71,12.86,4.24,35,25.71
1791,이디야_비스킷/쿠키/크래커_꿀오란다,500,53.33,13.33,26.67,4.94,30,23.33
1792,뚜레쥬르_비스킷/쿠키/크래커_넛츠콕콕미니쿠키,500,64.77,7.14,24.31,4.94,42,100.0
1793,뚜레쥬르_비스킷/쿠키/크래커_넛츠콕콕쿠키,506,65.55,7.14,24.6,5.0,84,26.19
1794,스타벅스_비스킷/쿠키/크래커_다크 초콜릿 카우보이 쿠키,547,70.86,5.88,26.6,5.4,85,34.12
1795,파리바게뜨_비스킷/쿠키/크래커_다크초콜릿마카다미아 쿠키,450,56.67,3.33,23.33,4.44,30,30.0
1796,스타벅스_비스킷/쿠키/크래커_더블 치즈 베이글 칩,492,63.74,10.0,23.92,4.86,60,23.33
1797,더벤티_비스킷/쿠키/크래커_더블초코 스모어 촉촉쿠키,440,57.0,7.0,21.39,4.35,100,9.0
1798,바나프레소_비스킷/쿠키/크래커_더블초코칩 쿠키,441,64.29,4.29,18.57,4.36,70,38.57
1799,파리바게뜨_비스킷/쿠키/크래커_더블퍼지 쿠키,433,60.0,6.67,20.0,4.28,30,36.67
1800,크로플덕오리아가씨_비스킷/쿠키/크래커_돼지바 쿠키,384,37.5,5.83,21.67,3.79,120,19.17
1801,스타벅스_비스킷/쿠키/크래커_라이스 칩 블루베리잼,400,51.82,8.57,19.45,3.95,35,13.6
1802,커피마마_비스킷/쿠키/크래커_록키로드쿠키,474,61.4,5.26,23.05,4.68,38,34.21
1803,아임일리터_비스킷/쿠키/크래커_마카다미아,553,71.64,5.26,26.89,5.46,38,34.21
1804,메가커피_비스킷/쿠키/크래커_마카다미아 쿠키,454,58.57,7.14,21.43,4.48,70,37.14
1805,임실N치즈피자_피자_치즈팡 피자 팬 (L),274,27.96,15.03,11.66,2.71,1005,3.45
1806,비빔밥_돌솥,147,24.68,5.39,2.95,2.4,380,1.24
1807,비빔밥_돼지고기_양념장,90,16.24,3.3,1.25,0.8,100,1.41
1808,비빔밥_멍게,137,22.68,4.15,3.28,1.9,400,4.18
1809,비빔밥_묵_양념장,96,16.34,3.09,2.07,1.3,100,1.44
1810,비빔밥_소고기_양념장,87,15.69,2.75,1.34,0.9,100,1.19
1811,비빔밥_약초,128,20.05,2.98,3.98,2.7,400,0.73
1812,비빔밥_열무,144,24.3,3.5,3.07,1.5,100,0.34
1813,비빔밥_열무_양념장,114,22.08,3.35,1.28,1.6,100,1.94
1814,비빔밥_육회,147,22.92,6.39,3.36,2.6,300,4.45
1815,비빔밥_참치,122,15.64,5.4,3.89,0.7,100,0.78
1816,비빔밥_참치_양념장,83,15.66,3.31,0.66,0.6,100,1.29
1817,비름나물무침,73,5.7,3.46,4.05,3.8,80,0.86
1818,비빔 잡곡밥,138,25.66,3.6,2.12,2.1,100,0.68
1819,비빔국수,113,20.94,3.2,1.86,1.1,100,4.31
1820,비빔냉면,96,16.81,4.2,1.22,1.4,100,1.54
1821,비빔막국수,104,21.47,3.06,0.86,1.8,100,3.82
1822,신세계푸드 피코크_비빔면_간편조리세트_매콤제육비빔면,153,20.17,5.7,5.48,1.8,1154,4.33
1823,비빔밥,142,22.5,4.47,3.81,1.4,100,3.04
1824,GS 리테일 심플리쿡_비빔밥_간편조리세트_꼬막비빔밥,103,11.01,7.33,3.29,2.6,347,5.31
1825,브로콜리 버섯볶음,24,2.96,1.4,1.13,1.2,100,0.65
1826,브로콜리 채소무침,34,7.21,1.7,0.35,1.5,100,2.98
1827,브로콜리무침,32,7.01,1.6,0.25,1.5,100,2.9
1828,브로콜리볶음,51,5.53,4.42,1.28,4.5,90,1.42
1829,비름나물,27,3.82,1.9,0.99,2.3,100,0.74
1830,비름나물_간장,24,2.78,1.7,1.08,2.1,100,0.22
1831,비름나물_고추장,64,8.27,4.0,2.7,5.4,100,1.46
1832,비름나물_된장,28,3.56,2.2,1.05,2.6,100,0.45
1833,비름나물_소금,47,4.36,2.7,2.68,3.1,100,0.48
1834,CJ 쿡킷_불고기전골_간편조리세트_서울식 육수불고기,96,12.54,6.73,2.06,1.6,997,4.05
1835,GS 리테일 심플리쿡_불고기전골_간편조리세트_서울식불고기전골,41,4.91,3.74,0.7,0.6,1517,1.95
1836,프레시지_불고기전골_간편조리세트_서울식불고기전골,114,9.83,6.5,5.37,2.0,537,5.37
1837,불낙전골,37,1.3,3.5,2.02,0.7,100,0.5
1838,GS 리테일 심플리쿡_불낙전골_간편조리세트_이게불낙이야,63,5.32,6.6,1.75,0.3,1114,0.53
1839,불낙전골_해물,49,3.48,4.3,2.12,0.9,100,0.7
1840,붕어 매운탕,23,1.08,3.1,0.7,0.5,100,0.25
1841,붕어찜,76,6.51,4.94,3.35,3.9,1100,1.47
1842,브로콜리 두부무침,35,6.17,2.0,0.72,1.7,100,2.31
1843,북어국_무,18,1.07,2.23,0.48,0.3,100,0.31
1844,북어국_무_두부,25,1.01,3.4,0.74,0.4,100,0.23
1845,북어국_콩나물,18,1.09,2.42,0.52,0.3,100,0.23
1846,북어양념구이,137,6.62,20.3,2.93,0.9,100,2.29
1847,북어조림,182,17.14,20.83,3.33,2.1,100,8.2
1848,북어찜,157,12.0,18.73,3.8,2.0,150,4.27
1849,북어채 고추장 무침,296,14.1,36.6,10.34,3.2,100,4.13
1850,북어채무침,149,7.22,23.17,2.65,0.8,100,2.24
1851,교촌치킨_북어튀김_아  귀한 먹태,344,18.3,58.62,18.91,1.37,100,21.19
1852,분짜,136,19.75,5.91,3.66,0.9,100,5.47
1853,HY 잇츠온_불고기전골_간편조리세트_서울식 소불고기전골,104,10.38,5.96,4.34,1.4,803,5.3
1854,부추전,142,21.35,3.48,4.23,1.6,100,1.16
1855,부추전_해물,215,25.53,9.42,7.58,1.9,100,1.86
1856,북어강정,478,42.51,20.9,24.43,2.9,100,7.38
1857,북어강정_고추장양념,379,25.82,19.22,22.07,1.1,100,12.17
1858,북어구이,287,10.53,46.5,5.91,2.1,100,3.15
1859,북어국,28,0.84,3.89,0.98,1.1,400,0.12
1860,북어국_달걀,32,0.89,4.9,0.91,0.3,100,0.3
1861,부추무침,42,6.9,2.4,1.13,3.7,100,3.57
1862,부추무침_부추,24,3.95,1.02,0.74,1.8,100,2.11
1863,부추무침_부추_채소,30,4.43,1.16,1.13,1.9,100,2.31
1864,부추무침_부추만,70,11.58,3.25,1.21,3.1,100,7.67
1865,부추무침_양파,24,3.95,1.0,0.74,1.8,100,2.11
1866,부추무침_채소,30,4.43,1.2,1.13,1.9,100,2.31
1867,부추잡채,75,3.89,4.9,4.36,1.1,100,2.71
1868,신세계푸드 피코크_부대찌개_간편조리세트_의정부식부대찌개,106,10.7,3.36,5.55,1.5,1276,1.26
1869,GS 리테일 심플리쿡_부대찌개_간편조리세트_햄듬뿍부대찌개,94,8.62,4.87,4.46,0.8,897,1.57
1870,부추 겉절이,23,3.65,1.3,0.76,2.0,100,1.58
1871,부추 채소무침,22,4.01,1.1,0.67,1.2,100,2.24
1872,부추 초무침,23,3.66,1.1,0.78,1.9,100,1.76
1873,부추김치,71,8.42,3.03,2.83,2.9,100,5.14
1874,부추나물,18,1.99,1.2,0.88,1.6,100,0.89
1875,볶음밥_채소,115,21.37,2.9,1.69,1.2,100,0.76
1876,볶음밥_표고버섯,184,31.79,3.36,4.81,2.6,300,0.0
1877,볶음밥_해물,104,14.77,5.2,2.3,0.6,100,0.68
1878,볶음밥_햄,204,37.61,5.1,3.04,1.5,100,1.2
1879,볼락 매운탕,30,2.87,3.5,0.52,0.8,100,1.27
1880,부대찌개,67,6.62,3.07,3.1,1.5,600,1.03
1881,프레시지_부대찌개_간편조리세트_오뎅식당 부대찌개,145,6.77,6.27,10.31,1.0,1173,1.26
1882,막국수,216,43.29,8.3,0.71,3.0,100,2.94
1883,볶음밥_새우,175,28.2,4.5,4.9,1.3,100,1.32
1884,봉수아피자_볶음밥_새우볶음밥,161,25.72,2.6,3.37,1.45,300,1.6
1885,볶음밥_소고기,119,17.54,3.1,3.72,0.6,100,1.29
1886,교촌치킨_볶음밥_의성마늘 볶음밥,199,31.79,3.41,4.17,1.8,100,0.31
1887,볶음밥_참치,120,16.4,6.58,2.72,0.8,100,1.25
1888,볶음밥_참치_김치,150,22.82,7.2,2.61,0.6,100,0.28
1889,볶음밥_김치_돼지고기,193,35.17,5.2,2.89,2.1,100,1.28
1890,봉수아피자_볶음밥_낙지볶음밥,182,29.08,3.3,3.81,1.64,300,3.6
1891,교촌치킨_볶음밥_달걀듬뿍 볶음밥,170,27.16,5.38,3.56,1.54,100,0.75
1892,교촌치킨_볶음밥_닭갈비 볶음밥,180,28.76,5.0,3.77,1.63,100,4.0
1893,볶음밥_돼지고기,113,17.88,3.8,2.44,0.7,100,0.75
1894,볶음밥_맛살,134,24.28,3.5,2.07,0.9,100,1.04
1895,피자알볼로_볶음밥_목동햄볶음밥,171,27.32,3.09,3.58,1.55,340,1.03
1896,볶음밥_배추김치_돼지고기,113,19.46,4.05,1.83,1.1,100,1.02
1897,볶음밥_배추김치_소고기,118,20.55,3.45,2.05,1.0,100,0.82
1898,볶음밥_배추김치_참치,105,14.6,5.11,2.58,1.0,100,1.13
1899,굽네치킨_볶음밥_볼케이노 치즈 치밥,198,20.66,12.81,4.15,1.79,100,2.83
1900,봉수아피자_볶음밥_불고기볶음밥,175,27.96,3.8,3.66,1.58,300,3.3
1901,볶음밥_삼선,172,21.44,6.56,6.62,2.3,400,0.4
1902,볶음 우동,80,9.69,3.3,2.86,0.7,100,0.18
1903,프레시지_볶음면_간편조리세트_소고기 야끼소바,190,13.81,6.55,12.1,3.5,470,3.86
1904,볶음밥,183,33.97,5.56,2.76,1.7,350,0.0
1905,GS 리테일 심플리쿡_볶음밥_간편조리세트_돼지불백깍둑볶음누룽밥,186,17.92,10.82,7.84,1.1,598,4.16
1906,굽네치킨_볶음밥_갈비천왕 치즈 치밥,208,22.04,10.97,4.36,1.88,100,2.57
1907,볶음밥_계란,225,24.23,6.62,11.28,1.8,260,0.17
1908,볶음밥_김치,167,23.21,4.18,6.44,1.5,100,1.63
1909,보리밥,118,25.69,2.26,0.17,0.7,100,0.02
1910,보신탕,42,2.12,3.0,2.68,1.1,100,0.53
1911,보쌈김치,30,3.73,2.19,0.72,2.3,90,1.69
1912,복 매운탕,31,2.25,5.1,0.39,1.0,100,0.58
1913,복어튀김,277,13.55,29.5,10.38,0.5,100,0.02
1914,복죽,107,16.84,2.7,2.73,0.3,100,0.01
1915,복지리,30,1.49,5.6,0.31,0.6,100,0.35
1916,복찜,36,4.11,3.55,0.92,1.2,100,0.87
1917,파리바게뜨_베이글_플레인 베이글피자,239,38.82,7.78,6.34,2.36,90,5.56
1918,파리바게뜨_베이글_플레인 베이글허니월넛크림치즈,305,49.54,7.37,8.09,3.01,95,7.37
1919,커피베이_베이글_플레인 크림치즈,285,46.29,6.0,7.56,2.81,50,12.0
1920,투썸플레이스_베이글_플레인베이글,264,42.88,9.09,7.0,2.61,110,8.18
1921,투썸플레이스_베이글_호두베이글,277,44.99,10.91,7.35,2.74,110,6.36
1922,베이컨떡말이구이,239,29.9,6.3,10.55,1.6,100,3.76
1923,베이컨채소볶음,142,10.06,6.3,8.81,2.2,100,4.78
1924,병어구이,244,0.45,21.4,16.23,0.0,100,0.0
1925,병어조림,72,3.43,7.8,2.78,1.0,100,0.74
1926,병어찌개,54,3.4,5.3,2.06,1.0,100,1.08
1927,바나프레소_베이글_플레인 베이글,260,51.0,12.0,1.1,2.57,100,1.0
1928,따삐오_베이글_플레인 베이글,298,48.4,10.0,7.91,2.94,100,4.0
1929,커피마마_베이글_플레인 베이글,280,45.48,10.58,7.43,2.77,113,10.93
1930,던킨도너츠_베이글_플레인 베이글,273,54.55,10.0,1.64,2.7,110,6.36
1931,이디야_베이글_플레인 베이글,257,41.74,10.0,6.82,2.54,110,5.46
1932,탐앤탐스_베이글_플레인 베이글,277,55.45,9.09,1.82,2.74,110,11.82
1933,카페게이트_베이글_플레인 베이글,300,48.73,10.0,7.96,2.96,100,8.0
1934,던킨_베이글_플레인 베이글,262,42.56,9.17,6.95,2.59,120,4.17
1935,파리바게뜨_베이글_플레인 베이글,267,50.0,7.76,3.53,2.64,116,6.03
1936,달콤_베이글_플레인 베이글,298,48.4,10.0,7.91,2.94,100,4.0
1937,커피:니_베이글_플레인 베이글,281,45.64,10.91,7.45,2.78,110,11.0
1938,파리바게뜨_베이글_플레인 베이글&솔티드카라멜크림치즈,300,36.92,7.18,13.33,2.96,195,9.23
1939,파리바게뜨_베이글_플레인 베이글&솔티드카라멜크림치즈(파베이크),327,39.7,7.54,15.08,3.23,199,10.05
1940,할리스_베이글_플레인 베이글&크림치즈,265,43.04,9.42,7.03,2.62,138,4.35
1941,파스쿠찌_베이글_플레인 베이글&크림치즈,296,48.08,7.3,7.85,2.92,137,5.84
1942,파리바게뜨_베이글_플레인 베이글&허니월넛크림치즈(파베이크),290,51.22,7.93,5.49,2.86,164,6.71
1943,파리바게뜨_베이글_플레인 베이글(두번 쫄깃),267,43.37,7.76,7.08,2.64,116,6.04
1944,파리바게뜨_베이글_플레인 베이글(파베이크),300,54.17,8.33,5.0,2.96,120,6.67
1945,파리바게뜨_베이글_쫀득쫀득소시지 베이글,284,20.72,12.61,16.22,2.8,111,2.7
1946,커피에반하다_베이글_치즈 베이글,324,52.63,10.0,8.59,3.2,110,7.27
1947,커피:니_베이글_치즈 베이글,279,45.32,10.83,7.4,2.76,120,10.83
1948,카페띠아모_베이글_치즈 베이글,291,47.27,10.0,7.72,2.87,110,12.73
1949,커피베이_베이글_카야 크림치즈,290,47.1,5.6,7.69,2.86,50,13.6
1950,커피베이_베이글_컬러 베이글,241,39.15,5.73,6.39,2.38,110,6.36
1951,파리바게뜨_베이글_콘치즈피자 베이글,226,28.47,8.33,9.03,2.23,144,5.56
1952,이디야_베이글_크랜베리 월넛 베이글,268,43.53,9.09,7.11,2.65,110,7.27
1953,파리바게뜨_베이글_크림치즈 베이글,268,43.53,7.37,7.11,2.65,95,5.26
1954,따삐오_베이글_크림치즈 베이글,319,51.81,9.0,8.46,3.15,172,3.0
1955,커피:니_베이글_크림치즈 프레즐,279,45.32,8.0,7.4,2.76,100,8.0
1956,파리바게뜨_베이글_통곡물베이글,288,46.78,12.0,7.64,2.84,125,12.0
1957,던킨도너츠_베이글_트러플치즈 베이글,273,50.0,10.0,3.18,2.7,110,5.45
1958,달콤_베이글_플레인 리코타 치즈 베이글,242,39.31,8.33,6.42,2.39,120,7.5
1959,커피에반하다_베이글_플레인 베이글,251,40.77,10.0,6.66,2.48,110,4.55
1960,카페베네_베이글_플레인 베이글,316,51.33,10.91,8.38,3.12,110,10.0
1961,카페띠아모_베이글_플레인 베이글,277,44.99,10.0,7.35,2.74,110,10.91
1962,요거프레소_베이글_플레인 베이글,280,45.48,10.58,7.43,2.77,113,10.58
1963,메가커피_베이글_플레인 베이글,316,51.33,10.91,8.38,3.12,110,10.0
1964,달콤_베이글_어니언 베이글,293,47.59,10.0,7.77,2.89,100,5.0
1965,바나프레소_베이글_어니언 베이글,280,52.0,11.0,3.0,2.77,100,1.0
1966,카페게이트_베이글_어니언 베이글,304,49.38,10.0,8.06,3.0,100,14.0
1967,카페띠아모_베이글_어니언 베이글,277,44.99,10.0,7.35,2.74,110,10.91
1968,커피마마_베이글_어니언 베이글,290,47.1,9.7,7.69,2.86,113,13.14
1969,따삐오_베이글_어니언 베이글,293,47.59,10.0,7.77,2.89,100,5.0
1970,탐앤탐스_베이글_어니언 베이글,291,58.18,10.0,1.82,2.87,110,11.82
1971,커피에반하다_베이글_어니언 베이글,258,41.91,9.09,6.84,2.55,110,5.45
1972,파리바게뜨_베이글_어니언 베이글&고추장아찌크림치즈,258,35.5,7.0,9.5,2.55,200,5.5
1973,파스쿠찌_베이글_어니언베이글&크림치즈,293,47.59,10.0,7.77,2.89,100,5.0
1974,롤링핀_베이글_어니언치즈크림,299,48.57,2.9,25.4,2.95,300,11.6
1975,커피빈_베이글_에그 햄 치즈 베이글,227,33.33,11.43,6.02,2.24,210,5.71
1976,파스쿠찌_베이글_올리브 베이글&크림치즈,287,46.62,7.09,7.61,2.83,141,4.96
1977,토프레소_베이글_월넛 크림치즈 베이글,322,52.3,10.0,8.54,3.18,180,6.67
1978,롤링핀_베이글_쪽파 베이컨 크림치즈 베이글,297,35.0,9.2,13.4,2.93,136,6.8
1979,요거프레소_베이글_쫀득베이글 블루베리,271,44.02,7.94,7.19,2.68,100,9.7
1980,요거프레소_베이글_쫀득베이글 어니언,278,45.15,8.82,7.37,2.75,100,7.94
1981,요거프레소_베이글_쫀득베이글 플레인,274,44.51,0.35,7.27,2.71,100,7.05
1982,파스쿠찌_베이글_블루베리베이글&크림치즈,306,49.7,11.0,8.12,3.02,100,8.0
1983,파스쿠찌_베이글_뺑오레젱,375,60.91,5.88,9.95,3.7,68,13.24
1984,파리바게뜨_베이글_세가지치즈베이글,230,37.36,8.87,6.1,2.27,124,4.84
1985,할리스_베이글_소금버터 베이글,300,48.73,10.0,7.96,2.96,100,12.0
1986,던킨도너츠_베이글_소시지 인 치즈 베이글,283,45.97,12.96,7.51,2.79,108,1.85
1987,던킨_베이글_소시지 인 치즈 베이글,283,45.97,12.96,7.51,2.79,108,1.85
1988,커피베이_베이글_스트로베리 크림치즈,280,45.48,4.8,7.43,2.77,50,20.2
1989,파리바게뜨_베이글_시금치바질 베이글&플레인크림치즈,273,38.5,7.5,9.5,2.7,200,5.5
1990,파리바게뜨_베이글_시금치바질 베이글&플레인크림치즈(파베이크),284,38.69,7.54,10.55,2.8,199,5.53
1991,파리바게뜨_베이글_시금치바질&토마토크림치즈,271,38.54,7.32,9.76,2.68,205,5.37
1992,파리바게뜨_베이글_씨앗 베이글,289,47.97,8.94,6.5,2.85,123,5.69
1993,파리바게뜨_베이글_씨앗 베이글&솔티드카라멜크림치즈,305,40.0,8.0,12.5,3.01,200,7.5
1994,던킨_베이글_아메리칸 치즈 베이글,278,45.15,9.43,7.37,2.75,106,3.77
1995,카페베네_베이글_어니언 베이글,324,52.63,10.91,8.59,3.2,110,10.0
1996,이디야_베이글_어니언 베이글,280,45.48,7.0,7.43,2.77,100,9.0
1997,요거프레소_베이글_어니언 베이글,290,47.1,9.7,7.69,2.86,113,13.23
1998,파리바게뜨_베이글_어니언 베이글,280,48.28,7.76,6.03,2.77,116,6.03
1999,커피:니_베이글_어니언 베이글,290,47.1,10.0,7.69,2.86,110,13.09
2000,훈제오리,259,3.86,26.85,15.16,0.0,100,0.41
2001,훠궈_소고기,93,6.83,4.81,5.11,1.8,100,1.13
2002,흑미밥,120,25.73,2.3,0.37,0.7,100,0.17
2003,흑미밥_찹쌀,121,26.51,2.19,0.16,0.5,100,0.02
2004,흑임자 죽,106,16.36,2.2,3.37,1.1,100,0.15
2005,흑임자죽,61,3.64,1.1,4.73,0.7,400,0.15
2006,흰죽,64,13.49,1.2,0.28,0.3,100,0.09
2007,할리스_베이글_블루베리 베이글&크림치즈,269,43.69,8.7,7.14,2.66,138,5.07
2008,파리바게뜨_베이글_블루베리 베이글&허니월넛크림치즈,273,49.07,6.83,3.73,2.7,161,11.8
2009,파리바게뜨_베이글_블루베리 베이글허니월넛크림치즈,284,46.13,7.37,7.53,2.8,95,8.42
2010,커피베이_베이글_블루베리 크림치즈,282,45.8,4.8,7.48,2.78,50,22.0
2011,파리바게뜨_베이글_블루베리베이글,270,43.86,7.03,7.16,2.67,128,13.28
2012,홍합 무국,19,1.36,2.7,0.24,0.1,100,0.2
2013,홍합 미나리죽,79,16.37,2.3,0.3,1.2,100,0.74
2014,홍합 미역국,17,1.05,1.8,0.77,0.6,100,0.0
2015,호박죽,58,13.33,1.1,0.22,1.5,100,3.96
2016,호박찌개,32,4.07,1.87,0.87,1.4,300,1.93
2017,호박찌개_고추장,41,5.96,2.08,0.99,1.2,280,0.56
2018,혼합잡곡밥,118,25.63,2.3,0.22,0.7,100,0.07
2019,홍어무침,99,12.98,8.93,1.32,3.4,200,7.23
2020,홍어찌개,51,3.15,7.7,0.97,1.5,100,0.79
2021,홍어찜,41,1.49,7.2,0.54,0.3,100,0.29
2022,홍어회무침,83,8.81,7.5,2.13,1.4,100,5.44
2023,피자헛_피자_직화불고기 피자 프리첼 치즈 (L),273,27.86,10.48,11.61,2.7,1015,6.19
2024,현미죽,64,15.2,1.2,0.4,0.6,100,0.4
2025,호떡,147,20.14,2.7,5.91,0.9,100,4.76
2026,호떡_견과류,314,57.12,5.41,7.07,2.1,150,0.73
2027,이디야_호떡_꿀호떡,280,38.36,6.25,11.26,1.71,80,13.75
2028,뚜레쥬르_호떡_순꿀호떡,318,43.57,6.76,12.78,1.95,74,25.68
2029,이디야_호떡_아이스크림 호떡,183,25.07,4.91,7.36,1.12,285,4.56
2030,뚜레쥬르_호떡_쫀득고구마호떡 (3개입),306,41.92,2.72,12.3,1.87,147,17.69
2031,파리바게뜨_호떡_쫀득흑당호떡,377,51.65,8.18,15.16,2.31,110,20.91
2032,파리바게뜨_호떡_흑당가득품은호떡,324,44.39,8.57,13.03,1.98,105,20.0
2033,파리바게뜨_호밀빵_멀티그레인 호밀브레드,263,37.33,8.0,8.0,2.6,150,2.67
2034,롤링핀_호밀빵_무화과 통밀 로프,273,27.86,5.91,11.61,2.7,220,19.09
2035,파리바게뜨_호밀빵_파란라벨 멀티그레인호밀빵,329,33.57,11.43,14.0,3.25,210,3.81
2036,롤링핀_호밀빵_행복드림,226,23.06,4.85,9.61,2.23,330,11.21
2037,파리바게뜨_호밀빵_호두호밀브레드,295,30.1,9.0,12.55,2.91,240,6.0
2038,호박 된장국,17,2.17,1.2,0.4,0.8,100,0.49
2039,토프레소_허니브레드_베리 브레드,202,25.74,2.83,6.92,1.99,460,15.43
2040,커피에반하다_허니브레드_살사부기 브레드,214,27.27,9.41,7.33,2.11,170,4.71
2041,토프레소_허니브레드_생딸기 크림 브레드,218,27.78,3.81,7.47,2.15,420,2.86
2042,요거프레소_허니브레드_생크림 딸기 브래드,191,24.34,2.83,6.54,1.89,389,7.2
2043,요거프레소_허니브레드_생크림 망고 브래드,225,28.67,3.06,7.71,2.22,360,14.17
2044,파스쿠찌_허니브레드_생크림 허니브레드,310,39.5,4.29,10.62,3.06,210,14.29
2045,스타벅스_허니브레드_스모크드 소시지 브레드,306,38.99,8.24,10.48,3.02,170,4.12
2046,커피마마_허니브레드_시나몬 멜츠 브레드,443,56.45,7.27,15.17,4.37,110,28.18
2047,파스쿠찌_허니브레드_애플 시나몬 허니 브레드,305,38.86,4.0,10.45,3.01,240,15.0
2048,파스쿠찌_허니브레드_애플 허니브레드,305,38.86,4.13,10.45,3.01,240,15.0
2049,투썸플레이스_허니브레드_올리브치즈브레드,433,55.18,19.26,14.83,4.28,135,1.48
2050,카페띠아모_허니브레드_젤라또 브레드,257,32.75,6.96,8.8,2.54,345,9.57
2051,파스쿠찌_허니브레드_젤라또 허니브레드,290,36.95,4.0,9.93,2.86,260,16.0
2052,카페베네_허니브레드_카라멜 시나몬 브레드,299,38.1,6.4,10.24,2.95,203,9.85
2053,커피마마_허니브레드_카라멜브레드,381,48.55,6.63,13.05,3.76,258,13.26
2054,커피베이_허니브레드_토피넛 브레드,217,27.65,4.01,7.43,2.14,279,20.43
2055,커피마마_허니브레드_피넛버터브레드,354,45.11,10.98,12.12,3.5,297,7.95
2056,탐앤탐스_허니브레드_허니 넛트 브레드,433,37.72,7.02,28.51,4.28,228,10.53
2057,햄볶음_채소,183,9.6,10.47,11.37,1.8,220,3.33
2058,햄부침,237,7.93,19.6,13.67,0.1,100,1.19
2059,햄샌드위치,192,19.19,5.4,10.38,1.6,100,2.16
2060,햄샌드위치_치즈,252,26.33,8.3,12.58,1.9,100,2.48
2061,햄샐러드,149,16.65,4.4,7.38,1.7,100,5.87
2062,햄전,241,8.44,19.54,13.5,0.1,100,1.26
2063,햄채소볶음,296,14.04,11.6,21.92,2.9,100,8.28
2064,버거킹_햄버거_콰트로치즈와퍼,268,24.31,12.99,12.73,2.47,331,1.81
2065,버거킹_햄버거_콰트로치즈와퍼주니어,263,23.86,11.73,12.49,2.43,179,2.24
2066,버거킹_햄버거_크리스퍼 치폴레,221,20.05,10.88,10.5,2.04,239,2.51
2067,버거킹_햄버거_크리스퍼 클래식,257,23.32,11.31,12.21,2.37,221,4.07
2068,버거킹_햄버거_크리스퍼 클래식 BLT,240,21.77,11.38,11.4,2.21,246,2.85
2069,버거리_햄버거_클래식치즈버거,298,27.03,10.09,14.16,2.75,202,6.54
2070,노브랜드버거_햄버거_클럽 샌드위치 버거,198,17.96,10.33,9.4,1.83,242,3.72
2071,뉴욕버거_햄버거_텍사스스테이크버거,229,20.77,13.04,10.88,2.11,207,5.31
2072,노브랜드버거_햄버거_통마늘 베이컨,271,24.59,11.86,12.87,2.5,194,3.61
2073,버거리_햄버거_통모짜치즈버거,278,25.22,13.01,13.2,2.56,255,4.48
2074,버거킹_햄버거_트러플 머쉬룸 와퍼,234,21.23,11.39,11.12,2.16,325,1.85
2075,노브랜드버거_햄버거_트리플 베이컨,253,22.95,12.94,12.02,2.33,255,3.53
2076,버거리_햄버거_프레쉬버거,264,23.95,11.88,12.54,2.44,208,6.22
2077,버거리_햄버거_하와이안버거,239,21.68,10.55,11.35,2.2,253,7.53
2078,롯데리아_햄버거_한우불고기,217,19.69,8.93,10.31,2.0,263,5.7
2079,버거리_햄버거_할라피뇨더블치즈버거,299,27.13,18.06,14.2,2.76,276,3.13
2080,버거리_햄버거_할라피뇨치즈버거,304,27.58,26.85,14.44,2.8,180,3.89
2081,버거리_햄버거_핫치폴레버거,262,23.77,11.86,12.44,2.42,240,6.84
2082,버거킹_햄버거_핫트러플머쉬룸와퍼,254,23.04,12.28,12.06,2.34,285,2.46
2083,청년피자_피자_진짜감자 피자 (L),279,28.47,12.51,11.87,2.76,1074,0.52
2084,버거리_햄버거_빅버거리버거,264,23.95,11.88,12.54,2.44,285,5.01
2085,버거리_햄버거_빅비프앤쉬림프버거,302,27.4,11.9,14.34,2.79,322,3.69
2086,버거리_햄버거_빅소불고기버거,303,27.49,12.75,14.39,2.8,232,5.83
2087,버거리_햄버거_빅에그베이컨버거,280,25.4,13.4,13.3,2.58,293,3.23
2088,버거리_햄버거_빅에그불고기버거,308,27.94,13.67,14.63,2.84,296,4.56
2089,버거리_햄버거_빅클래식치즈버거,282,25.58,14.78,13.4,2.6,252,5.79
2090,버거리_햄버거_빅프레쉬버거,258,23.41,11.36,12.26,2.38,253,5.02
2091,버거리_햄버거_빅하와이안버거,276,25.04,11.8,13.11,2.55,334,10.1
2092,버거리_햄버거_빅할라피뇨더블치즈버거,299,27.13,13.93,14.2,2.76,359,2.49
2093,버거리_햄버거_빅할라피뇨치즈버거,306,27.76,19.07,14.54,2.82,246,3.21
2094,버거리_햄버거_빅핫치폴레버거,239,21.68,9.96,11.35,2.2,285,5.55
2095,맘스터치_햄버거_새우불고기버거,238,21.59,7.58,11.3,2.2,252,7.77
2096,햄버거_소고기패티,271,35.76,11.94,8.94,2.5,100,6.59
2097,햄버거_소고기패티_토마토_양상추,229,18.01,9.55,13.23,7.2,100,4.78
2098,버거리_햄버거_소불고기버거,291,26.4,10.46,13.82,2.68,190,6.84
2099,뉴욕버거_햄버거_스리라차커틀릿버거,235,21.32,9.48,11.16,2.17,232,2.15
2100,뉴욕버거_햄버거_스위스허니더블치즈,235,21.32,11.0,11.16,2.17,191,3.14
2101,노브랜드버거_햄버거_시그니처,249,22.59,9.86,11.83,2.3,213,4.23
2102,피자스쿨_피자_직화홀릭바이트피자,296,30.2,13.91,12.59,2.92,805,5.22
2103,롯데리아_햄버거_더블 한우불고기버거,228,20.68,11.21,10.83,2.1,352,5.11
2104,버거킹_햄버거_더블비프불고기버거,297,26.94,13.68,14.11,2.74,190,3.16
2105,롯데리아_햄버거_더블엑스투버거,314,28.49,11.09,14.92,2.9,228,3.07
2106,노브랜드버거_햄버거_더블치즈 베이컨 시그니처,242,21.95,10.97,11.5,2.23,228,3.07
2107,버거리_햄버거_더블클래식치즈버거,291,26.4,16.22,13.82,2.68,274,4.82
2108,버거킹_햄버거_더오치 맥시멈 2,272,24.68,14.14,12.92,2.51,375,2.4
2109,버거킹_햄버거_더오치 맥시멈 3,299,27.13,16.17,14.2,2.76,501,2.2
2110,버거킹_햄버거_더오치 맥시멈 원파운더,295,26.76,17.49,14.01,2.72,606,2.81
2111,롯데리아_햄버거_데리버거,260,23.59,9.27,12.35,2.4,134,7.46
2112,KFC_햄버거_데리야끼불고기,250,22.68,6.09,11.88,2.31,230,10.87
2113,햄버거_돼지고기,204,19.35,9.1,9.69,1.6,100,2.85
2114,맘스터치_햄버거_디럭스불고기버거,260,23.59,10.15,12.35,2.4,236,6.85
2115,버거킹_햄버거_딥트러플머쉬룸더블,279,25.31,14.33,13.25,2.57,356,1.41
2116,롯데리아_햄버거_리아 불고기,253,22.95,10.57,12.02,2.33,188,5.32
2117,롯데리아_햄버거_리아 불고기 더블,282,25.58,13.49,13.4,2.6,270,4.45
2118,롯데리아_햄버거_리아 불고기 베이컨,237,21.5,10.09,11.26,2.19,220,5.0
2119,노브랜드버거_햄버거_메가바이트,304,27.58,8.8,14.44,2.8,216,3.24
2120,해물탕,45,2.77,6.63,0.78,1.0,600,0.13
2121,GS 리테일 심플리쿡_해물탕_간편조리세트_바다를 품은 해물탕,33,2.02,4.11,0.96,0.9,1216,0.86
2122,해물파전,106,10.63,6.0,3.99,0.5,100,0.28
2123,CJ 쿡킷_해물파전_간편조리세트_모둠해물파전,205,17.29,6.81,12.09,1.3,1330,2.02
2124,해신탕,57,2.03,7.93,1.88,0.8,100,0.41
2125,해장국_뼈다귀,71,2.34,7.46,3.57,1.7,1000,0.57
2126,해장국_선지,29,1.23,3.86,0.96,0.4,600,0.0
2127,해장국_우거지,26,2.25,1.98,0.98,1.4,600,0.42
2128,해초무침,39,8.52,0.95,0.16,4.3,100,3.95
2129,해파리냉채,31,5.64,1.5,0.46,0.8,100,3.23
2130,햄구이,148,1.95,20.2,6.51,0.0,100,1.5
2131,소곱창 볶음,178,4.99,9.0,13.58,2.4,100,1.79
2132,피자헛_피자_치즈킹리치골드 (L),262,26.73,12.4,11.14,2.59,1236,3.31
2133,순대볶음,146,19.18,5.18,5.33,2.7,400,1.35
2134,프레시지_순대볶음_간편조리세트_매콤 깻잎 순대볶음,166,22.51,2.89,7.12,2.0,579,3.71
2135,HY 잇츠온_순대볶음_간편조리세트_신림동 백순대볶음,210,21.08,4.56,11.98,1.7,813,2.89
2136,프레시지_순대볶음_간편조리세트_신림동 백순대볶음,150,23.43,2.9,4.99,1.9,532,2.86
2137,순대볶음_곱창,115,13.19,5.45,4.74,2.8,100,2.63
2138,순대볶음_떡,92,13.27,2.74,3.42,2.2,100,2.29
2139,순대볶음_백순대,196,22.45,3.62,10.23,4.0,100,1.69
2140,순대볶음_채소,89,14.81,1.8,2.71,1.3,100,2.52
2141,순대전골,76,6.28,5.61,3.18,1.4,100,0.68
2142,신세계푸드 피코크_순두부찌개_간편조리세트_강릉식 짬뽕 순두부,42,2.78,3.78,1.74,1.1,912,1.04
2143,HY 잇츠온_순두부찌개_간편조리세트_우삼겹 순두부찌개,43,2.44,3.54,2.09,1.0,1598,1.2
2144,프레시지_순두부찌개_간편조리세트_우삼겹 순두부찌개,47,3.08,3.75,2.16,0.7,881,2.51
2145,프레시지_순두부찌개_간편조리세트_짬뽕순두부찌개,51,3.2,3.82,2.52,0.9,1359,0.7
2146,수수경단,218,43.1,8.2,1.4,2.15,100,11.31
2147,수수밥,122,26.0,2.4,0.4,0.9,100,0.17
2148,수수부꾸미,248,42.1,5.73,6.29,7.9,100,0.24
2149,수수팥떡,204,43.03,6.7,0.59,8.6,100,2.82
2150,수육_소고기,145,1.34,22.3,4.93,0.3,100,0.4
2151,수육_소고기_꼬리,84,0.0,6.0,6.27,0.0,100,0.0
2152,수제비,58,11.08,2.31,0.52,1.1,650,0.0
2153,GS 리테일 심플리쿡_수제비_간편조리세트_들깨버섯 수제비,83,14.83,2.88,1.34,1.2,1494,0.83
2154,GS 리테일 심플리쿡_수제비_간편조리세트_우삼겹 짬뽕 수제비,110,13.51,3.62,4.58,1.1,1415,1.94
2155,GS 리테일 심플리쿡_수제비_간편조리세트_해물 백짬뽕 수제비,79,10.76,3.63,2.4,0.7,1542,1.14
2156,크로플덕오리아가씨_머핀_휘낭시에 플레인,447,53.49,4.65,20.93,4.41,43,34.88
2157,메기 매운탕,59,7.39,4.0,1.46,1.0,100,0.69
2158,메기찜,71,5.37,7.3,2.33,1.4,100,0.77
2159,메밀국수_온면,63,12.06,3.14,0.29,0.8,350,0.0
2160,메밀묵 무침,65,12.05,1.6,1.27,1.8,100,1.46
2161,메밀묵국,61,11.24,1.5,1.22,1.7,100,1.37
2162,메밀소바,86,17.96,2.49,0.32,0.7,100,1.44
2163,GS 리테일 심플리쿡_메밀소바_간편조리세트_부타이 마제소바,146,21.44,5.68,4.22,1.3,914,3.06
2164,메밀전,161,34.79,4.02,0.64,3.0,180,0.3
2165,메추리알 돼지고기장조림,131,4.62,12.5,6.35,0.3,100,0.77
2166,메추리알 어묵조림,156,15.39,9.3,6.19,0.6,100,7.23
2167,카페띠아모_머핀_치즈 머핀,401,46.38,7.14,21.28,3.96,140,10.0
2168,커피:니_머핀_치즈 머핀,336,38.87,5.33,17.83,3.32,150,20.0
2169,롤링핀_머핀_카러멜 마들렌,394,45.57,5.6,20.91,3.89,40,23.2
2170,롤링핀_머핀_캐러멜 마들렌,394,45.1,5.6,21.2,3.89,35,23.2
2171,뚜레쥬르_머핀_코코넛블루베리머핀,374,43.26,2.61,19.85,3.69,115,32.17
2172,이디야_머핀_크림치즈 머핀,393,45.45,6.36,20.91,3.88,110,24.55
2173,할리스_머핀_클래식 휘낭시에,400,46.27,7.5,21.23,3.95,40,30.0
2174,뚜레쥬르_머핀_클래식휘낭시에,438,50.66,7.5,23.25,4.33,40,27.5
2175,따삐오_머핀_플레인 머핀,446,51.59,4.0,23.67,4.4,140,26.0
2176,파스쿠찌_머핀_피낭시에,385,44.53,7.69,20.43,3.8,26,26.92
2177,던킨도너츠_머핀_허쉬초코 머핀,440,51.0,7.0,23.0,4.35,100,29.0
2178,블루샥_머핀_헤이즐넛 휘낭시에,527,60.96,6.29,27.97,5.2,35,35.43
2179,투썸플레이스_머핀_휘낭시에 글루텐프리,575,66.51,7.5,30.52,5.68,40,102.5
2180,크로플덕오리아가씨_머핀_휘낭시에 로투스,535,67.44,6.98,25.58,5.28,43,41.86
2181,크로플덕오리아가씨_머핀_휘낭시에 소보로,526,65.12,6.98,25.58,5.19,43,39.53
2182,크로플덕오리아가씨_머핀_휘낭시에 소시지,667,55.81,11.63,39.53,6.59,43,37.21
2183,크로플덕오리아가씨_머핀_휘낭시에 약과,572,72.09,6.98,25.58,5.65,43,39.53
2184,크로플덕오리아가씨_머핀_휘낭시에 오레오,563,69.77,6.98,27.91,5.56,43,44.19
2185,크로플덕오리아가씨_머핀_휘낭시에 크림치즈,509,55.81,6.98,27.91,5.03,43,34.88
2186,블루샥_머핀_얼그레이 바통휘낭시에,513,59.34,7.9,27.23,5.07,38,36.84
2187,블루샥_머핀_얼그레이 휘낭시에,527,60.96,6.29,27.97,5.2,35,35.43
2188,메가커피_머핀_잉글리쉬 머핀,236,27.3,11.67,12.52,2.33,120,2.5
2189,롤링핀_머핀_초코 마들렌,418,42.0,6.5,24.9,4.13,35,17.4
2190,따삐오_머핀_초코 머핀,423,48.93,5.0,22.45,4.18,140,24.0
2191,커피베이_머핀_초코 머핀,442,51.13,6.15,23.46,4.37,130,20.0
2192,커피마마_머핀_초코 머핀,400,46.27,7.86,21.23,3.95,140,28.21
2193,파스쿠찌_머핀_초코 바나나 머핀,356,41.18,5.56,18.89,3.52,90,22.22
2194,청자다방_머핀_초코범벅,429,49.62,6.0,22.77,4.24,100,34.0
2195,더벤티_머핀_초코범벅,429,49.62,5.71,22.77,4.24,175,34.29
2196,뚜레쥬르_머핀_초코청크머핀,404,46.73,4.35,21.44,3.99,115,23.48
2197,이디야_머핀_초코칩 머핀,359,41.53,5.46,19.05,3.55,110,23.64
2198,커피에반하다_머핀_초코칩 머핀,376,43.49,6.36,19.95,3.71,110,8.18
2199,커피:니_머핀_초코칩 머핀,603,69.75,5.0,32.0,5.96,120,27.5
2200,할리스_머핀_초콜릿 휘낭시에,400,46.27,7.5,21.23,3.95,40,32.5
2201,투썸플레이스_머핀_초콜릿휘낭시에 글루텐프리,575,66.51,7.5,30.52,5.68,40,102.5
2202,블루샥_머핀_츄러스 바통휘낭시에,530,61.31,6.98,28.13,5.23,43,32.56
2203,커피베이_머핀_치즈 머핀,432,49.97,6.15,22.93,4.27,130,21.54
2204,커피에반하다_머핀_치즈 머핀,373,43.15,7.27,19.8,3.68,110,20.91
2205,투썸플레이스_머핀_까놀레,333,38.52,4.44,17.67,3.29,45,8.89
2206,던킨_머핀_던킨 초코 머핀,440,50.9,7.0,23.35,4.35,100,29.0
2207,할리스_머핀_레몬 글라세 마들렌,391,45.23,4.55,20.75,3.86,44,25.0
2208,롤링핀_머핀_레몬 마들렌,397,42.3,5.9,22.7,3.92,35,22.1
2209,파스쿠찌_머핀_마드렌,438,50.66,6.25,23.25,4.33,16,18.75
2210,카페베네_머핀_마들렌,465,53.79,6.0,24.68,4.59,100,32.0
2211,카페루앤비_머핀_머핀,343,39.68,3.57,18.2,3.39,140,19.29
2212,블루샥_머핀_무화과크림치즈 바통휘낭시에,474,54.83,5.71,25.16,4.68,35,34.29
2213,이디야_머핀_밀크 휘낭시에,478,55.29,7.78,25.37,4.72,45,28.89
2214,뚜레쥬르_머핀_밤이통통마들렌,438,50.66,7.5,23.25,4.33,40,2.25
2215,커피:니_머핀_블루베리 머핀,323,37.36,3.7,17.14,3.19,135,21.48
2216,이디야_머핀_블루베리 머핀,394,45.45,5.45,20.91,3.89,110,26.36
2217,따삐오_머핀_블루베리 머핀,439,50.78,4.0,23.3,4.34,140,27.0
2218,커피베이_머핀_블루베리 머핀,439,50.78,6.15,23.3,4.34,130,21.54
2219,커피마마_머핀_블루베리 머핀,408,47.19,5.64,21.65,4.03,140,28.93
2220,투썸플레이스_머핀_생미쉘시트러스마들렌,500,57.84,5.0,26.54,4.94,40,35.0
2221,뚜레쥬르_머핀_쌀휘낭시에,333,38.52,6.67,17.67,3.29,30,16.67
2222,블루샥_머핀_약과 바통휘낭시에,461,53.32,10.53,24.47,4.55,38,31.58
2223,파스쿠찌_머핀_얼그레이 레몬 머핀,378,43.72,5.56,20.06,3.73,90,17.78
2224,매운탕_서더리,30,0.63,4.02,1.27,0.5,100,0.0
2225,매운탕_아귀,25,2.14,3.75,0.34,0.9,100,0.52
2226,매운탕_우럭,30,2.82,3.5,0.6,1.0,100,0.7
2227,매운탕_조기,64,2.88,5.85,3.23,2.0,600,0.72
2228,매운탕_짱뚱어,31,2.77,1.92,1.42,1.4,600,0.4
2229,매운탕_해물,33,1.83,5.49,0.53,0.7,100,0.52
2230,매작과,413,66.11,7.51,13.15,2.8,30,16.42
2231,머위나물,25,2.42,1.5,1.34,1.5,100,0.41
2232,머위나물_소금,31,3.07,2.2,1.56,2.2,100,0.19
2233,머위나물무침,85,2.49,1.62,7.66,2.0,100,0.44
2234,머위나물볶음,72,5.07,2.33,4.67,3.5,150,1.2
2235,머위대나물무침,58,4.76,3.96,2.56,1.5,50,0.34
2236,머핀,384,59.15,5.73,13.84,1.1,130,39.65
2237,롤링핀_머핀_게랑트쇼콜라 (L),536,62.0,4.7,29.9,5.29,70,37.3
2238,맛살전,231,29.76,9.9,7.47,0.5,100,3.11
2239,망둥어찌개,44,3.4,5.9,0.85,1.0,100,1.08
2240,망둥어찜,52,2.96,8.5,0.7,1.2,100,0.68
2241,매생이국,24,2.68,2.0,0.56,1.9,500,0.08
2242,매실장아찌,243,58.11,1.65,0.43,3.9,30,38.16
2243,매실장아찌_우메보시(일본),65,11.03,1.27,1.77,3.4,30,7.87
2244,매운 어묵볶음,90,11.02,5.1,2.93,0.5,100,2.38
2245,매운탕_광어,70,1.52,9.74,2.77,0.7,600,0.24
2246,매운탕_대구,60,2.81,9.56,1.2,1.5,600,0.18
2247,매운탕_동태_해물,36,1.76,5.75,0.69,0.8,100,0.48
2248,매운탕_메기,67,8.1,4.77,1.7,1.7,600,0.95
2249,매운탕_메기_해물,45,4.4,4.12,1.29,0.9,100,0.93
2250,마파두부,109,5.36,7.29,6.48,2.2,160,2.45
2251,만두국_김치만두,66,7.63,3.7,2.34,1.9,100,0.48
2252,만두국_사골,87,8.94,3.74,4.0,1.1,700,0.06
2253,만두전골,57,5.55,3.61,2.23,1.5,100,0.7
2254,HY 잇츠온_만두전골_간편조리세트_얼큰왕만두전골,75,11.35,2.67,2.07,1.3,1771,1.58
2255,만두탕수,85,11.04,2.9,3.28,1.9,100,1.65
2256,프레드피자_피자_치즈피자오리지널(L),289,29.49,17.3,12.29,2.86,680,3.89
2257,도미노피자_피자_치즈하이프로틴도우(L),273,27.86,14.67,11.61,2.7,767,3.33
2258,커피:니_마카롱_핑크딸기 마카롱,427,49.42,4.17,23.72,4.22,48,29.17
2259,파리바게뜨_마카롱_핑크솔티드 카라멜 마카롱,375,43.4,4.17,20.83,3.7,24,41.67
2260,마리웨일237_마카롱_허니레몬 마카롱,470,54.39,4.85,26.11,4.64,100,40.0
2261,요거프레소_마카롱_호박고구마 마카롱,190,21.99,1.9,10.55,1.88,21,19.05
2262,청자다방_마카롱_황치즈 뚱카롱,486,56.25,7.0,27.0,4.8,100,29.0
2263,바나프레소_마카롱_황치즈 마카롱,553,59.0,7.69,30.72,5.46,32,44.25
2264,뚜레쥬르_마카롱_흑마크론,441,51.04,5.88,24.5,4.36,17,35.29
2265,뚜레쥬르_마카롱_쿠키앤크림뚱카롱,420,48.61,4.0,23.33,4.15,25,36.0
2266,더벤티_마카롱_쿠키크림 벤카롱,429,49.65,5.71,23.83,4.24,35,40.0
2267,메가커피_마카롱_쿠키프라페 마카롱,480,58.0,6.0,24.0,4.74,50,42.0
2268,마리웨일237_마카롱_크랜베리딸기 마카롱,447,51.73,4.22,24.83,4.41,100,42.19
2269,팔공티_마카롱_크림 브륄레 마카롱,1338,154.85,15.0,74.32,13.21,40,82.5
2270,더리터_마카롱_크림브륄레 마카롱,493,48.0,7.0,27.38,4.87,30,43.0
2271,마리웨일237_마카롱_크림치즈티라미수 마카롱,482,55.78,4.62,26.77,4.76,100,39.27
2272,마리웨일237_마카롱_타르트에빠진레드벨벳치즈 마카롱,500,57.87,5.88,27.77,4.94,51,33.33
2273,커피:니_마카롱_토피넛크런치 마카롱,435,50.34,4.17,24.16,4.3,48,31.25
2274,마리웨일237_마카롱_패션후르츠 마카롱,303,35.07,2.63,16.83,2.99,38,28.95
2275,메가커피_마카롱_퐁크러쉬 마카롱,491,56.82,8.09,27.27,4.85,47,41.28
2276,파리바게뜨_마카롱_프렌치 블루베리 마카롱,375,50.0,4.17,20.83,3.7,24,41.67
2277,요거프레소_마카롱_피스타치오 마카롱,190,21.99,1.9,10.55,1.88,21,19.05
2278,투썸플레이스_마카롱_피스타치오 마카롱,440,50.92,4.0,24.44,4.35,25,48.0
2279,뚜레쥬르_마카롱_피스타치오뚱카롱,500,57.87,7.41,27.77,4.94,27,29.63
2280,마리웨일237_마카롱_피치오레오 마카롱,332,38.42,2.63,18.44,3.28,38,34.21
2281,마리웨일237_마카롱_핑쿠핑쿠 마카롱,500,57.87,3.23,27.77,4.94,31,35.48
2282,피자마루_피자_치즈핵폭탄 피자 (L),293,29.9,23.44,12.46,2.9,1280,1.07
2283,이디야_마카롱_초콜릿 마카롱,452,52.31,3.7,25.11,4.46,27,59.26
2284,바나프레소_마카롱_초콜릿 마카롱,550,62.38,7.69,30.55,5.43,32,45.66
2285,팔공티_마카롱_쵸쿄 마카롱,456,52.77,7.41,25.33,4.5,27,59.26
2286,토프레소_마카롱_치즈 마카롱,496,57.4,4.0,27.55,4.9,25,32.0
2287,더리터_마카롱_치즈케이크 마카롱,450,45.0,7.0,25.0,4.44,30,27.67
2288,팔공티_마카롱_카라멜 마카롱,471,54.51,5.88,26.16,4.65,34,55.88
2289,요거프레소_마카롱_카라멜 마카롱,190,21.99,1.9,10.55,1.88,21,19.05
2290,뚜레쥬르_마카롱_카라멜솔티드 뚱카롱,400,46.29,8.0,22.22,3.95,25,36.0
2291,뚜레쥬르_마카롱_커피마카롱,389,45.02,5.0,21.61,3.84,18,55.56
2292,더벤티_마카롱_코코초코 벤카롱,511,59.14,5.71,28.38,5.05,35,34.29
2293,드롭탑_마카롱_쿠앤크 마카롱,435,50.34,4.17,1.88,4.3,48,25.0
2294,토프레소_마카롱_쿠앤크 마카롱,496,57.4,4.0,27.55,4.9,25,32.0
2295,마리웨일237_마카롱_쿠쿠촉촉(오레오) 마카롱,485,56.13,6.67,26.94,4.79,100,44.24
2296,마리웨일237_마카롱_쿠쿠촉촉(오레오)가나슈 마카롱,429,49.65,6.25,23.83,4.24,24,40.42
2297,마리웨일237_마카롱_쿠쿠피그 마카롱,513,59.37,5.13,28.5,5.07,39,33.33
2298,마리웨일237_마카롱_쿠크샌드 마카롱,400,46.29,4.0,22.22,3.95,45,44.44
2299,이디야_마카롱_쿠키 앤 크림 마카롱,483,55.9,6.67,26.83,4.77,30,26.67
2300,바나프레소_마카롱_쿠키앤크림 마카롱,550,62.53,7.47,30.55,5.43,32,49.91
2301,커피:니_마카롱_쿠키앤크림 마카롱,435,50.34,6.25,24.16,4.3,48,25.0
2302,팔공티_마카롱_인절미 마카롱,1070,123.83,12.0,59.43,10.57,50,66.0
2303,마리웨일237_마카롱_천사의눈물(우유) 마카롱,413,47.8,6.88,22.94,4.08,16,46.88
2304,마리웨일237_마카롱_초땅샌드 마카롱,411,47.57,4.0,22.83,4.06,45,46.67
2305,요거프레소_마카롱_초코 마카롱,190,21.99,1.9,10.55,1.88,21,19.05
2306,토프레소_마카롱_초코 마카롱,496,57.4,4.0,27.55,4.9,25,32.0
2307,마리웨일237_마카롱_초코 마카롱,448,51.85,7.27,24.88,4.42,100,50.3
2308,파리바게뜨_마카롱_초코 마카롱,375,41.67,8.33,25.0,3.7,24,33.33
2309,파스쿠찌_마카롱_초코 샌드 마카롱,445,51.5,10.0,24.72,4.39,20,40.0
2310,마리웨일237_마카롱_초코 퐁카롱,273,31.59,3.33,15.16,2.7,30,43.33
2311,바나프레소_마카롱_초코가나슈 마카롱,410,59.25,6.0,16.25,4.05,40,37.5
2312,팔공티_마카롱_초코가나슈 마카롱,1104,127.77,15.56,61.32,10.9,45,68.89
2313,뚜레쥬르_마카롱_초코가나슈뚱카롱,440,50.92,4.0,24.44,4.35,25,36.0
2314,파리바게뜨_마카롱_초코떡카롱,375,45.83,8.33,20.83,3.7,24,33.33
2315,커피:니_마카롱_초코라떼 마카롱,410,47.45,4.17,22.77,4.05,48,27.08
2316,뚜레쥬르_마카롱_초코마카롱,406,46.99,5.63,22.55,4.01,16,43.75
2317,요거프레소_마카롱_초코바나나 데코 뚱카롱,503,58.21,6.0,27.94,4.97,40,12.0
2318,마리웨일237_마카롱_초코악마 마카롱,481,55.67,7.69,26.72,4.75,26,65.38
2319,요거프레소_마카롱_초코파이 데코 뚱카롱,507,58.68,7.25,28.16,5.01,40,39.0
2320,마리웨일237_마카롱_초코프레소 마카롱,460,53.24,5.91,25.55,4.54,100,42.19
2321,바나프레소_마카롱_아몬드봉봉 마카롱,559,61.81,7.47,31.05,5.52,32,47.66
2322,뚜레쥬르_마카롱_앙버터뚱카롱,440,50.92,4.0,24.44,4.35,25,28.0
2323,커피:니_마카롱_얼그레이 마카롱,440,50.92,4.17,24.44,4.35,48,27.08
2324,마리웨일237_마카롱_얼그레이 마카롱,425,49.19,6.06,23.61,4.2,100,47.88
2325,이디야_마카롱_얼그레이 쇼콜라 마카롱,500,57.87,6.67,27.77,4.94,30,30.0
2326,청자다방_마카롱_연유 뚱카롱,469,54.28,6.0,26.05,4.63,100,32.0
2327,청자다방_마카롱_오레오 뚱카롱,486,56.25,7.0,27.0,4.8,100,29.0
2328,카페게이트_마카롱_오레오 마카롱,417,48.26,4.76,23.16,4.12,42,26.19
2329,더리터_마카롱_오렌지얼그레이 마카롱,427,54.0,7.0,23.72,4.22,30,42.0
2330,마리웨일237_마카롱_오마이그린티 마카롱,483,55.9,6.9,26.83,4.77,29,44.83
2331,더리터_마카롱_요거트 마카롱,447,56.33,6.67,24.83,4.41,30,41.33
2332,바나프레소_마카롱_우유 마카롱,538,60.56,9.84,29.88,5.31,32,43.44
2333,마리웨일237_마카롱_우유치즈 마카롱,410,47.45,6.0,22.77,4.05,20,42.0
2334,커피:니_마카롱_월드콘 마카롱,454,52.54,4.17,25.22,4.48,48,31.25
2335,마리웨일237_마카롱_유니콘 마카롱,236,27.31,3.21,13.11,2.33,28,22.86
2336,메가커피_마카롱_유니콘프라페 마카롱,491,56.82,8.09,27.27,4.85,47,41.28
2337,파리바게뜨_마카롱_유자가나슈 마카롱,375,41.67,4.17,20.83,3.7,24,33.33
2338,청자다방_마카롱_인절미 뚱카롱,439,50.81,1.4,24.38,4.34,100,22.3
2339,마리웨일237_마카롱_인절미 마카롱,423,48.95,7.69,23.5,4.18,26,33.85
2340,바나프레소_마카롱_산딸기 마카롱,516,62.22,6.56,28.66,5.1,32,56.19
2341,이디야_마카롱_산딸기 마카롱,378,43.75,7.41,21.0,3.73,27,62.96
2342,마리웨일237_마카롱_샤인머스켓 마카롱,287,33.22,2.63,15.94,2.83,38,28.95
2343,요거프레소_마카롱_소다 마카롱,190,21.99,1.9,10.55,1.88,21,19.05
2344,더리터_마카롱_솔티드카라멜 마카롱,437,59.0,6.33,24.27,4.32,30,44.67
2345,청자다방_마카롱_솔티카라멜 뚱카롱,439,50.81,1.4,24.38,4.34,100,22.3
2346,요거프레소_마카롱_솜사탕 마카롱,190,21.99,1.9,10.55,1.88,21,19.05
2347,뚜레쥬르_마카롱_쇼콜라뚱카롱,444,51.39,3.7,24.66,4.38,27,33.33
2348,드롭탑_마카롱_순우유 뚱카롱,440,50.92,4.17,24.44,4.35,48,27.08
2349,바나프레소_마카롱_순우유 마카롱,438,56.0,4.5,21.5,4.33,40,44.0
2350,마리웨일237_마카롱_슈팅요거트 마카롱,456,52.77,5.91,25.33,4.5,100,45.99
2351,마리웨일237_마카롱_슈팅캔디 마카롱,365,42.24,5.0,20.27,3.6,26,35.77
2352,스타벅스_마카롱_스트로베리 마카롱,457,52.89,10.0,25.38,4.51,30,46.67
2353,이디야_마카롱_스트로베리 치즈 마카롱,433,50.11,6.67,24.05,4.28,30,23.33
2354,파리바게뜨_마카롱_신)딸기가나슈마카롱,375,43.4,4.58,20.83,3.7,24,33.33
2355,파리바게뜨_마카롱_신)바닐라마카롱,396,45.83,4.17,22.0,3.91,24,37.5
2356,파리바게뜨_마카롱_신)블루베리마카롱,375,43.4,4.17,20.83,3.7,24,41.67
2357,파리바게뜨_마카롱_신)유자가나슈마카롱,375,43.4,4.58,20.83,3.7,24,33.33
2358,파리바게뜨_마카롱_신)초코마카롱,375,43.4,8.33,20.83,3.7,24,33.33
2359,뚜레쥬르_마카롱_바닐라뚱카롱,481,55.67,3.7,26.72,4.75,27,33.33
2360,팔공티_마카롱_벌집 마카롱,1273,147.33,13.33,70.71,12.57,45,28.89
2361,커피빈_마카롱_벚꽃 마카롱 5종 세트,456,51.33,6.87,25.33,4.5,150,27.07
2362,투썸플레이스_마카롱_벨지안초콜릿 마카롱,420,48.61,4.0,23.33,4.15,25,44.0
2363,팔공티_마카롱_브라우니 마카롱,980,113.42,12.0,54.44,9.68,50,70.0
2364,투썸플레이스_마카롱_블루베리 마카롱,400,46.29,4.0,22.22,3.95,25,48.0
2365,스타벅스_마카롱_블루베리 마카롱,440,50.92,8.57,24.44,4.35,35,48.57
2366,마리웨일237_마카롱_블루베리 마카롱,375,43.4,5.0,20.83,3.7,16,45.0
2367,바나프레소_마카롱_블루베리요거트 마카롱,428,64.0,5.5,16.5,4.23,40,39.25
2368,뚜레쥬르_마카롱_블루베리카시스마카롱,361,41.78,5.0,20.05,3.57,18,44.45
2369,요거프레소_마카롱_블루베리크림치즈 뚱카롱,416,48.14,8.57,23.11,4.11,35,21.71
2370,마리웨일237_마카롱_블루하와이 마카롱,451,52.2,4.85,25.05,4.45,100,44.85
2371,카페게이트_마카롱_뽀또치즈 마카롱,393,45.48,7.14,21.83,3.88,42,19.05
2372,드롭탑_마카롱_뽀또치즈 마카롱,440,50.92,6.25,24.44,4.35,48,29.17
2373,커피:니_마카롱_뽀또치즈 마카롱,440,50.92,6.25,24.44,4.35,48,29.17
2374,팔공티_마카롱_뽀또황치즈 마카롱,1089,126.03,8.89,60.49,10.75,45,82.22
2375,투썸플레이스_마카롱_산딸기 마카롱,400,46.29,4.0,22.22,3.95,25,48.0
2376,팔공티_마카롱_산딸기 마카롱,439,50.81,6.06,24.38,4.34,33,51.52
2377,반올림피자_피자_치즈후라이 피자 (L),262,26.73,10.23,11.14,2.59,100,5.09
2378,청자다방_마카롱_말차 뚱카롱,466,53.93,7.0,25.88,4.6,100,27.0
2379,더벤티_마카롱_말차초코 벤카롱,400,46.29,5.71,22.22,3.95,35,20.0
2380,파스쿠찌_마카롱_망고 샌드 마카롱,445,51.5,10.0,24.72,4.39,20,40.0
2381,마리웨일237_마카롱_망고가나슈 마카롱,404,46.76,6.67,22.44,3.99,24,30.0
2382,투썸플레이스_마카롱_망고프로피컬 마카롱,400,46.29,4.0,22.22,3.95,25,52.0
2383,메가커피_마카롱_메가초코 마카롱,502,48.0,8.0,32.0,4.96,50,40.0
2384,팔공티_마카롱_모카 마카롱,456,52.77,8.82,25.33,4.5,34,55.88
2385,마리웨일237_마카롱_민트초코 마카롱,477,55.2,4.64,26.5,4.71,100,45.57
2386,커피:니_마카롱_바나나누텔라 마카롱,440,50.92,4.17,24.44,4.35,48,29.17
2387,할리스_마카롱_바닐라 딜라이트 뚱카롱,417,48.26,20.0,23.16,4.12,30,36.67
2388,요거프레소_마카롱_바닐라 뚱카롱,434,50.23,7.71,24.11,4.29,35,29.43
2389,메가커피_마카롱_바닐라 마카롱,498,57.63,8.0,27.66,4.92,50,34.0
2390,스타벅스_마카롱_바닐라 마카롱,470,54.39,10.0,26.11,4.64,30,46.67
2391,이디야_마카롱_바닐라 마카롱,519,60.07,7.41,28.83,5.13,27,51.85
2392,마리웨일237_마카롱_바닐라 마카롱,445,51.5,6.06,24.72,4.39,100,49.7
2393,파리바게뜨_마카롱_바닐라 마카롱,396,45.83,4.17,25.0,3.91,24,37.5
2394,팔공티_마카롱_바닐라 마카롱,511,59.14,7.41,28.38,5.05,27,55.56
2395,토프레소_마카롱_바닐라 마카롱,496,57.4,4.0,27.55,4.9,25,32.0
2396,파스쿠찌_마카롱_바닐라 샌드 마카롱,460,53.24,10.0,25.55,4.54,20,40.0
2397,뚜레쥬르_마카롱_딸기우유뚱카롱,393,45.48,3.57,21.83,3.88,28,39.28
2398,요거프레소_마카롱_딸기크림치즈 뚱카롱,438,50.69,8.86,24.33,4.33,35,23.43
2399,커피베이_마카롱_뚱카롱 말차초코,456,52.77,4.17,25.33,4.5,48,29.17
2400,커피베이_마카롱_뚱카롱 순우유,440,50.92,4.17,24.44,4.35,48,27.08
2401,커피베이_마카롱_뚱카롱 얼그레이,440,50.92,4.17,24.44,4.35,48,27.08
2402,커피베이_마카롱_뚱카롱 핑크팬더,427,49.42,4.17,23.72,4.22,48,29.17
2403,청자다방_마카롱_라즈베리 뚱카롱,493,57.06,6.0,27.38,4.87,100,30.0
2404,바나프레소_마카롱_라즈베리 마카롱,418,64.25,6.25,15.0,4.13,40,49.75
2405,뚜레쥬르_마카롱_라즈베리뚱카롱,389,45.02,3.7,21.61,3.84,27,37.04
2406,마리웨일237_마카롱_레드벨벳 마카롱,484,56.01,4.85,26.88,4.78,100,40.61
2407,토프레소_마카롱_레몬 마카롱,496,57.4,4.0,27.55,4.9,25,32.0
2408,뚜레쥬르_마카롱_레몬마카롱,361,41.78,5.0,20.05,3.57,18,44.45
2409,따삐오_마카롱_레인보우 마카롱 (5입),449,51.96,8.0,24.94,4.43,100,39.0
2410,뚜레쥬르_마카롱_로즈라즈베리 뚱카롱,400,46.29,4.0,22.22,3.95,25,36.0
2411,마리웨일237_마카롱_리얼블루베리 마카롱,409,47.33,5.49,22.72,4.04,100,45.15
2412,마리웨일237_마카롱_리얼치즈 마카롱,469,54.28,6.17,26.05,4.63,100,37.86
2413,투썸플레이스_마카롱_마다가스카르바닐라 마카롱,400,46.29,4.0,22.22,3.95,25,40.0
2414,청자다방_마카롱_마약옥수수 뚱카롱,502,58.1,7.0,27.88,4.96,100,35.0
2415,카페베네_마카롱_마카롱,413,47.8,7.5,22.94,4.08,40,22.5
2416,할리스_마카롱_더블 초코 뚱카롱,450,52.08,6.67,25.0,4.44,30,40.0
2417,뚜레쥬르_마카롱_더블치즈뚱카롱,440,50.92,8.0,24.44,4.35,25,32.0
2418,요거프레소_마카롱_돼지바 데코 뚱카롱,451,52.2,6.5,25.05,4.45,40,31.0
2419,청자다방_마카롱_돼지바 뚱카롱,498,57.63,5.0,27.66,4.92,100,25.0
2420,카페게이트_마카롱_돼지바 마카롱,400,46.29,4.44,22.22,3.95,45,24.44
2421,요거프레소_마카롱_딸기 마카롱,190,21.99,1.9,10.55,1.88,21,19.05
2422,청자다방_마카롱_딸기 마카롱,402,46.52,8.0,22.33,3.97,100,33.0
2423,마리웨일237_마카롱_딸기 마카롱,436,50.46,6.06,24.22,4.31,100,52.12
2424,바나프레소_마카롱_딸기 마카롱,541,70.34,7.81,30.05,5.34,32,56.91
2425,토프레소_마카롱_딸기 마카롱,496,57.4,4.0,27.55,4.9,25,32.0
2426,파스쿠찌_마카롱_딸기 샌드 마카롱,450,52.08,5.0,25.0,4.44,20,35.0
2427,할리스_마카롱_딸기 치즈케이크 뚱카롱,617,71.41,6.67,34.27,6.09,30,86.67
2428,할리스_마카롱_딸기 치즈케익 뚱카롱,617,71.41,6.67,34.27,6.09,30,86.67
2429,마리웨일237_마카롱_딸기 퐁카롱,330,38.19,6.67,18.33,3.26,30,46.67
2430,파리바게뜨_마카롱_딸기가나슈 마카롱,375,45.83,4.17,20.83,3.7,24,33.33
2431,더벤티_마카롱_딸기요거 벤카롱,429,49.65,5.71,23.83,4.24,35,40.0
2432,청자다방_마카롱_딸기요거트 뚱카롱,439,50.81,1.4,24.38,4.34,100,22.3
2433,메가커피_마카롱_딸기요거트 마카롱,452,50.0,6.0,26.0,4.46,50,36.0
2434,팔공티_마카롱_딸기우유 마카롱,1183,136.91,15.0,65.71,11.68,40,75.0
2435,마라탕,66,5.1,3.91,3.27,1.0,100,0.26
2436,프레시지_마라탕_간편조리세트_마라탕,88,5.72,4.64,5.15,3.7,873,1.92
2437,마카로니 샐러드,138,13.76,2.4,7.98,1.2,100,2.75
2438,마카롱,480,45.23,6.92,30.11,2.4,100,41.94
2439,마리웨일237_마카롱_갤럭시 마카롱,236,27.31,9.29,13.11,2.33,28,22.86
2440,파리바게뜨_마카롱_까망베르 치즈 마카롱,354,40.97,8.33,19.66,3.5,24,41.67
2441,마리웨일237_마카롱_녹차 마카롱,490,56.71,5.45,27.22,4.84,100,43.03
2442,파스쿠찌_마카롱_녹차 샌드 마카롱,445,51.5,5.0,24.72,4.39,20,40.0
2443,뚜레쥬르_마카롱_녹차마카롱,417,48.26,5.56,23.16,4.12,18,44.45
2444,마리웨일237_마카롱_녹차모찌 마카롱,377,43.63,3.85,20.94,3.72,26,27.69
2445,청자다방_마카롱_누텔라 뚱카롱,528,61.11,6.0,29.33,5.21,100,39.0
2446,스타벅스_마카롱_다크 초콜릿 마카롱,463,53.58,8.57,25.72,4.57,35,45.71
2447,요거프레소_마카롱_다크쇼콜라 뚱카롱,426,49.3,8.57,23.66,4.21,35,42.29
2448,마리웨일237_마카롱_다크초코가나슈 마카롱,267,30.9,3.33,14.83,2.64,24,26.67
2449,마리웨일237_마카롱_달고나 마카롱,303,35.07,6.06,16.83,2.99,100,30.3
2450,마늘쫑볶음_건새우,53,5.31,2.67,2.56,1.3,100,2.01
2451,마늘쫑볶음_건어물,71,6.25,7.4,2.16,1.3,100,2.25
2452,마늘쫑볶음_멸치,64,4.65,7.9,1.56,1.0,100,1.55
2453,마늘쫑볶음_잔멸치,61,5.85,3.5,3.16,1.8,100,1.94
2454,마늘쫑장아찌,118,27.34,1.96,0.14,5.2,100,13.02
2455,마늘쫑장아찌_간장,60,10.8,2.0,1.0,3.2,50,7.8
2456,마늘쫑장아찌_고추장,110,21.0,2.6,1.8,5.0,50,11.2
2457,마늘쫑장아찌무침,79,17.7,1.3,0.58,2.9,100,8.48
2458,마늘쫑조림,217,31.38,4.9,10.6,7.0,100,10.19
2459,마늘쫑조림_멸치,60,9.13,4.7,1.05,1.7,100,3.1
2460,반올림피자_피자_치즈후라이크림치즈 피자 (L),187,19.08,12.6,7.95,1.85,730,0.55
2461,파리바게뜨_마늘빵_마늘빵(5개입),352,49.51,6.67,12.93,3.48,105,16.19
2462,뚜레쥬르_마늘빵_바삭마늘빵(5개입),488,68.63,7.5,17.93,4.82,40,25.0
2463,파리바게뜨_마늘빵_부드러운갈릭브레드,327,44.0,6.0,13.33,3.23,150,16.0
2464,파리바게뜨_마늘빵_프렌치마늘빵,357,52.38,4.76,11.9,3.53,21,14.29
2465,파리바게뜨_마늘빵_프렌치마늘빵 (5개입),352,52.38,6.67,11.43,3.48,105,16.19
2466,마늘장아찌,113,25.36,2.43,0.16,2.9,100,15.03
2467,마늘장아찌무침,99,21.85,1.88,0.7,2.4,100,11.66
2468,마늘쫑무침,67,14.55,1.63,1.14,3.3,100,6.32
2469,마늘쫑볶음,52,5.83,1.3,2.92,1.8,100,1.94
2470,마늘쫑볶음_간장,89,8.18,3.0,5.21,2.2,100,3.17
2471,디저트39_롤빵_망고 도쿄롤 (L),293,33.27,5.0,15.85,2.89,100,15.0
2472,디저트39_롤빵_망고 도쿄롤 (S),293,33.27,5.0,15.85,2.89,100,15.0
2473,커피:니_롤빵_목장의아침우유롤,317,36.0,5.56,17.14,3.13,90,21.11
2474,디저트39_롤빵_오리지널 도쿄롤 (L),328,37.25,7.0,17.74,3.24,100,19.0
2475,디저트39_롤빵_오리지널 도쿄롤 (S),328,37.25,7.0,17.74,3.24,100,19.0
2476,파리바게뜨_롤빵_우유 생크림롤,306,26.25,5.63,20.0,3.02,160,16.88
2477,디저트39_롤빵_자색 고구마 도쿄롤 (L),315,35.77,4.0,17.04,3.11,100,20.0
2478,디저트39_롤빵_자색 고구마 도쿄롤 (S),315,35.77,4.0,17.04,3.11,100,20.0
2479,뚜레쥬르_롤빵_카멜크림롤,402,45.65,4.35,21.74,3.97,92,18.48
2480,파리바게뜨_롤빵_클래식시나몬롤,375,42.58,7.5,20.28,3.7,80,17.5
2481,디저트39_롤빵_화이트 초코 도쿄롤 (L),337,38.27,7.0,18.22,3.33,100,19.0
2482,디저트39_롤빵_화이트 초코 도쿄롤 (S),337,38.27,7.0,18.22,3.33,100,19.0
2483,HY 잇츠온_리소토/리조또_간편조리세트_베이컨버섯크림리조또,187,15.9,3.11,12.29,0.8,888,2.09
2484,HY 잇츠온_리소토/리조또_간편조리세트_쉬림프로제리조또,176,18.57,3.35,9.77,0.7,811,3.84
2485,피자알볼로_리소토/리조또_베이컨크림리조또,173,31.26,3.71,2.58,1.54,457,0.19
2486,할리스_리소토/리조또_스파이시 씨푸드 리조또,148,26.74,5.81,2.2,1.32,241,2.49
2487,할리스_리소토/리조또_치킨 크림 리조또,185,33.43,6.22,2.76,1.64,241,1.66
2488,마늘빵,438,57.94,12.06,17.58,4.3,50,7.36
2489,디저트39_롤빵_녹차 도쿄롤 (L),330,37.47,6.0,17.85,3.26,100,17.0
2490,디저트39_롤빵_녹차 도쿄롤 (S),330,37.47,6.0,17.85,3.26,100,17.0
2491,파리바게뜨_롤빵_달달연유롤빵,402,45.65,6.52,21.74,3.97,46,15.22
2492,파리바게뜨_롤빵_달달연유롤빵 (3개입),399,45.65,6.52,21.01,3.94,138,15.94
2493,파리바게뜨_롤빵_달콤한크림치즈시나몬롤,374,42.47,6.32,20.23,3.69,95,21.05
2494,라면_짬뽕라면,92,12.27,2.84,3.51,1.1,750,0.21
2495,라면_치즈,95,12.66,2.7,3.56,0.7,100,0.08
2496,라면_콩나물,79,11.36,2.2,2.68,0.8,100,0.13
2497,라볶이,113,18.5,2.0,3.39,1.1,100,1.77
2498,라조기,126,9.94,10.0,5.7,3.2,100,1.4
2499,런천미트구이,302,11.12,21.6,18.95,0.0,100,1.3
2500,라면_김치,85,12.41,2.1,2.83,1.0,100,0.3
2501,라면_달걀,95,13.16,2.6,3.32,0.8,100,0.08
2502,라면_떡,109,17.07,2.6,3.11,0.8,100,0.08
2503,라면_라면만,84,14.44,1.76,2.18,0.8,100,0.11
2504,라면_만두,109,15.29,3.2,3.69,1.3,100,0.14
2505,라면_면,174,29.79,3.89,4.37,3.8,100,0.0
2506,라면_모듬,98,13.99,2.8,3.25,0.9,100,0.14
2507,라면_비빔라면,189,31.01,3.38,5.67,2.3,100,1.81
2508,라면_어묵,63,9.18,1.5,2.09,0.5,100,0.13
2509,라면_용기면,103,15.65,1.98,3.63,1.1,100,0.43
2510,라면_용기면_국물,28,3.21,0.61,1.44,0.7,100,0.0
2511,라면_용기면_면,192,33.42,3.5,4.95,3.6,100,0.0
2512,라면_용기면_볶음라면,202,33.9,4.52,5.39,2.3,100,3.28
2513,라면_짜장라면,177,31.0,3.66,4.28,1.7,100,0.63
2514,GS 리테일 심플리쿡_라멘_간편조리세트_매운돈코츠라멘,91,7.38,3.82,5.09,1.7,1669,1.17
2515,라멘_돈코츠라멘,98,5.87,4.14,6.42,0.9,100,0.77
2516,라멘_미소라멘,89,11.36,4.57,2.77,1.1,100,1.1
2517,라멘_소유라멘,72,9.12,3.65,2.36,0.7,100,0.84
2518,라멘_시오라멘,84,11.54,4.68,2.13,1.2,100,0.93
2519,라면,82,13.65,1.72,2.28,1.0,550,0.0
2520,GS 리테일 심플리쿡_라면_간편조리세트_똠양꿍요괴라면,88,13.49,2.41,2.77,0.8,1284,0.0
2521,라면_국물,19,2.08,0.44,0.96,0.8,100,0.0
2522,파파존스_피자_치킨 바베큐 (F),228,23.27,11.79,9.7,2.25,100,2.78
2523,파파존스_피자_치킨 바베큐 (L),228,23.27,11.79,9.7,2.25,813,2.78
2524,파파존스_피자_치킨 바베큐 (P),228,23.27,11.79,9.7,2.25,100,2.78
2525,7번가피자_피자_포테이토 피자 리코타링 (R),289,29.49,13.28,12.29,2.86,511,5.47
2526,지정환피자_피자_포테이토 피자 밀스크린 (L),229,23.37,10.0,9.74,2.26,960,0.83
2527,지정환피자_피자_포테이토 피자 밀스크린 (R),222,22.65,9.41,9.44,2.19,510,1.18
2528,지정환피자_피자_포테이토 피자 밀스크린고구마크러스트 (L),225,22.96,9.09,9.57,2.22,1056,2.27
2529,지정환피자_피자_포테이토 피자 밀스크린고구마크러스트 (R),219,22.35,8.42,9.32,2.16,570,3.16
2530,지정환피자_피자_포테이토 피자 밀스크린체다크림크러스트 (L),229,23.37,9.85,9.74,2.26,1056,3.03
2531,지정환피자_피자_포테이토 피자 밀스크린체다크림크러스트 (R),222,22.65,9.47,9.44,2.19,570,3.16
2532,지정환피자_피자_포테이토 피자 밀스크린치즈크러스트 (L),222,22.65,10.61,9.44,2.19,1056,1.52
2533,지정환피자_피자_포테이토 피자 밀스크린치즈크러스트 (R),213,21.73,10.31,9.06,2.1,582,1.03
2534,지정환피자_피자_포테이토 피자 백미스크린 (L),222,22.65,10.34,9.44,2.19,928,3.45
2535,지정환피자_피자_포테이토 피자 백미스크린 (R),214,21.84,9.64,9.1,2.11,498,3.61
2536,지정환피자_피자_포테이토 피자 백미스크린치즈크러스트 (L),216,22.04,10.94,9.19,2.13,1024,3.91
2537,지정환피자_피자_포테이토 피자 백미스크린치즈크러스트 (R),209,21.33,9.57,8.89,2.07,564,3.19
2538,7번가피자_피자_포테이토 피자 석쇠 (L),284,28.98,12.36,12.08,2.81,710,5.06
2539,7번가피자_피자_포테이토 피자 석쇠 (R),284,28.98,12.96,12.08,2.81,431,4.63
2540,도미노피자_피자_포테이토 피자 슈퍼시드 화이버 버스트 오리지널 (L),265,24.29,11.27,10.59,2.62,1326,3.17
2541,도미노피자_피자_포테이토 피자 슈퍼시드 화이버 오리지널 (L),223,26.71,9.0,8.67,2.2,1140,2.5
2542,도미노피자_피자_포테이토 피자 슈퍼시드 화이버 오리지널 (M),227,27.63,8.8,9.02,2.24,626,2.0
2543,서오릉피자_피자_포테이토 피자 (R),276,28.16,9.54,11.74,2.73,100,4.55
2544,봉수아피자_피자_포테이토 피자 (XL),216,22.04,19.16,9.19,2.13,1144,2.38
2545,난타5000피자_피자_포테이토 피자 (XL),265,27.04,14.63,11.27,2.62,1228,3.41
2546,지정환피자_피자_포테이토 피자 고구마크러스트 (L),223,22.76,9.56,9.49,2.2,1088,2.94
2547,지정환피자_피자_포테이토 피자 고구마크러스트 (R),222,22.65,8.57,9.44,2.19,630,2.86
2548,미스터피자_피자_포테이토 피자 골드 (L),237,24.18,10.85,10.08,2.34,100,4.26
2549,미스터피자_피자_포테이토 피자 골드 (M),234,23.88,11.33,9.95,2.31,100,3.36
2550,미스터피자_피자_포테이토 피자 골드 (R),234,23.88,10.17,9.95,2.31,707,5.08
2551,미스터피자_피자_포테이토 피자 골드 에그타르트 (M),230,23.47,11.19,9.78,2.27,100,5.91
2552,7번가피자_피자_포테이토 피자 골드스윗 (L),286,29.18,12.39,12.17,2.83,900,5.31
2553,7번가피자_피자_포테이토 피자 골드스윗 (R),285,29.08,12.5,12.12,2.82,576,5.56
2554,도미노피자_피자_포테이토 피자 나폴리 (L),232,23.67,9.58,12.94,2.29,936,2.17
2555,도미노피자_피자_포테이토 피자 나폴리 (M),236,24.32,10.28,10.84,2.33,506,2.46
2556,도미노피자_피자_포테이토 피자 더블치즈 엣지 (L),237,20.61,11.14,12.2,2.34,1345,2.43
2557,도미노피자_피자_포테이토 피자 더블치즈 엣지 (M),245,24.2,11.31,11.39,2.42,767,1.59
2558,도미노피자_피자_포테이토 피자 더블치즈 페퍼로니 엣지 (L),241,22.34,11.56,11.07,2.38,1385,2.36
2559,도미노피자_피자_포테이토 피자 더블치즈 페퍼로니 엣지 (M),248,23.5,11.68,12.17,2.45,787,1.55
2560,7번가피자_피자_포테이토 피자 리코타링 (L),290,29.59,12.87,12.34,2.87,810,4.95
2561,도미노피자_피자_이탈리아 마르게리따 피자 더블치즈 페퍼로니 엣지 (L),251,25.73,12.01,11.56,2.48,1123,1.93
2562,피자헛_피자_포테이토 스페셜치즈크러스트 (M),291,29.69,13.42,12.38,2.88,570,2.11
2563,피자헛_피자_포테이토 스페셜치즈크러스트 골드 (M),296,30.2,13.95,12.59,2.92,587,2.05
2564,피자알볼로_피자_포테이토 알픽,266,27.14,13.54,11.31,2.63,175,2.68
2565,도미노피자_피자_포테이토 오리지널 트리플치즈버스트엣지 (L),257,26.22,12.0,10.93,2.54,1319,2.0
2566,또래오래_피자_포테이토 피자,128,13.06,5.65,5.44,1.26,100,1.81
2567,선명희피자_피자_포테이토 피자,225,26.43,12.86,9.57,2.22,1120,4.29
2568,피자스쿨_피자_포테이토 피자,242,31.32,11.54,8.24,2.39,735,3.3
2569,빅스타피자_피자_포테이토 피자,299,20.61,13.33,14.55,2.95,1320,0.61
2570,반올림피자_피자_포테이토 피자 (L),253,25.82,9.32,10.76,2.5,100,5.25
2571,난타5000피자_피자_포테이토 피자 (L),296,35.46,15.73,10.19,2.92,614,3.17
2572,서오릉피자_피자_포테이토 피자 (L),266,27.14,9.31,11.31,2.63,100,4.57
2573,피자헤븐_피자_포테이토 피자 (L),244,24.9,10.88,10.38,2.41,1174,2.72
2574,네오피자_피자_포테이토 피자 (L),243,24.8,12.28,10.34,2.4,848,7.67
2575,오구쌀피자_피자_포테이토 피자 (L),229,23.37,10.73,9.74,2.26,818,3.9
2576,오르새피자_피자_포테이토 피자 (L),213,21.73,9.17,9.06,2.1,1200,1.67
2577,피자마루_피자_포테이토 피자 (L),261,26.63,12.58,11.1,2.58,775,3.04
2578,피자알볼로_피자_포테이토 피자 (L),222,22.65,10.1,9.44,2.19,1185,2.02
2579,피자알볼로_피자_포테이토 피자 (R),224,22.86,10.34,9.53,2.21,695,2.3
2580,도미노피자_피자_이탈리아 마르게리따 피자 더블치즈 엣지 (L),246,25.99,11.5,10.65,2.43,1083,2.0
2581,미스터피자_피자_포게더 피자 골드 (L),245,25.0,11.15,10.42,2.42,100,7.07
2582,미스터피자_피자_포게더 피자 골드 (M),238,24.29,11.74,10.12,2.35,100,6.82
2583,미스터피자_피자_포게더 피자 에그타르트 (L),251,25.61,10.35,10.68,2.48,100,8.63
2584,미스터피자_피자_포게더 피자 에그타르트 (M),244,24.9,10.96,10.38,2.41,100,8.42
2585,미스터피자_피자_포게더 피자 오리진 (L),244,24.9,11.18,10.38,2.41,1200,6.89
2586,미스터피자_피자_포게더 피자 오리진 (M),236,24.08,11.94,10.04,2.33,748,6.52
2587,미스터피자_피자_포게더 피자 치즈캡 (L),246,25.1,12.31,10.46,2.43,100,6.25
2588,미스터피자_피자_포게더 피자 치즈캡 (M),239,24.39,13.23,10.17,2.36,100,5.78
2589,미스터피자_피자_포게더 피자 크림치즈 (L),246,25.1,10.23,10.46,2.43,100,7.48
2590,미스터피자_피자_포게더 피자 크림치즈 (M),239,24.39,10.84,10.17,2.36,100,7.19
2591,피제이피자_피자_포새이돈 피자 (L),241,24.59,12.09,10.25,2.38,1032,6.29
2592,미스터피자_피자_포슬포슬 감자 피자 씬 크러스트 (R),270,27.55,10.88,11.48,2.67,536,3.0
2593,지정환피자_피자_포테그체다크러스트(L),250,25.51,9.86,10.63,2.47,1275,4.19
2594,지정환피자_피자_포테그체다크러스트(R),250,25.51,9.86,10.63,2.47,100,4.19
2595,서오릉피자_피자_포테이토 (L),230,23.47,9.02,9.78,2.27,902,4.1
2596,서오릉피자_피자_포테이토 (R),228,23.27,9.52,9.7,2.25,578,3.81
2597,피자헛_피자_포테이토 스페셜리치골드 (M),288,29.39,12.3,12.25,2.85,679,4.07
2598,피자헛_피자_포테이토 스페셜오리지널 (M),273,27.86,11.77,11.61,2.7,494,2.5
2599,도미노피자_피자_이탈리아 마르게리따 피자 나폴리 (L),233,26.35,11.0,9.22,2.3,717,2.0
2600,피자헛_피자_페페로니 피자 치즈크러스트 (L),280,28.57,14.0,11.91,2.77,927,2.34
2601,피자헛_피자_페페로니 피자 치즈크러스트 (M),280,28.57,14.34,11.91,2.77,533,2.2
2602,피자헛_피자_페페로니 피자 팬 (L),303,30.92,11.89,12.89,2.99,849,2.66
2603,피자헛_피자_페페로니 피자 팬 (M),301,30.71,12.0,12.8,2.97,436,2.62
2604,피자파는집_피자_페페로니 피자밀도우(L),113,11.53,10.23,4.81,1.12,700,0.63
2605,피자파는집_피자_페페로니 피자밀도우(R),76,7.76,6.8,3.23,0.75,562,0.43
2606,피자파는집_피자_페페로니 피자씬도우(L),114,11.63,10.22,4.85,1.13,490,0.64
2607,피자파는집_피자_페페로니 피자씬도우(R),76,7.76,6.81,3.23,0.75,462,0.43
2608,피자헛_피자_페페로니&할라피뇨 피자 씬 (L),312,31.84,13.12,13.27,3.08,503,4.96
2609,피자알볼로_피자_페페로니더블피자 (L),282,28.78,13.92,12.0,2.79,755,3.33
2610,피자알볼로_피자_페페로니더블피자 (XL),289,29.49,13.63,12.29,2.86,397,3.14
2611,피자알볼로_피자_페페로니팔자피자 (L),280,28.57,12.5,11.91,2.77,768,5.21
2612,피자알볼로_피자_페페로니팔자피자 (R),287,29.29,12.5,12.21,2.84,424,5.66
2613,피자알볼로_피자_페페로니피자,289,29.49,13.9,12.29,2.86,285,2.98
2614,선명희피자_피자_페페로니피자,290,29.59,16.04,12.34,2.87,845,5.66
2615,피자알볼로_피자_페페로니피자 (L),289,29.49,13.74,12.29,2.86,700,2.9
2616,피자알볼로_피자_페페로니피자 (R),287,29.29,13.62,12.21,2.84,392,2.84
2617,피자알볼로_피자_페페로니피자 (XL),290,29.59,13.89,12.34,2.87,845,2.97
2618,피자플래넷_피자_의좋은4형제 피자 (L),225,22.96,5.01,9.57,2.22,1066,2.97
2619,피자헛_피자_페페로니 피자 리치골드(L),280,28.57,12.54,11.91,2.77,1046,4.08
2620,7번가피자_피자_페페로니 피자 리코타링 (G),296,30.2,15.56,12.59,2.92,1354,2.22
2621,7번가피자_피자_페페로니 피자 리코타링 (L),294,30.0,16.0,12.51,2.91,796,3.0
2622,7번가피자_피자_페페로니 피자 리코타링 (R),296,30.2,15.67,12.59,2.92,535,2.99
2623,피자파는집_피자_페페로니 피자 밀도우 (L),113,11.53,10.23,4.81,1.12,700,0.63
2624,피자파는집_피자_페페로니 피자 밀도우 (R),76,7.76,6.8,3.23,0.75,562,0.43
2625,7번가피자_피자_페페로니 피자 석쇠 (G),292,29.8,16.24,12.42,2.89,1174,1.71
2626,7번가피자_피자_페페로니 피자 석쇠 (L),292,29.8,16.09,12.42,2.89,696,2.3
2627,7번가피자_피자_페페로니 피자 석쇠 (R),292,29.8,15.79,12.42,2.89,455,1.75
2628,7번가피자_피자_페페로니 피자 씬도우 (L),343,35.0,16.67,14.59,3.39,479,3.33
2629,피자파는집_피자_페페로니 피자 씬도우 (L),114,11.63,10.22,4.85,1.13,490,0.64
2630,7번가피자_피자_페페로니 피자 씬도우 (R),357,36.43,16.0,15.19,3.53,332,3.2
2631,피자파는집_피자_페페로니 피자 씬도우 (R),76,7.76,6.81,3.23,0.75,462,0.43
2632,7번가피자_피자_페페로니 피자 씬바샤삭 (L),343,35.0,16.67,14.59,3.39,479,3.33
2633,7번가피자_피자_페페로니 피자 씬바샤삭 (R),357,36.43,16.0,15.19,3.53,332,3.2
2634,7번가피자_피자_페페로니 피자 치즈링 (G),284,28.98,17.27,12.08,2.81,1394,1.44
2635,7번가피자_피자_페페로니 피자 치즈링 (L),284,28.98,16.67,12.08,2.81,816,1.96
2636,7번가피자_피자_페페로니 피자 치즈링 (R),283,28.88,16.55,12.04,2.8,555,1.44
2637,오구쌀피자_피자_육해공골드 피자 (L),252,25.71,12.89,10.72,2.49,902,3.11
2638,피자헛_피자_페페로니 러버오리지널 (L),286,29.18,12.82,12.17,2.83,653,2.82
2639,피자헛_피자_페페로니 러버오리지널 (M),288,29.39,13.12,12.25,2.85,415,2.54
2640,피자헛_피자_페페로니 러버치즈크러스트 (L),283,28.88,12.99,12.04,2.8,857,1.96
2641,피자헛_피자_페페로니 러버치즈크러스트 (M),290,29.59,14.05,12.34,2.87,521,1.97
2642,피자헛_피자_페페로니 러버치즈크러스트 골드 (L),288,29.39,13.6,12.25,2.85,890,1.89
2643,피자헛_피자_페페로니 러버치즈크러스트 골드 (M),294,30.0,14.53,12.51,2.91,539,1.9
2644,피자헛_피자_페페로니 러버팬 (L),322,32.86,11.47,13.7,3.18,734,2.73
2645,피자알볼로_피자_페페로니 알픽,293,29.9,14.83,12.46,2.9,152,3.48
2646,선명희피자_피자_페페로니 피자,290,29.25,16.04,12.34,2.87,845,5.66
2647,프레드피자_피자_페페로니 피자 (L),292,29.8,16.72,12.42,2.89,713,4.0
2648,피자에땅_피자_페페로니 피자 (L),349,35.61,12.5,14.85,3.45,830,3.85
2649,왕손피자_피자_페페로니 피자 (L),236,24.08,11.86,10.04,2.33,715,4.36
2650,뽕뜨락피자_피자_페페로니 피자 (L),271,27.65,12.91,11.53,2.68,650,5.48
2651,뽕뜨락피자_피자_페페로니 피자 (M),280,28.57,14.54,11.91,2.77,400,5.71
2652,7번가피자_피자_페페로니 피자 골드스윗 (G),291,29.69,15.23,12.38,2.88,1509,3.31
2653,7번가피자_피자_페페로니 피자 골드스윗 (L),292,29.8,15.32,12.42,2.89,886,3.6
2654,7번가피자_피자_페페로니 피자 골드스윗 (R),291,29.69,14.67,12.38,2.88,600,3.33
2655,피자헛_피자_페페로니 피자 리치골드 (M),273,27.86,12.97,11.61,2.7,604,4.46
2656,유로코피자_피자_유로코베스트 피자,272,27.76,12.92,11.57,2.69,1139,4.4
2657,비스트로피자_피자_페퍼로니피자 오리지널,289,29.49,14.87,12.29,2.86,445,4.05
2658,맘스피자_피자_페퍼로니피자 치즈크러스트 (L),287,29.29,15.0,12.21,2.84,846,0.89
2659,맘스피자_피자_페퍼로니피자 치즈크러스트 (M),283,28.88,12.36,12.04,2.8,606,1.02
2660,노모어피자_피자_페퍼로니피자(L),265,25.21,14.25,11.89,2.62,853,2.36
2661,노모어피자_피자_페퍼로니피자(P),265,25.21,14.25,11.89,2.62,327,2.36
2662,노모어피자_피자_페퍼로니피자(R),265,25.21,14.25,11.89,2.62,535,2.36
2663,피자마루_피자_페퍼로니피자바이트,280,28.57,13.77,11.91,2.77,848,5.19
2664,도미노피자_피자_페퍼로니피자오리지널(L),273,27.86,14.0,11.61,2.7,854,2.67
2665,프레드피자_피자_페퍼로니피자오리지널(L),285,29.08,15.13,12.12,2.82,640,3.94
2666,피자헛_피자_페페로니 러버 피자 씬 (L),374,38.16,16.76,15.91,3.7,410,3.82
2667,피자헛_피자_페페로니 러버 피자 오리지널 (L),306,31.22,14.04,13.02,3.02,685,3.16
2668,피자헛_피자_페페로니 러버 피자 오리지널 (M),309,31.53,14.69,13.14,3.05,390,2.92
2669,피자헛_피자_페페로니 러버 피자 오리지널 파마산 치즈 (L),310,31.63,14.69,13.19,3.06,708,3.05
2670,피자헛_피자_페페로니 러버 피자 오리지널 파마산 치즈 (M),316,32.24,15.45,13.44,3.12,404,2.84
2671,피자헛_피자_페페로니 러버 피자 팬 (L),332,33.88,12.47,14.12,3.28,741,3.12
2672,피자헛_피자_페페로니 러버리치골드 (L),280,28.57,12.05,11.91,2.77,1017,3.7
2673,피자헛_피자_페페로니 러버리치골드 (M),282,28.78,12.45,12.0,2.79,636,4.06
2674,피자헛_피자_페페로니 러버씬 (L),348,35.51,14.65,14.8,3.44,404,3.17
2675,파파존스_피자_위스콘신치즈포테이토 피자 (P),252,25.71,12.31,10.72,2.49,1300,3.08
2676,파파존스_피자_페퍼로니 하트씬,284,28.98,8.7,12.08,2.81,100,5.89
2677,피자나라치킨공주_피자_페퍼로니(L),289,29.49,15.33,12.29,2.86,600,2.67
2678,피자나라치킨공주_피자_페퍼로니(M),289,29.49,15.33,12.29,2.86,429,2.67
2679,봉수아피자_피자_페퍼로니(R),203,20.71,14.37,8.63,2.01,618,2.14
2680,봉수아피자_피자_페퍼로니(XL),271,27.65,19.15,11.53,2.68,936,2.82
2681,빅스타피자_피자_페퍼로니디트로이트 피자,280,23.47,14.29,14.29,2.77,784,3.06
2682,도미노피자_피자_페퍼로니씬(L),337,34.39,16.67,14.33,3.33,525,2.0
2683,피자마루_피자_페퍼로니치즈폭탄 피자 (L),277,28.27,18.35,11.78,2.74,1115,0.97
2684,피자마루_피자_페퍼로니치즈폭탄피자,277,28.27,18.35,11.78,2.74,1115,0.97
2685,피자와치킨의러브레터_피자_페퍼로니폭탄 피자,286,29.18,14.29,12.17,2.83,692,5.22
2686,피자_페퍼로니피자,266,35.15,14.7,7.4,2.8,200,3.75
2687,피자스쿨_피자_페퍼로니피자,317,32.35,17.52,13.48,3.13,565,3.01
2688,피자마루_피자_페퍼로니피자,294,30.0,14.94,12.51,2.91,683,4.35
2689,피자마루_피자_페퍼로니피자 (1인),303,30.92,17.1,12.89,2.99,231,4.35
2690,맘스피자_피자_페퍼로니피자 (L),287,29.29,15.17,12.21,2.84,746,0.92
2691,맘스피자_피자_페퍼로니피자 (M),283,28.88,12.17,12.04,2.8,531,1.07
2692,맘스피자_피자_페퍼로니피자 리치골드크러스트 (L),284,28.98,14.85,12.08,2.81,946,1.06
2693,맘스피자_피자_페퍼로니피자 리치골드크러스트 (M),282,28.78,12.41,12.0,2.79,631,1.15
2694,도미노피자_피자_페퍼로니 피자 씬 (M),335,34.18,14.94,22.03,3.31,280,2.69
2695,파파존스_피자_페퍼로니 피자 오리지널 (F),282,28.78,11.13,12.0,2.79,100,4.64
2696,도미노피자_피자_페퍼로니 피자 오리지널 (L),270,29.73,12.77,11.14,2.67,847,2.67
2697,파파존스_피자_페퍼로니 피자 오리지널 (L),282,28.78,11.24,12.0,2.79,641,4.99
2698,도미노피자_피자_페퍼로니 피자 오리지널 (M),275,30.3,12.5,11.53,2.72,500,3.19
2699,파파존스_피자_페퍼로니 피자 오리지널 (P),282,28.78,10.94,12.0,2.79,100,4.56
2700,파파존스_피자_페퍼로니 피자 오리지널 (R),281,28.67,11.02,11.95,2.78,100,5.08
2701,파파존스_피자_페퍼로니 피자 치즈롤 (F),291,29.69,12.74,12.38,2.88,100,3.54
2702,파파존스_피자_페퍼로니 피자 치즈롤 (L),291,29.69,13.18,12.38,2.88,100,3.77
2703,파파존스_피자_페퍼로니 피자 치즈롤 (P),291,29.69,12.65,12.38,2.88,100,3.51
2704,도미노피자_피자_페퍼로니 피자 치즈버스트 나폴리 (L),284,20.26,13.43,16.55,2.81,875,2.33
2705,도미노피자_피자_페퍼로니 피자 치즈버스트 오리지널 (L),275,23.8,12.43,14.44,2.72,1084,2.38
2706,임실N치즈피자_피자_페퍼로니 피자 치즈크러스트 (F),299,30.51,18.71,12.72,2.95,1163,2.71
2707,임실N치즈피자_피자_페퍼로니 피자 치즈크러스트 (L),303,30.92,18.67,12.89,2.99,948,2.71
2708,임실N치즈피자_피자_페퍼로니 피자 치즈크러스트 (R),307,31.33,18.85,13.06,3.03,554,2.63
2709,임실N치즈피자_피자_페퍼로니 피자 팬 (F),308,31.43,18.42,13.1,3.04,1133,3.11
2710,임실N치즈피자_피자_페퍼로니 피자 팬 (L),308,31.43,18.38,13.1,3.04,808,3.1
2711,임실N치즈피자_피자_페퍼로니 피자 팬 (R),309,31.53,18.38,13.14,3.05,414,3.11
2712,임실N치즈피자_피자_페퍼로니 피자 라이스골드 (R),301,30.71,17.64,12.8,2.97,634,2.39
2713,임실N치즈피자_피자_페퍼로니 피자 라이스바이트 (F),292,29.8,16.55,12.42,2.89,1538,2.68
2714,임실N치즈피자_피자_페퍼로니 피자 라이스바이트 (L),298,30.41,16.84,12.68,2.94,1188,3.13
2715,임실N치즈피자_피자_페퍼로니 피자 라이스바이트 (R),301,30.71,16.11,12.8,2.97,734,3.18
2716,피자헛_피자_페퍼로니 피자 마니아 에어도우 (L),274,27.96,13.07,11.66,2.71,810,2.87
2717,피자헛_피자_페퍼로니 피자 마니아 에어도우 (M),274,27.96,12.99,11.66,2.71,443,2.79
2718,피자헛_피자_페퍼로니 피자 마니아 파마산엣지 (L),276,28.16,13.56,11.74,2.73,834,2.79
2719,피자헛_피자_페퍼로니 피자 마니아 파마산엣지 (M),276,28.16,13.55,11.74,2.73,458,2.7
2720,임실N치즈피자_피자_페퍼로니 피자 석쇠 (F),303,30.92,18.38,12.89,2.99,1033,3.07
2721,임실N치즈피자_피자_페퍼로니 피자 석쇠 (L),304,31.02,18.34,12.93,3.0,748,3.06
2722,임실N치즈피자_피자_페퍼로니 피자 석쇠 (R),305,31.12,18.35,12.97,3.01,384,3.08
2723,도미노피자_피자_페퍼로니 피자 슈퍼시드 화이버 버스트 오리지널 (L),328,25.61,15.38,13.76,3.24,1046,3.45
2724,도미노피자_피자_페퍼로니 피자 슈퍼시드 화이버 오리지널 (L),274,29.11,12.5,11.9,2.71,860,2.6
2725,도미노피자_피자_페퍼로니 피자 슈퍼시드 화이버 오리지널 (M),270,32.65,12.0,9.93,2.67,498,2.0
2726,도미노피자_피자_페퍼로니 피자 슈화 더블 치즈 페퍼로니 엣지 (L),326,24.32,15.9,14.69,3.22,1057,2.62
2727,도미노피자_피자_페퍼로니 피자 슈화 더블 치즈 페퍼로니 엣지 (M),334,26.47,16.09,13.54,3.3,634,2.09
2728,파파존스_피자_페퍼로니 피자 씬 (F),315,32.14,12.25,13.4,3.11,100,1.89
2729,도미노피자_피자_페퍼로니 피자 씬 (L),321,20.44,14.34,20.23,3.17,502,2.95
2730,킹스타피자_피자_페퍼로니 피자 (M),269,27.45,15.45,11.44,2.66,464,4.22
2731,파파존스_피자_페퍼로니 피자 (P),281,28.67,10.91,11.95,2.78,1097,4.55
2732,파파존스_피자_페퍼로니 피자 (R),281,28.67,11.02,11.95,2.78,354,5.08
2733,피자알볼로_피자_페퍼로니 피자 (R),289,29.49,14.04,12.29,2.86,455,3.51
2734,봉수아피자_피자_페퍼로니 피자 (XL),271,27.65,19.15,11.53,2.68,936,2.82
2735,파파존스_피자_페퍼로니 피자 골드링 (F),299,30.51,12.87,12.72,2.95,100,7.15
2736,파파존스_피자_페퍼로니 피자 골드링 (L),299,30.51,12.82,12.72,2.95,100,7.48
2737,파파존스_피자_페퍼로니 피자 골드링 (P),299,30.51,12.56,12.72,2.95,100,7.27
2738,파파존스_피자_페퍼로니 피자 골드링씬 (F),312,31.84,11.58,13.27,3.08,100,5.07
2739,도미노피자_피자_페퍼로니 피자 나폴리 (L),286,24.7,14.8,14.22,2.83,632,2.95
2740,도미노피자_피자_페퍼로니 피자 나폴리 (M),299,26.99,14.27,14.89,2.95,360,3.04
2741,도미노피자_피자_페퍼로니 피자 더블치즈 엣지 (L),275,25.1,12.68,13.77,2.72,1054,2.21
2742,도미노피자_피자_페퍼로니 피자 더블치즈 엣지 (M),286,23.15,13.79,15.31,2.83,644,3.27
2743,도미노피자_피자_페퍼로니 피자 더블치즈 엣지 오리지널 (M),274,27.96,13.61,11.66,2.71,588,2.72
2744,도미노피자_피자_페퍼로니 피자 더블치즈 페퍼로니 엣지 (L),279,23.63,13.16,13.46,2.76,1094,2.13
2745,도미노피자_피자_페퍼로니 피자 더블치즈 페퍼로니 엣지 (M),288,23.61,14.15,14.16,2.85,664,3.17
2746,임실N치즈피자_피자_페퍼로니 피자 라이스골드 (F),284,28.98,17.84,12.08,2.81,1456,3.4
2747,임실N치즈피자_피자_페퍼로니 피자 라이스골드 (L),297,30.31,17.35,12.63,2.93,1108,2.41
2748,지정환피자_피자_치즈폭탄핫멕시칸,226,23.06,15.12,9.61,2.23,1305,2.99
2749,도미노피자_피자_치즈퐁듀파이어미트 피자 오리지널 (L),237,24.18,11.72,10.08,2.34,1160,2.76
2750,피자스쿨_피자_치즈피자,293,29.9,15.72,12.46,2.9,585,3.42
2751,피자_치즈피자,277,35.6,15.7,7.9,3.2,200,3.4
2752,피자알볼로_피자_치즈피자 (L),282,28.78,14.46,12.0,2.79,624,3.24
2753,맘스피자_피자_치즈피자 (L),275,28.06,13.17,11.7,2.72,697,0.58
2754,맘스피자_피자_치즈피자 (M),274,27.96,14.16,11.66,2.71,497,0.94
2755,피자알볼로_피자_치즈피자 (R),281,28.67,14.3,11.95,2.78,352,3.16
2756,피자알볼로_피자_치즈피자 (XL),273,27.86,16.59,11.61,2.7,765,2.97
2757,맘스피자_피자_치즈피자 리치골드크러스트 (L),275,28.06,13.29,11.7,2.72,897,0.81
2758,맘스피자_피자_치즈피자 리치골드크러스트 (M),274,27.96,14.08,11.66,2.71,597,1.05
2759,비스트로피자_피자_치즈피자 오리지널,302,30.82,13.56,12.85,2.98,355,3.39
2760,맘스피자_피자_치즈피자 치즈크러스트 (L),276,28.16,13.24,11.74,2.73,797,0.59
2761,맘스피자_피자_치즈피자 치즈크러스트 (M),275,28.06,14.1,11.7,2.72,572,0.9
2762,노모어피자_피자_치즈피자(L),277,27.91,15.24,11.65,2.74,740,2.62
2763,노모어피자_피자_치즈피자(P),277,27.91,15.24,11.65,2.74,290,2.62
2764,봉수아피자_피자_치즈피자(R),208,21.22,10.0,8.85,2.06,601,2.4
2765,노모어피자_피자_치즈피자(R),277,27.91,15.24,11.65,2.74,460,2.62
2766,봉수아피자_피자_치즈피자(XL),272,27.76,14.91,11.57,2.69,910,3.51
2767,피자마루_피자_점보포테이토 피자 (L),233,23.78,11.17,9.91,2.3,1656,5.87
2768,지정환피자_피자_치즈폭탄 더블임실치즈불고기 피자 (L),234,23.88,15.89,9.95,2.31,1208,2.65
2769,지정환피자_피자_치즈폭탄 더블임실치즈슈퍼슈프림 피자 (L),238,24.29,14.38,10.12,2.35,876,2.74
2770,지정환피자_피자_치즈폭탄 더블임실치즈짱감자 피자 (L),227,23.16,13.48,9.66,2.24,1424,2.25
2771,지정환피자_피자_치즈폭탄 더블임실치즈페파로니 피자 (L),240,24.49,15.17,10.21,2.37,870,2.76
2772,지정환피자_피자_치즈폭탄 더블임실치즈하와이언 피자 (L),215,21.94,13.5,9.15,2.12,1304,4.29
2773,지정환피자_피자_치즈폭탄 더블임실치즈핫멕시칸 피자 (L),226,23.06,15.34,9.61,2.23,978,3.07
2774,피자마루_피자_치즈폭탄 피자 (L),288,29.39,21.18,12.25,2.85,780,1.24
2775,지정환피자_피자_치즈폭탄 핵치즈폭탄 피자 (L),254,25.92,14.93,10.8,2.51,804,2.99
2776,지정환피자_피자_치즈폭탄고구마,231,23.57,13.06,9.83,2.28,1310,3.6
2777,지정환피자_피자_치즈폭탄디럭스,254,25.92,14.62,10.8,2.51,1075,3.07
2778,지정환피자_피자_치즈폭탄밤호박,217,22.14,12.92,9.23,2.14,1315,3.17
2779,지정환피자_피자_치즈폭탄버팔로,233,23.78,13.59,9.91,2.3,1465,2.89
2780,지정환피자_피자_치즈폭탄불고기,235,23.98,16.1,10.0,2.32,1205,2.49
2781,지정환피자_피자_치즈폭탄슈퍼슈프림,239,24.39,14.66,10.17,2.36,1165,2.49
2782,지정환피자_피자_치즈폭탄짱감자,227,23.16,13.45,9.66,2.24,1425,2.0
2783,지정환피자_피자_치즈폭탄페파로니,241,24.59,15.35,10.25,2.38,1160,2.95
2784,피자마루_피자_치즈폭탄피자,288,29.39,21.18,12.25,2.85,780,1.24
2785,지정환피자_피자_치즈폭탄하와이언,215,21.94,13.38,9.15,2.12,1305,4.21
2786,파리바게뜨_베이글_블랙올리브치즈 베이글,274,44.44,7.94,6.35,2.71,126,5.56
2787,파리바게뜨_베이글_블랙올리브치즈 베이글(두번 쫄깃),274,44.51,7.94,7.27,2.71,126,5.56
2788,탐앤탐스_베이글_블루베리 베이글,291,58.18,9.09,2.73,2.87,110,13.64
2789,커피에반하다_베이글_블루베리 베이글,255,41.42,9.09,6.76,2.52,110,5.45
2790,카페베네_베이글_블루베리 베이글,325,52.79,10.0,8.62,3.21,110,14.55
2791,이디야_베이글_블루베리 베이글,280,45.48,7.0,7.43,2.77,100,9.0
2792,요거프레소_베이글_블루베리 베이글,305,49.54,10.58,8.09,3.01,113,15.87
2793,메가커피_베이글_블루베리 베이글,325,52.79,10.91,8.62,3.21,110,13.64
2794,카페게이트_베이글_블루베리 베이글,308,50.03,10.0,8.17,3.04,100,15.0
2795,할리스_베이글_블루베리 베이글,270,43.86,10.0,7.16,2.67,100,14.0
2796,던킨_베이글_블루베리 베이글,271,44.02,9.17,7.19,2.68,120,10.83
2797,커피마마_베이글_블루베리 베이글,305,49.54,10.58,8.09,3.01,113,15.96
2798,따삐오_베이글_블루베리 베이글,306,49.7,11.0,8.12,3.02,100,8.0
2799,던킨도너츠_베이글_블루베리 베이글,318,52.73,10.0,7.27,3.14,110,10.0
2800,피자마루_피자_치즈포테이토피자 (1인),257,26.22,10.91,10.93,2.54,318,5.88
2801,지정환피자_피자_치즈폭탄 더블임실치즈고구마 피자 (L),230,23.47,12.8,9.78,2.27,1312,3.66
2802,지정환피자_피자_치즈폭탄 더블임실치즈밤호박 피자 (L),216,22.04,12.8,9.19,2.13,1312,3.05
2803,지정환피자_피자_치즈폭탄 더블임실치즈버팔로 피자 (L),233,23.78,13.66,9.91,2.3,1098,2.73
2804,할리스_베이글_모카번 베이글,278,45.15,7.83,7.37,2.75,115,7.83
2805,던킨_베이글_무화과 베이글,267,43.37,8.33,7.08,2.64,120,16.67
2806,롤링핀_베이글_무화과 크림치즈 베이글,285,45.7,6.7,8.4,2.81,144,14.0
2807,바나프레소_베이글_바질 베이글,339,59.0,10.0,8.99,3.35,100,13.0
2808,던킨도너츠_베이글_바질 베이글,268,50.91,10.0,2.73,2.65,110,3.64
2809,파스쿠찌_베이글_바질 베이글&크림치즈,294,47.75,7.8,7.8,2.9,141,7.09
2810,토프레소_베이글_바질&토마토 크림치즈 베이글,292,47.43,9.29,7.75,2.88,183,5.46
2811,뚜레쥬르_베이글_바질토마토크림치즈베이글,286,46.45,7.57,7.59,2.82,185,4.87
2812,바나프레소_베이글_버터 베이글,353,58.0,10.0,9.36,3.49,100,13.0
2813,크로플덕오리아가씨_베이글_베이글 먹물치즈,249,49.52,9.52,1.43,2.46,105,6.67
2814,크로플덕오리아가씨_베이글_베이글 크랜베리·호두,286,47.62,13.33,5.71,2.82,105,5.71
2815,크로플덕오리아가씨_베이글_베이글 플레인,200,32.49,20.95,7.62,1.98,105,1.9
2816,커피빈_베이글_베이컨 파 크림치즈 베이글,294,47.75,7.22,7.8,2.9,180,6.67
2817,롤링핀_베이글_베이컨갈릭크림치즈,325,34.4,11.0,15.9,3.21,220,9.2
2818,뚜레쥬르_베이글_베이컨에그베이글,248,40.28,9.17,6.58,2.45,218,5.5
2819,파리바게뜨_베이글_블랙올리브 베이글&어니언부추크림치즈,279,34.17,7.54,12.06,2.76,199,5.03
2820,파리바게뜨_베이글_블랙올리브 베이글&어니언부추크림치즈(파베이크),292,37.5,7.29,11.98,2.88,192,5.21
2821,파리바게뜨_베이글_블랙올리브 베이글(파베이크),288,50.0,7.5,5.83,2.84,120,5.83
2822,뚜레쥬르_베이글_기본좋은세서미베이글,277,44.99,8.4,7.35,2.74,119,5.04
2823,뚜레쥬르_베이글_기본좋은쌀베이글,271,44.02,7.63,7.19,2.68,118,5.09
2824,뚜레쥬르_베이글_기본좋은올리브베이글,271,44.02,7.63,7.19,2.68,118,5.09
2825,던킨도너츠_베이글_깜빠뉴 베이글,328,52.73,10.91,8.18,3.24,110,10.0
2826,파스쿠찌_베이글_뉴욕 치즈 타르트,310,50.35,6.0,8.22,3.06,50,16.0
2827,이디야_베이글_대파베이컨 크림치즈 베이글,278,45.15,9.38,7.37,2.75,160,4.38
2828,뚜레쥬르_베이글_데일리베이글,282,45.8,10.91,7.48,2.78,110,10.91
2829,뚜레쥬르_베이글_데일리블루베리 베이글,288,46.78,8.57,7.64,2.84,105,9.52
2830,뚜레쥬르_베이글_데일리블루베리베이글,288,46.78,8.57,7.64,2.84,105,9.52
2831,뚜레쥬르_베이글_데일리월넛 베이글,370,60.1,9.52,9.82,3.65,105,8.57
2832,뚜레쥬르_베이글_데일리월넛베이글,370,60.1,9.52,9.82,3.65,105,8.57
2833,스타벅스_베이글_리얼 블루베리 베이글,261,42.39,10.0,6.92,2.58,100,7.0
2834,스타벅스_베이글_리얼 치즈 베이글,273,44.34,10.91,7.24,2.7,110,5.45
2835,파리바게뜨_베이글_멀티그레인 베이글,303,45.9,9.02,9.02,2.99,122,5.74
2836,던킨_베이글_멀티그레인 베이글,287,46.62,10.0,7.61,2.83,120,8.33
2837,파리바게뜨_베이글_멀티그레인 베이글&허니월넛크림치즈,296,46.11,8.38,8.38,2.92,167,5.99
2838,토프레소_베이글_메이플 크림치즈 베이글,301,48.89,10.59,7.98,2.97,170,6.47
2839,파리바게뜨_베이글_메이플피칸 베이글,276,44.83,7.76,7.76,2.73,116,6.03
2840,뚜레쥬르_번_카페모카빵(대),381,55.81,8.68,13.04,3.76,265,21.13
2841,뚜레쥬르_번_카페모카빵(소),379,55.52,9.09,12.97,3.74,132,21.21
2842,따삐오_번_커피번,387,56.69,7.25,13.25,3.82,69,8.7
2843,커피에반하다_번_커피콩빵,423,61.96,8.57,14.48,4.18,70,30.0
2844,청자다방_번_커피콩빵,374,54.79,5.84,12.8,3.69,100,27.08
2845,더벤티_번_커피콩빵,423,61.96,8.57,14.48,4.18,70,30.0
2846,카페띠아모_번_쿠키&크림 번버거,295,43.21,4.18,10.1,2.91,201,17.21
2847,뚜레쥬르_번_크림가득모카번,413,60.5,4.97,14.14,4.08,161,16.15
2848,로띠번_번_크림치즈번,359,55.24,8.57,16.0,3.55,105,16.0
2849,카페띠아모_번_티라미수 번버거,282,41.31,4.61,9.65,2.78,191,15.97
2850,로띠번_번_플레이번 모카,337,54.02,9.2,8.05,3.33,87,11.49
2851,로띠번_번_플레이번 바닐라,343,54.02,9.2,9.2,3.39,87,12.64
2852,뚜레쥬르_번_피스타치오블랙번,380,55.66,6.84,13.01,3.75,117,14.53
2853,이디야_번_핫 치즈번,392,57.42,6.67,13.42,3.87,60,16.67
2854,로띠번_번_호두카야번,401,55.24,8.57,15.24,3.96,105,22.0
2855,번데기탕,23,0.42,2.2,1.48,0.2,100,0.18
2856,베이글,306,53.48,10.0,5.83,2.7,120,4.58
2857,파리바게뜨_베이글_갈릭크림치즈 베이글,320,45.59,7.35,11.76,3.16,136,7.35
2858,파리바게뜨_베이글_갈릭크림치즈 베이글(파베이크),329,44.29,7.14,12.86,3.25,140,7.86
2859,따삐오_번_모카빵,355,52.0,8.0,12.15,3.51,207,8.0
2860,파리바게뜨_번_모카빵 (소),335,49.07,6.42,11.47,3.31,109,20.18
2861,파리바게뜨_번_모카빵(소),331,48.49,7.41,11.33,3.27,216,20.18
2862,파리바게뜨_번_미니모카빵,336,49.22,7.27,11.5,3.32,55,20.0
2863,로띠번_번_바닐라번,360,53.68,8.42,12.0,3.56,95,12.63
2864,따삐오_번_쁘띠모카빵,351,51.42,8.33,12.01,3.47,144,6.94
2865,따삐오_번_아몬드모카빵,352,51.56,9.0,12.05,3.48,190,20.0
2866,엔제리너스_번_악마의 초코번,304,40.57,5.66,10.41,3.0,106,8.49
2867,엔제리너스_번_악마의 크림번,304,40.95,5.71,10.41,3.0,105,8.57
2868,이디야_번_오리지널 핫 번,400,58.59,6.67,13.69,3.95,60,6.67
2869,뚜레쥬르_번_오리지널커피번,440,64.45,7.0,15.06,4.35,100,16.0
2870,파리바게뜨_번_옥수수콘크림번,316,37.93,5.75,16.09,3.12,87,12.64
2871,로띠번_번_초코번,396,53.68,8.42,16.0,3.91,95,16.84
2872,커피마마_번_치즈번,392,57.42,6.67,13.42,3.87,60,16.67
2873,파리바게뜨_번_카페 모카빵(소),329,48.19,7.41,11.26,3.25,108,22.22
2874,파리바게뜨_번_카페모카빵,331,59.72,7.41,7.41,3.27,216,22.69
2875,뚜레쥬르_번_카페모카빵 (대),362,53.03,8.08,12.39,3.58,260,21.13
2876,뚜레쥬르_번_카페모카빵 (소),362,53.03,8.46,12.39,3.58,130,21.21
2877,파리바게뜨_번_카페모카빵 (소),329,60.19,7.41,7.41,3.25,108,22.22
2878,버섯찌개,32,4.27,2.2,1.32,1.5,100,1.54
2879,더벤티_버터빵_고메소금빵,374,38.16,9.43,15.91,3.69,53,3.77
2880,달콤_버터빵_버터 소금빵,365,37.25,8.0,15.53,3.6,75,5.33
2881,파리바게뜨_버터빵_버터롤,320,48.0,8.0,11.0,3.16,100,11.0
2882,롤링핀_버터빵_뺑오플레르,339,34.59,8.2,14.42,3.35,50,1.3
2883,뚜레쥬르_버터빵_소금버터롤,387,39.49,8.07,16.46,3.82,62,8.07
2884,카페게이트_버터빵_소금빵,432,44.08,15.38,18.38,4.27,65,9.23
2885,뚜레쥬르_버터빵_앙버터소금버터롤,406,41.43,7.14,17.27,4.01,112,18.75
2886,뚜레쥬르_버터빵_에그마요소금버터롤,309,31.53,9.76,13.15,3.05,123,5.69
2887,뚜레쥬르_버터빵_우유크림소금버터롤,368,37.55,5.46,15.66,3.63,110,10.91
2888,뚜레쥬르_버터빵_트러플소금버터롤,383,39.08,7.81,16.29,3.78,64,7.81
2889,버터크림빵,383,46.23,8.18,18.41,2.6,60,11.99
2890,파리바게뜨_번_NEW)아다지오커피번,405,59.33,6.0,13.86,4.0,100,13.0
2891,파리바게뜨_번_골든버터번,314,46.0,5.71,10.75,3.1,70,14.29
2892,로띠번_번_딸기번,424,62.11,8.42,15.79,4.19,95,10.53
2893,로띠번_번_로띠번,369,53.68,9.47,12.63,3.64,95,12.63
2894,뚜레쥬르_번_마담얼그레이크림번,395,57.86,9.0,13.52,3.9,100,18.0
2895,커피마마_번_모카번,400,58.59,6.67,13.69,3.95,60,6.67
2896,커피에반하다_번_모카번,391,57.28,6.25,13.38,3.86,80,8.75
2897,버섯전,160,10.8,7.02,9.91,3.6,150,1.83
2898,버섯전_표고버섯,181,12.74,10.13,9.98,7.4,150,1.89
2899,버섯전골,36,3.22,2.6,1.81,1.3,100,0.43
2900,GS 리테일 심플리쿡_버섯전골_간편조리세트_남도식 들깨 버섯전골,40,4.54,2.14,1.5,1.9,968,0.95
2901,버섯전골_소고기,59,4.69,4.11,3.02,1.2,100,1.01
2902,버섯조림,33,6.83,2.04,0.74,1.6,100,1.55
2903,맘스터치_버거_화이트갈릭싸이버거,289,23.63,14.06,15.56,2.85,263,3.95
2904,맘스터치_버거_휠렛 버거,203,15.63,13.54,9.72,2.0,288,4.51
2905,맘스터치_버거_휠렛버거,220,17.98,13.01,11.85,2.17,248,4.51
2906,버섯 덮밥,101,18.47,2.6,1.63,0.9,100,0.54
2907,버섯 매운탕,45,6.93,2.4,1.36,2.0,100,1.46
2908,버섯 샤브샤브,27,2.46,2.0,1.36,1.0,100,0.48
2909,버섯 잡채,149,6.28,4.8,12.22,2.9,100,1.94
2910,버섯구이,52,4.78,5.16,1.38,3.6,80,0.11
2911,버섯구이_새송이버섯,84,11.66,4.29,2.21,5.7,80,4.54
2912,버섯구이표고버섯,100,18.14,4.34,1.06,11.1,80,1.4
2913,버섯국,42,2.71,3.3,2.43,1.4,100,0.5
2914,버섯무침_느타리버섯,59,3.44,2.74,3.77,4.7,150,0.09
2915,버섯볶음_느타리버섯,94,6.78,2.8,6.2,4.5,50,4.24
2916,버섯볶음_새송이버섯,121,9.29,2.95,8.03,4.1,120,3.75
2917,버섯볶음_양송이버섯,91,7.33,3.0,5.53,3.1,150,0.8
2918,버섯볶음_표고버섯,95,10.53,3.0,4.47,6.2,150,1.73
2919,맥도날드_버거_필레오피쉬 버거,250,20.44,10.22,13.46,2.47,137,4.38
2920,버거앤프라이즈_버거_하와이안BBQ 버거,188,15.37,8.61,10.12,1.86,244,6.56
2921,롯데리아_버거_한우불고기 버거,217,17.74,9.13,11.68,2.14,263,5.7
2922,롯데리아_버거_한우트러플머쉬룸 버거,215,17.58,9.23,11.58,2.12,271,6.64
2923,버거킹_버거_할라피뇨와퍼 버거,210,17.17,9.73,11.31,2.07,298,3.86
2924,버거킹_버거_할라피뇨와퍼주니어 버거,239,19.54,10.12,12.87,2.36,168,2.98
2925,맘스터치_버거_할라피뇨통살 버거,236,18.73,10.11,13.45,2.33,267,3.0
2926,따삐오_버거_함박스테이크 버거,191,15.61,6.0,10.28,1.89,162,10.0
2927,버거앤프라이즈_버거_핫슈피뇨 버거,227,18.56,10.2,12.22,2.24,304,1.97
2928,KFC_버거_핫치즈징거 버거,192,15.7,12.55,10.34,1.9,271,3.32
2929,롯데리아_버거_핫크리스피 버거,265,21.66,11.58,14.27,2.62,190,2.63
2930,롯데리아_버거_핫크리스피치킨버거,265,21.66,11.56,14.27,2.62,190,2.63
2931,KFC_버거_핫통삼겹베이컨 버거,239,19.54,12.67,12.87,2.36,292,6.16
2932,뉴욕버거_버거_해쉬브라운&치킨 버거,284,23.22,6.42,15.29,2.8,218,4.59
2933,맥도날드_버거_햄버거,263,32.67,12.87,8.91,2.6,101,6.93
2934,맘스터치_버거_햄치즈휠렛 버거,210,17.17,14.64,11.31,2.07,321,3.74
2935,맘스터치_버거_화이트갈릭 버거,235,16.78,15.1,11.91,2.32,298,4.36
2936,맘스터치_버거_화이트갈릭버거,228,18.64,14.45,12.28,2.25,280,4.36
2937,맘스터치_버거_화이트갈릭싸이 버거,289,19.01,14.07,17.38,2.85,263,3.95
2938,버거킹_버거_통새우와퍼,231,18.88,11.0,12.44,2.28,309,2.91
2939,버거킹_버거_통새우와퍼 버거,226,18.48,10.37,12.17,2.23,328,1.46
2940,버거킹_버거_통새우와퍼주니어,246,20.11,10.12,13.25,2.43,168,2.98
2941,버거킹_버거_통새우와퍼주니어 버거,235,19.21,12.96,12.65,2.32,162,3.09
2942,노브랜드버거_버거_투머치 베이컨 버거,235,13.41,13.03,14.18,2.32,261,3.45
2943,맘스터치_버거_트리플딥치즈비프 버거,251,15.54,13.55,15.14,2.48,251,3.98
2944,맘스터치_버거_트리플딥치즈싸이 버거,242,19.85,11.4,12.94,2.39,272,3.68
2945,맘스터치_버거_트리플딥치즈싸이버거,242,19.78,11.58,13.03,2.39,272,3.68
2946,맥도날드_버거_트리플치즈 버거,283,19.63,16.44,15.98,2.79,219,4.11
2947,롯데리아_버거_티렉스버거,217,17.74,12.31,11.68,2.14,213,3.29
2948,롯데리아_버거_티렉스버거 T-REX 버거,217,17.74,12.21,11.68,2.14,213,3.29
2949,뉴욕버거_버거_페퍼로니 버거,209,17.09,9.09,11.25,2.06,187,3.21
2950,노브랜드버거_버거_페퍼로니 버거,254,20.76,11.4,13.68,2.51,193,4.66
2951,노브랜드버거_버거_페퍼로니치킨 버거,255,20.85,11.64,13.73,2.52,189,4.76
2952,노브랜드버거_버거_페퍼로니피자 치킨 버거,240,16.6,12.15,13.77,2.37,247,4.05
2953,롯데리아_버거_폴더 버거 비프,251,20.52,13.79,13.52,2.48,203,3.94
2954,프랭크버거_버거_프랭크 버거,260,21.25,11.44,14.0,2.57,140,4.78
2955,프랭크버거_버거_프랭크 버거 (L),259,21.17,11.45,13.95,2.56,175,4.31
2956,프랭크버거_버거_프랭크 버거 (R),236,19.29,10.01,12.71,2.33,173,3.34
2957,버거킹_버거_크리스퍼 마늘치킨,259,21.17,9.81,13.95,2.56,255,4.71
2958,버거리_버거_크리스피치킨버거,296,24.2,13.58,15.94,2.92,218,6.15
2959,KFC_버거_클래식징거통다리,271,22.15,11.11,14.59,2.68,234,5.56
2960,롯데리아_버거_클래식치즈 버거,338,27.63,13.99,18.2,3.34,143,4.2
2961,롯데리아_버거_클래식치즈 버거 버터번,337,27.55,10.96,18.15,3.33,146,3.42
2962,롯데리아_버거_클래식치즈버거,337,27.55,10.77,18.15,3.33,146,4.2
2963,버거리_버거_클래식치킨버거,310,25.34,11.54,16.69,3.06,202,7.38
2964,버거킹_버거_킹치킨 버거,299,24.44,11.24,16.1,2.95,178,1.52
2965,KFC_버거_타워 버거,220,18.18,11.89,10.07,2.17,286,2.8
2966,맘스터치_버거_탄두리싸이 버거,250,18.32,12.21,14.2,2.47,262,4.2
2967,맘스터치_버거_텍사스바베큐버거,243,19.86,12.8,13.08,2.4,279,3.35
2968,맘스터치_버거_텍사스바비큐치킨 버거,211,17.25,11.58,11.36,2.08,285,3.16
2969,따삐오_버거_통새우 버거,175,14.31,5.0,9.42,1.73,182,9.0
2970,뉴욕버거_버거_통새우 버거,228,18.64,6.33,12.28,2.25,221,4.52
2971,맘스터치_버거_통새우 버거,252,30.34,6.74,11.57,2.49,178,5.06
2972,맘스터치_버거_통새우버거,252,20.6,6.94,13.57,2.49,178,5.06
2973,뉴욕버거_버거_통새우버거,228,18.64,6.34,12.28,2.25,221,4.52
2974,버거킹_버거_통새우슈림프 버거,243,19.86,8.47,13.08,2.4,189,3.7
2975,버거킹_버거_통새우슈림프버거,269,21.99,8.42,14.48,2.66,190,3.7
2976,버거킹_버거_치킨킹BLT,275,22.48,9.29,14.81,2.72,269,4.46
2977,버거킹_버거_치킨킹BLT 버거,275,22.48,9.36,14.81,2.72,299,4.35
2978,버거킹_버거_치킨킹버거,300,24.52,10.8,16.15,2.96,250,3.6
2979,노브랜드버거_버거_치폴레 핫 치킨,234,19.13,9.23,12.6,2.31,195,5.64
2980,노브랜드버거_버거_치플레핫치킨 버거,234,21.03,9.23,12.31,2.31,195,5.64
2981,뉴욕버거_버거_칠리 치킹 버거,246,20.11,10.99,13.25,2.43,282,3.9
2982,맘스터치_버거_칠리새우 버거,245,27.5,7.0,11.9,2.42,200,7.0
2983,KFC_버거_칠리징거통다리,258,21.09,10.08,13.89,2.55,258,6.2
2984,뉴욕버거_버거_칠리치킹버거,246,20.11,10.99,13.25,2.43,282,3.9
2985,KFC_버거_캡새 버거,268,21.91,7.22,14.43,2.65,180,5.56
2986,KFC_버거_커넬 데리야끼,246,20.11,10.06,13.25,2.43,169,5.33
2987,KFC_버거_커넬 오리지널,287,23.46,9.83,15.45,2.83,173,2.89
2988,맥도날드_버거_케이준비프 스낵랩,302,22.55,10.78,18.63,2.98,102,3.92
2989,노브랜드버거_버거_코울슬로 치킨,243,19.86,12.39,13.08,2.4,218,4.13
2990,노브랜드버거_버거_코울슬로치킨 버거,255,22.02,11.01,13.76,2.52,218,5.96
2991,노브랜드버거_버거_콰트로 맥앤치즈 버거,282,20.63,10.76,17.04,2.78,223,2.69
2992,버거킹_버거_콰트로치즈와퍼 버거,249,20.36,12.94,13.41,2.46,309,2.01
2993,버거킹_버거_콰트로치즈와퍼주니어 버거,258,21.09,12.14,13.89,2.55,173,1.79
2994,맥도날드_버거_쿼터파운더치즈 버거,271,21.21,15.66,14.14,2.68,198,5.05
2995,롯데리아_버거_치즈 NO.5 버거,278,22.73,11.48,14.97,2.75,183,2.73
2996,맥도날드_버거_치즈 버거,277,30.43,13.91,11.3,2.74,115,6.09
2997,버거킹_버거_치즈 버거,288,23.54,12.69,15.51,2.84,134,2.84
2998,프랭크버거_버거_치즈 버거,248,20.27,10.81,13.35,2.45,150,2.86
2999,프랭크버거_버거_치즈 버거 (L),261,21.34,10.83,14.05,2.58,185,2.85
3000,프랭크버거_버거_치즈 버거 (R),242,19.78,9.98,13.03,2.39,186,3.36
3001,프랭크버거_버거_치즈 버거라지 (L),269,21.99,10.57,14.48,2.66,227,5.07
3002,맘스터치_버거_치즈베이컨 버거,201,16.43,13.75,10.82,1.99,320,2.5
3003,버거킹_버거_치즈와퍼 버거,236,19.29,10.89,12.71,2.33,303,2.34
3004,버거킹_버거_치즈와퍼주니어 버거,258,21.09,11.18,13.89,2.55,170,2.82
3005,KFC_버거_치즈징거통다리,274,22.4,11.11,14.75,2.71,270,3.7
3006,맘스터치_버거_치즈홀릭 버거 체다,226,18.48,14.69,12.17,2.23,354,3.39
3007,버거킹_버거_치킨 버거,302,24.69,10.11,16.26,2.98,178,2.25
3008,롯데리아_버거_치킨 버거,252,20.6,10.64,13.57,2.49,141,5.67
3009,버거앤프라이즈_버거_치킨몬스터 버거,251,20.52,8.68,13.52,2.48,265,1.51
3010,롯데리아_버거_치킨버거,252,20.6,10.81,13.57,2.49,141,5.67
3011,버거킹_버거_치킨버거,297,24.28,10.06,15.99,2.93,179,2.25
3012,따삐오_버거_치킨스테이크 버거,199,16.27,8.0,10.72,1.97,170,6.0
3013,버거킹_버거_치킨킹,300,24.52,10.71,16.15,2.96,224,3.57
3014,버거킹_버거_와퍼 버거,223,18.23,10.43,12.01,2.2,278,3.78
3015,버거킹_버거_와퍼주니어 버거,253,20.68,10.76,13.62,2.5,158,2.91
3016,뉴욕버거_버거_웰빙머쉬룸버거,216,17.66,4.59,11.63,2.13,218,5.96
3017,맘스터치_버거_인크레더블 버거,240,19.23,12.18,12.6,2.37,312,5.13
3018,맘스터치_버거_인크레더블버거,240,19.62,12.33,12.92,2.37,312,5.13
3019,버거킹_버거_직화버섯소불고기 버거,239,19.54,7.77,12.87,2.36,193,3.94
3020,버거킹_버거_직화소불고기버거,257,21.01,7.87,13.84,2.54,178,4.04
3021,KFC_버거_징거 BLT 버거,210,15.06,13.51,10.81,2.07,259,3.09
3022,KFC_버거_징거 더블다운맥스 버거,216,8.97,16.62,12.64,2.13,349,1.15
3023,KFC_버거_징거BLT버거,246,20.11,13.08,13.25,2.43,283,3.09
3024,KFC_버거_징거더블다운통다리,273,22.32,13.84,14.7,2.7,354,1.13
3025,KFC_버거_징거버거,246,20.11,14.67,13.25,2.43,225,2.22
3026,KFC_버거_징거타워버거,238,19.46,11.88,12.82,2.35,303,2.97
3027,맥도날드_버거_창녕갈릭비프 버거,250,22.96,10.0,13.33,2.47,270,7.04
3028,맥도날드_버거_창녕갈릭치킨 버거,232,24.16,8.39,11.74,2.29,298,7.05
3029,롯데리아_버거_청양 바삭 통새우버거,233,19.05,8.21,12.55,2.3,232,5.17
3030,맘스터치_버거_청양마요미트볼 버거,265,21.59,11.96,14.55,2.62,301,5.98
3031,롯데리아_버거_청양칠리 새우 베이컨,222,18.15,8.17,11.95,2.19,215,4.65
3032,뉴욕버거_버거_치아바타머쉬룸 버거,178,14.55,4.55,9.58,1.76,198,7.07
3033,맘스터치_버거_에그불고기 버거,236,19.29,9.48,12.71,2.33,211,7.11
3034,맥도날드_버거_에그불고기 버거,221,19.82,9.46,11.71,2.18,222,6.31
3035,롯데리아_버거_에그샐러드번,251,20.52,7.69,13.52,2.48,180,3.33
3036,뉴욕버거_버거_에그포테이토 버거,267,21.83,6.06,14.38,2.64,165,4.24
3037,뉴욕버거_버거_에그포테이토버거,267,21.83,6.06,14.38,2.64,165,4.24
3038,맘스터치_버거_에드워드리 싸이버거,225,18.39,13.36,12.12,2.22,274,5.29
3039,노브랜드버거_버거_오리지널 새우,244,19.95,7.39,13.14,2.41,176,5.11
3040,버거앤프라이즈_버거_오리지널더블 버거,260,21.25,13.06,14.0,2.57,314,2.23
3041,맘스터치_버거_오리지널미트볼 버거,269,20.13,11.22,15.84,2.66,303,6.27
3042,버거킹_버거_오리지널스 페퍼잭 더블,305,24.93,15.76,16.42,3.01,368,2.17
3043,버거킹_버거_오리지널스 페퍼잭 싱글,321,26.24,15.12,17.28,3.17,291,2.75
3044,버거앤프라이즈_버거_오리지널싱글 버거,221,18.07,9.83,11.9,2.18,234,2.14
3045,버거킹_버거_오믈렛킹모닝,276,22.56,8.33,14.86,2.73,180,2.78
3046,롯데리아_버거_오징어 얼라이브버거 매운맛,251,20.52,9.09,13.52,2.48,202,5.45
3047,롯데리아_버거_오징어 얼라이브버거 블랙페퍼맛,260,21.25,9.12,14.0,2.57,202,5.45
3048,뉴욕버거_버거_오찡 버거,213,17.41,7.29,11.47,2.1,192,6.77
3049,뉴욕버거_버거_오찡버거,212,17.33,7.29,11.42,2.09,192,6.77
3050,롯데리아_버거_와규에디션 Ⅱ,269,21.99,10.81,14.48,2.66,185,7.57
3051,맘스터치_버거_와우스모크디럭스버거,217,17.74,12.63,11.68,2.14,267,5.08
3052,뉴욕버거_버거_스위트 핫도그,205,16.76,12.5,11.04,2.02,216,6.02
3053,KFC_버거_스콜쳐 버거 플러스,271,22.26,8.9,16.1,2.68,292,5.48
3054,버거킹_버거_스태커2와퍼 버거,255,20.85,13.68,13.73,2.52,424,2.1
3055,버거킹_버거_스태커3와퍼 버거,261,21.34,15.44,14.05,2.58,544,2.1
3056,버거킹_버거_스태커4와퍼 버거,263,21.5,16.15,14.16,2.6,650,1.83
3057,맥도날드_버거_스파이시치킨 스낵랩,271,23.21,10.71,15.18,2.68,112,2.68
3058,버거앤프라이즈_버거_시그니처더블 버거,245,20.03,12.25,13.19,2.42,302,4.64
3059,버거앤프라이즈_버거_시그니처싱글 버거,198,16.19,9.72,10.66,1.96,247,3.64
3060,맘스터치_버거_싸이 버거,258,19.13,12.17,14.83,2.55,230,6.09
3061,맘스터치_버거_싸이버거,258,21.09,12.03,13.89,2.55,230,6.09
3062,맘스터치_버거_싸이플렉스 버거,244,19.21,10.84,13.74,2.41,406,3.45
3063,맘스터치_버거_싸이플렉스버거,244,19.95,10.78,13.14,2.41,406,3.45
3064,맘스터치_버거_아라비아따치즈 버거,256,21.36,13.27,13.07,2.53,309,3.24
3065,맘스터치_버거_아라비아따치즈버거,256,20.93,13.29,13.78,2.53,309,3.24
3066,뉴욕버거_버거_아메리칸치즈 버거,243,19.86,12.97,13.08,2.4,185,4.32
3067,맘스터치_버거_양념치킨싸이 버거,253,20.68,11.15,13.62,2.5,260,7.69
3068,맘스터치_버거_언빌리버블 버거,228,17.16,13.31,11.95,2.25,338,4.44
3069,맘스터치_버거_언빌리버블버거,215,17.58,12.22,11.58,2.12,327,4.44
3070,KFC_버거_업그레이비타워,216,17.66,10.91,11.63,2.13,330,3.94
3071,노브랜드버거_버거_산체스 버거,182,14.88,8.15,9.8,1.8,233,4.29
3072,맘스터치_버거_살사리코 버거,235,19.21,11.11,12.65,2.32,279,4.3
3073,롯데리아_버거_새우 버거,275,22.48,8.38,14.81,2.72,179,3.91
3074,롯데리아_버거_새우베이컨 버거,255,20.85,8.06,13.73,2.52,211,3.32
3075,맘스터치_버거_새우불고기 버거,238,26.59,7.54,11.23,2.35,252,7.94
3076,롯데리아_버거_새우익스트림 레몬크림 버거,227,18.56,7.23,12.22,2.24,235,5.11
3077,프랭크버거_버거_쉬림프 버거,242,19.78,6.96,13.03,2.39,171,3.68
3078,버거리_버거_쉬림프버거,254,20.76,6.33,13.68,2.51,210,5.39
3079,맘스터치_버거_쉬림프싸이플렉스 버거,285,24.92,9.63,16.38,2.81,301,3.99
3080,맘스터치_버거_쉬림프싸이플렉스버거,285,23.3,9.48,15.35,2.81,301,3.99
3081,프랭크버거_버거_쉬림프페퍼로니모짜 버거 (R),251,20.52,9.3,13.52,2.48,264,4.55
3082,버거킹_버거_슈림프 버거,254,20.76,8.09,13.68,2.51,173,2.37
3083,버거앤프라이즈_버거_슈림프 버거,215,17.58,5.91,11.58,2.12,220,1.36
3084,버거킹_버거_슈림프버거,290,23.71,7.87,15.62,2.86,178,2.37
3085,맥도날드_버거_슈비 버거,201,23.79,7.43,8.55,1.99,269,5.58
3086,맥도날드_버거_슈슈 버거,183,26.79,5.36,6.25,1.81,224,5.8
3087,노브랜드버거_버거_스리라차치킨 버거,239,23.85,11.47,11.01,2.36,218,8.26
3088,뉴욕버거_버거_스리라차치킹버거,236,19.29,11.32,12.71,2.33,265,2.64
3089,노브랜드버거_버거_스모키살사 버거,209,17.21,8.84,11.63,2.06,215,4.65
3090,버거킹_버거_불고기롱치킨 버거,260,21.25,10.34,14.0,2.57,232,4.31
3091,버거킹_버거_불고기몬스터 버거,258,21.09,13.06,13.89,2.55,245,4.49
3092,버거킹_버거_불고기와퍼 버거,229,18.72,9.63,12.33,2.26,301,5.58
3093,버거킹_버거_불고기와퍼주니어 버거,242,19.78,10.37,13.03,2.39,164,5.18
3094,맘스터치_버거_불불불불싸이버거,242,19.78,12.14,13.03,2.39,264,6.48
3095,맘스터치_버거_불싸이 버거,236,23.91,12.17,10.17,2.33,230,6.52
3096,맘스터치_버거_불싸이버거,236,19.29,12.2,12.71,2.33,230,6.52
3097,KFC_버거_블랙라벨더블다운맥스 버거,266,21.75,15.0,14.32,2.63,320,1.88
3098,KFC_버거_블랙라벨폴인치즈 버거,242,19.78,11.33,13.03,2.39,300,3.33
3099,버거킹_버거_블랙바비큐와퍼 버거,266,21.75,12.29,14.32,2.63,293,4.06
3100,버거킹_버거_블랙바비큐콰트로치즈와퍼 버거,270,22.07,12.77,14.54,2.67,329,4.22
3101,노브랜드버거_버거_비스크 치즈 새우,232,18.97,8.2,12.49,2.29,183,3.83
3102,버거킹_버거_비프&슈림프 버거,235,19.21,9.84,12.65,2.32,244,1.89
3103,뉴욕버거_버거_비프불고기 버거,231,18.88,12.28,12.44,2.28,171,5.26
3104,맘스터치_버거_비프스테이크 버거,274,18.15,13.33,16.44,2.71,270,5.19
3105,맥도날드_버거_빅맥 버거,261,22.42,12.11,13.9,2.58,223,3.59
3106,롯데리아_버거_빅불 버거,282,23.05,13.33,15.18,2.78,270,4.44
3107,뉴욕버거_버거_빈스미트 핫도그,232,18.97,10.26,12.49,2.29,195,7.18
3108,롯데리아_버거_사각새우 더블 버거,267,21.83,8.17,14.38,2.64,208,3.37
3109,버거킹_버거_바비큐치킨 버거,278,22.73,11.31,14.97,2.75,168,2.26
3110,버거킹_버거_바비큐킹치킨 버거,278,22.73,11.31,14.97,2.75,168,2.26
3111,버거앤프라이즈_버거_베이컨더블치즈 버거,244,19.95,13.97,13.14,2.41,315,1.27
3112,롯데리아_버거_베이컨에그번,245,20.03,8.61,13.19,2.42,159,3.15
3113,프랭크버거_버거_베이컨치즈 버거,249,20.36,15.47,13.41,2.46,207,3.79
3114,프랭크버거_버거_베이컨치즈 버거 (L),257,21.01,12.81,13.84,2.54,250,4.03
3115,프랭크버거_버거_베이컨치즈 버거 (R),220,17.98,10.91,11.85,2.17,231,4.41
3116,버거킹_버거_베이컨치즈와퍼 버거,248,20.27,11.75,13.35,2.45,315,2.38
3117,맥도날드_버거_베이컨토마토디럭스 버거,231,21.86,11.74,11.34,2.28,247,5.67
3118,롯데리아_버거_베이컨햄 에그번,404,33.03,16.24,21.75,3.99,117,4.27
3119,롯데리아_버거_불고기 4DX 버거,225,18.39,11.56,12.12,2.22,225,4.0
3120,맘스터치_버거_불고기 버거,246,28.05,8.54,11.04,2.43,164,8.54
3121,버거앤프라이즈_버거_불고기 버거,228,18.64,11.17,12.28,2.25,179,1.68
3122,롯데리아_버거_불고기 버거,253,20.68,10.64,13.62,2.5,188,5.32
3123,버거킹_버거_불고기 버거,265,21.66,12.14,14.27,2.62,140,7.07
3124,맥도날드_버거_불고기 버거,245,26.35,8.38,11.98,2.42,167,8.38
3125,롯데리아_버거_불고기 베이컨 버거,237,19.37,10.0,12.76,2.34,220,5.0
3126,롯데리아_버거_불고기 익스트림 오징어 버거,256,20.93,11.42,13.78,2.53,254,5.51
3127,버거앤프라이즈_버거_불고기더블치즈 버거,236,19.29,14.02,12.71,2.33,271,3.32
3128,롯데리아_버거_리아 새우,275,22.48,8.2,14.81,2.72,179,3.91
3129,롯데리아_버거_리아 새우 베이컨,255,20.85,8.01,13.73,2.52,211,3.32
3130,롯데리아_버거_리아미라클 버거,270,22.07,9.0,14.54,2.67,211,6.64
3131,롯데리아_버거_리아미라클2 버거,194,15.86,8.29,10.45,1.92,181,4.97
3132,뉴욕버거_버거_리얼 딥치즈 버거,243,19.86,12.97,13.08,2.4,185,4.32
3133,맘스터치_버거_마라싸이 버거,289,24.55,12.5,15.8,2.85,224,4.91
3134,맥도날드_버거_맥스파이시상하이 버거,204,21.54,9.76,8.94,2.01,246,3.66
3135,맥도날드_버거_맥치킨 버거,254,23.3,10.19,13.59,2.51,206,3.4
3136,맥도날드_버거_맥치킨모짜렐라 버거,254,25.94,10.58,12.29,2.51,293,6.14
3137,맥도날드_버거_맥크리스피디럭스 버거,223,22.68,8.55,11.15,2.2,269,5.58
3138,맥도날드_버거_맥크리스피클래식 버거,290,29.06,11.33,14.78,2.86,203,6.4
3139,프랭크버거_버거_머쉬룸 버거,259,21.17,10.6,13.95,2.56,180,5.11
3140,프랭크버거_버거_머쉬룸 버거 (L),266,21.75,10.7,14.32,2.63,250,5.43
3141,노브랜드버거_버거_메가바이트 버거,304,21.76,8.8,20.37,3.0,216,3.24
3142,롯데리아_버거_모짜렐라인더 버거 베이컨,324,26.49,13.57,17.45,3.2,221,2.26
3143,버거킹_버거_몬스터와퍼 버거,253,20.68,12.47,13.62,2.5,417,4.05
3144,롯데리아_버거_미라클버거,194,15.86,8.47,10.45,1.92,181,4.97
3145,노브랜드버거_버거_미트마니아 버거,246,13.77,12.13,15.74,2.43,305,2.95
3146,뉴욕버거_버거_바비큐 버거,220,17.98,9.31,11.85,2.17,204,5.39
3147,뉴욕버거_버거_더블스테이크 버거,205,16.76,11.57,11.04,2.02,268,3.73
3148,버거킹_버거_더블오리지널치즈 버거,260,21.25,14.58,14.0,2.57,192,2.71
3149,버거킹_버거_더블와퍼 버거,234,19.13,12.5,12.6,2.31,360,2.92
3150,프랭크버거_버거_더블치즈 버거,297,24.28,15.22,15.99,2.93,211,1.36
3151,맥도날드_버거_더블치즈 버거,287,23.35,16.17,14.97,2.83,167,4.79
3152,프랭크버거_버거_더블치즈 버거 (L),270,22.07,13.17,14.54,2.67,254,1.79
3153,프랭크버거_버거_더블치즈 버거 (R),252,20.6,15.3,13.57,2.49,272,2.08
3154,노브랜드버거_버거_더블치즈 베이컨 시그니처 버거,242,16.67,10.96,14.47,2.39,228,3.07
3155,KFC_버거_더블치즈타워,255,20.85,11.64,13.73,2.52,318,3.15
3156,맥도날드_버거_더블쿼터파운더치즈 버거,280,15.64,18.18,16.36,2.77,275,3.64
3157,노브랜드버거_버거_데리마요 버거,218,17.82,9.22,11.74,2.15,206,5.34
3158,맘스터치_버거_디럭스불고기 버거,260,23.31,10.17,13.98,2.57,236,6.78
3159,맘스터치_버거_딥치즈 버거,215,16.01,14.95,10.07,2.12,281,4.27
3160,맘스터치_버거_딥치즈버거,210,17.17,12.83,11.31,2.07,259,4.27
3161,맘스터치_버거_딥치즈싸이 버거,266,19.92,12.2,15.49,2.63,246,4.07
3162,맘스터치_버거_딥치즈싸이버거,266,21.75,12.0,14.32,2.63,246,4.07
3163,뉴욕버거_버거_뚱카츠 버거,250,20.44,10.0,13.46,2.47,230,4.35
3164,버거킹_버거_롱치킨 버거,272,22.24,11.9,14.65,2.69,210,2.71
3165,롯데리아_버거_리아 사각새우 더블,267,21.83,8.39,14.38,2.64,208,3.37
3166,맘스터치_버거_그릴드비프 버거,242,16.74,12.02,14.03,2.39,233,3.43
3167,버거킹_버거_기네스머쉬룸와퍼 버거,237,19.37,11.46,12.76,2.34,323,4.24
3168,버거킹_버거_기네스와퍼 버거,266,21.75,12.29,14.32,2.63,293,4.06
3169,버거킹_버거_기네스콰트로치 와퍼 버거,270,22.07,12.77,14.54,2.67,329,4.22
3170,맘스터치_버거_내슈빌핫치킨 버거,251,20.52,11.24,13.52,2.48,267,5.62
3171,뉴욕버거_버거_뉴욕 버거,234,19.13,11.45,12.6,2.31,227,4.85
3172,버거앤프라이즈_버거_다이어트싱글 버거,110,8.99,6.5,5.92,1.09,246,2.03
3173,롯데리아_버거_더블 데리버거,262,21.42,11.18,14.11,2.59,170,5.88
3174,롯데리아_버거_더블 리아미라클2 버거,212,17.33,9.8,11.42,2.09,245,4.49
3175,롯데리아_버거_더블 미라클버거,212,17.33,10.0,11.42,2.09,245,4.49
3176,롯데리아_버거_더블 치킨 버거,233,19.05,11.71,12.55,2.3,205,5.37
3177,롯데리아_버거_더블 치킨버거,233,19.05,11.79,12.55,2.3,205,5.37
3178,롯데리아_버거_더블 클래식 치즈 버거 버터번,343,28.04,11.74,18.47,3.39,213,2.82
3179,롯데리아_버거_더블 클래식치즈버거,343,28.04,11.9,18.47,3.39,213,2.82
3180,롯데리아_버거_더블 한우불고기 버거,228,18.64,13.64,12.28,2.25,352,5.11
3181,롯데리아_버거_더블X2 버거,320,26.16,10.96,17.23,3.16,228,3.07
3182,맥도날드_버거_더블불고기 버거,268,20.25,10.97,16.03,2.65,237,6.33
3183,버거킹_버거_더블비프불고기 버거,283,23.13,13.98,15.24,2.79,186,5.38
3184,맥도날드_버거_더블빅맥 버거,275,22.48,14.73,14.81,2.72,292,2.4
3185,만두_김치만두,152,17.02,10.24,4.76,2.1,220,0.35
3186,노브랜드버거_버거_NBB 어메이징 감바스 새우,244,19.95,10.31,13.14,2.41,194,5.16
3187,노브랜드버거_버거_NBB 어메이징 버거,257,13.12,11.35,17.73,2.54,282,3.19
3188,노브랜드버거_버거_NBB 오리지널 버거,232,18.52,8.99,13.76,2.29,189,4.23
3189,프랭크버거_버거_SG불고기 버거,244,19.95,11.21,13.14,2.41,145,5.66
3190,프랭크버거_버거_SG불고기 버거 (L),273,22.32,9.44,14.7,2.7,180,7.22
3191,프랭크버거_버거_SG크림치즈 버거,263,21.5,14.36,14.16,2.6,163,3.33
3192,프랭크버거_버거_SG크림치즈 버거 (L),310,25.34,14.28,16.69,3.06,198,4.27
3193,맘스터치_버거_간장마늘싸이 버거,248,20.27,11.34,13.35,2.45,238,6.72
3194,뉴욕버거_버거_갈릭 치킹 버거,260,21.25,10.79,14.0,2.57,278,3.96
3195,맘스터치_버거_갈릭바베큐치킨 버거,232,18.47,11.15,12.68,2.29,287,4.18
3196,버거킹_버거_갈릭불고기와퍼 버거,232,18.97,10.7,12.49,2.29,299,4.35
3197,노브랜드버거_버거_갈릭앤갈릭 버거,278,24.0,9.14,16.0,2.75,175,3.43
3198,뉴욕버거_버거_갈릭치킹버거,260,21.25,10.79,14.0,2.57,278,3.96
3199,KFC_버거_갓양념징거,230,18.8,13.4,12.38,2.27,306,5.23
3200,맘스터치_버거_골든맥앤치즈비프 버거,250,19.49,12.29,13.77,2.47,236,5.08
3201,맘스터치_버거_골든맥앤치즈치킨 버거,217,23.53,10.03,9.1,2.14,289,3.81
3202,맘스터치_버거_그릴드더블비프 버거,251,12.16,15.2,15.78,2.48,329,2.74
3203,노브랜드버거_버거_그릴드불고기 버거,260,23.78,9.76,14.02,2.57,164,7.32
3204,뱅어포구이,374,25.07,34.37,15.17,7.6,70,15.91
3205,뱅어포무침,371,10.32,43.7,16.11,0.9,100,4.94
3206,뱅어포튀김,732,34.04,41.2,45.09,1.2,100,0.0
3207,맥도날드_버거_1955 버거,217,18.18,10.98,11.36,2.14,264,5.68
3208,비비큐_버거_BBQ 치킨 버거,245,20.03,11.42,13.19,2.42,100,5.14
3209,버거킹_버거_BLT 오믈렛 킹모닝,270,22.07,9.05,14.54,2.67,210,2.86
3210,버거킹_버거_BLT오믈렛킹모닝,260,21.25,7.87,14.0,2.57,216,2.86
3211,프랭크버거_버거_JG 버거,315,25.75,18.64,16.96,3.11,190,2.2
3212,프랭크버거_버거_JG 버거 (L),319,26.08,18.55,17.18,3.15,260,2.47
3213,노브랜드버거_버거_NBB 시그니처 버거,249,17.37,9.86,15.49,2.46,213,4.23
3214,노브랜드버거_버거_NBB 어메이징 감바스,235,19.21,8.56,12.65,2.32,187,4.81
3215,만두_군만두,234,25.57,7.03,11.5,3.5,220,2.77
3216,배추전,109,10.29,3.2,6.01,1.5,100,1.71
3217,백김치,16,3.0,0.95,0.07,1.9,100,1.04
3218,백설기,230,50.4,3.71,1.45,2.0,100,0.11
3219,백설기_검정콩,229,48.31,5.75,1.46,2.5,100,2.07
3220,백합죽,65,12.1,2.36,0.8,0.5,700,0.0
3221,밴댕이무침,150,11.5,7.45,8.25,4.1,400,6.75
3222,배추국_들깨,21,1.85,1.1,1.26,1.0,100,0.47
3223,배추국_소고기,16,1.14,1.84,0.41,0.5,400,0.0
3224,배추김치,38,6.49,1.98,0.43,2.5,100,2.4
3225,배추김치_가을재배,37,6.1,1.85,0.54,4.6,100,3.05
3226,배추김치_봄재배,39,5.95,2.22,0.67,3.6,100,2.38
3227,배추김치_여름재배,38,6.56,1.84,0.49,4.6,100,3.22
3228,배추나물,53,7.95,2.4,1.7,2.5,100,4.17
3229,배추나물_간장,31,4.07,1.8,1.17,1.5,100,1.69
3230,배추나물_간장_소금,18,2.45,1.01,0.73,1.7,100,0.71
3231,배추나물_된장,31,3.68,1.67,1.28,2.1,100,1.08
3232,배추숙주나물,22,3.58,1.5,0.62,2.1,100,1.33
3233,배추 겉절이,24,4.68,1.3,0.38,1.9,100,2.08
3234,배추 된장국,13,1.8,0.9,0.29,0.8,100,0.6
3235,배추 된장국_바지락,25,2.14,3.0,0.51,1.0,100,1.02
3236,배추 된장국_소고기,40,1.88,2.9,2.32,0.7,100,0.5
3237,배추겉절이,23,4.52,1.26,0.39,2.0,100,2.08
3238,배추국,9,0.89,1.3,0.1,0.3,100,0.37
3239,바지락 미역국_떡,8,1.14,0.9,0.15,0.4,100,0.04
3240,바지락 수제비_감자,43,7.52,1.7,0.49,0.4,100,0.16
3241,바지락국,17,0.74,2.2,0.51,0.3,100,0.11
3242,바지락찜,83,9.15,8.0,1.71,1.6,100,4.59
3243,밤밥,152,32.65,3.4,0.23,1.5,100,0.42
3244,방풍나물_고추장,37,7.19,1.5,0.79,2.7,100,1.55
3245,방풍나물_된장,31,4.9,1.6,0.94,2.5,100,0.38
3246,방풍나물_소금,23,3.68,1.1,0.79,2.1,100,0.03
3247,방풍나물무침,76,10.74,4.39,1.73,6.7,80,2.91
3248,만두_고기만두,208,27.79,9.38,6.58,5.8,100,0.49
3249,따삐오_바게트_통검정보리브레드,217,30.88,6.0,7.42,2.14,510,3.0
3250,따삐오_바게트_통밀깜파뉴,241,34.29,7.0,8.24,2.38,350,5.0
3251,파리바게뜨_바게트_파리의 갈릭바게뜨,429,61.04,7.5,14.66,4.24,120,11.67
3252,파리바게뜨_바게트_파리의 바게뜨,265,37.71,9.0,9.06,2.62,200,0.5
3253,뚜레쥬르_바게트_프랑스바게트,274,38.99,10.8,9.36,2.71,250,1.2
3254,파리바게뜨_바게트_프렌치마늘바게뜨,323,45.96,6.83,11.8,3.19,161,10.56
3255,파리바게뜨_바게트_프렌치바게뜨,252,35.86,8.87,8.61,2.49,248,0.4
3256,뚜레쥬르_바게트_피자 바게트,297,42.26,7.5,10.15,2.93,160,4.38
3257,따삐오_바게트_피자바게트,213,30.31,10.0,7.28,2.1,248,3.0
3258,뚜레쥬르_바게트_피자바게트,297,42.26,8.13,10.15,2.93,160,4.38
3259,할리스_바게트_허니바게트볼,366,52.08,7.03,12.51,3.61,128,9.38
3260,커피에반하다_바게트_허니버터 바게트볼,66,9.39,1.25,2.26,0.65,480,2.29
3261,뚜레쥬르_바게트_호두바게트,318,45.25,10.72,10.87,3.14,140,1.43
3262,뚜레쥬르_바게트_호두연유바게트,384,54.64,7.41,13.12,3.79,216,10.65
3263,바지락 된장국,16,1.78,1.6,0.35,0.8,100,0.41
3264,바지락 미역국,13,1.22,1.9,0.28,0.7,100,0.1
3265,롤링핀_바게트_무화과크림 바게트,405,44.9,5.8,22.5,4.0,140,14.6
3266,롤링핀_바게트_미엘프로마쥬,278,39.56,7.76,9.5,2.75,245,6.53
3267,굽네치킨_바게트_바게트볼,390,45.0,7.0,13.33,3.85,100,11.0
3268,따삐오_바게트_반미마늘스틱,405,57.63,4.55,13.84,4.0,44,20.45
3269,따삐오_바게트_반미바게뜨,246,35.0,5.13,8.41,2.43,78,2.56
3270,롤링핀_바게트_순수바게트,264,37.56,8.1,9.02,2.61,250,0.6
3271,롤링핀_바게트_스위트깜빠뉴,264,39.8,7.2,8.4,2.61,290,5.8
3272,뚜레쥬르_바게트_쌀모닝 바게트 (2개입),327,46.53,8.91,11.18,3.23,101,4.95
3273,뚜레쥬르_바게트_쌀모닝 바게트(2개입),327,46.53,8.91,11.18,3.23,101,4.95
3274,파리바게뜨_바게트_자꾸 생각나는 갈릭바게뜨,444,63.18,6.67,15.17,4.38,45,11.11
3275,파리바게뜨_바게트_정통바게뜨,255,51.0,9.0,1.2,2.52,270,0.0
3276,파리바게뜨_바게트_치즈바게뜨,305,43.4,11.0,10.42,3.01,250,2.0
3277,파리바게뜨_바게트_콘에그바게뜨,265,22.67,8.14,15.7,2.62,172,2.91
3278,롤링핀_바게트_크랜베리 로프,249,35.43,7.14,8.51,2.46,350,9.14
3279,따삐오_바게트_크랜베리윌넛,414,58.91,4.76,14.15,4.09,42,30.95
3280,파리바게뜨_바게트_크림치즈모닝바게뜨,292,41.55,9.85,9.98,2.88,264,5.68
3281,파리바게뜨_바게트_크림치즈모닝바게뜨 (H),292,46.21,9.85,6.82,2.88,132,6.06
3282,카페띠아모_바게트_토마토 치즈 부기브레드,247,35.15,10.0,8.44,2.44,170,0.53
3283,막창구이_소고기,358,0.4,15.34,32.73,0.2,100,1.36
3284,카페띠아모_바게트_갈릭 치즈 부기브레드,369,52.51,9.41,12.61,3.64,170,0.47
3285,파리바게뜨_바게트_갈릭바게뜨,375,45.0,7.5,17.5,3.7,80,7.5
3286,뚜레쥬르_바게트_겉바속촉꿀버터바게트,368,52.36,6.14,12.58,3.63,114,15.79
3287,뚜레쥬르_바게트_꿀버터 바게트,363,51.65,5.83,12.41,3.58,120,15.0
3288,뚜레쥬르_바게트_남해마늘로만든갈릭퐁당브레드(대),399,56.77,6.6,13.64,3.94,303,14.85
3289,뚜레쥬르_바게트_남해마늘로만든갈릭퐁당브레드(소),401,57.06,6.62,13.7,3.96,151,14.57
3290,파리바게뜨_바게트_달콤바삭 연유 바게뜨,374,53.22,6.59,12.78,3.69,182,10.99
3291,파리바게뜨_바게트_달콤바삭연유바게뜨,374,48.35,6.59,17.03,3.69,182,10.99
3292,파리바게뜨_바게트_달콤한 연유바게뜨,373,53.07,6.67,12.75,3.68,150,10.67
3293,커피베이_바게트_대파 바게트볼,424,60.33,7.78,14.49,4.19,90,12.22
3294,커피베이_바게트_마늘 바게트,425,60.47,8.0,14.52,4.2,135,14.67
3295,롤링핀_바게트_마늘 바게트,377,53.64,7.9,12.88,3.72,130,9.2
3296,파리바게뜨_바게트_마늘모닝바게뜨,324,51.9,8.57,8.57,3.2,210,4.29
3297,따삐오_바게트_마늘바게뜨,330,46.96,7.0,11.28,3.26,205,9.0
3298,파리바게뜨_바게트_마늘빵 (5개입),350,49.8,7.14,11.96,3.46,70,4.29
3299,롤링핀_바게트_마롱깜파뉴,243,34.58,6.82,8.3,2.4,220,8.64
3300,파리바게뜨_바게트_명란바게뜨,350,41.25,7.5,17.5,3.46,80,2.5
3301,파리바게뜨_바게트_모닝바게뜨,258,36.71,8.95,8.82,2.55,190,0.0
3302,프레시지_밀푀유나베_간편조리세트_매콤 밀푀유나베,55,2.52,4.13,3.11,0.9,1269,1.5
3303,GS 리테일 심플리쿡_밀푀유나베_간편조리세트_밀푀유나베,36,1.8,3.45,1.64,0.7,1657,1.36
3304,HY 잇츠온_밀푀유나베_간편조리세트_밀푀유나베,41,3.83,3.66,1.17,1.4,1655,2.0
3305,프레시지_밀푀유나베_간편조리세트_밀푀유나베,47,5.94,3.53,1.02,1.4,1473,2.63
3306,파리바게뜨_바게트_NEW 마늘바게뜨,308,43.83,8.3,10.53,3.04,265,5.66
3307,파리바게뜨_바게트_NEW 모닝바게뜨,258,51.58,8.95,1.21,2.55,190,0.0
3308,파리바게뜨_바게트_NEW마늘바게뜨,308,51.7,8.3,6.79,3.04,265,5.66
3309,커피베이_바게트_갈릭 바게트볼,327,46.53,7.78,11.18,3.23,90,40.0
3310,피자와썹_피자_치즈피자씬(L),422,43.06,18.67,17.95,4.17,100,1.98
3311,미음_칠분도미,20,4.6,0.3,0.1,0.0,100,0.0
3312,미음_현미,19,4.4,0.4,0.1,0.2,100,0.1
3313,미트 스파게티,109,18.58,4.3,1.9,1.4,100,2.82
3314,지정환피자_미트 스파게티_미트스파게티,134,22.84,4.55,2.34,1.72,348,3.17
3315,미트볼조림,126,11.5,5.1,6.99,6.5,100,4.44
3316,롤링핀_미트볼조림_샤샤삭슈카,108,10.7,4.7,5.1,4.92,370,4.7
3317,민들레무침,27,4.56,1.2,0.72,1.6,100,1.61
3318,민들레잎무침,81,12.32,2.69,2.33,5.0,90,8.16
3319,민어 매운탕,35,2.98,4.5,0.79,1.0,100,0.92
3320,민어구이,106,0.38,12.6,5.53,0.0,100,0.0
3321,밀면_물밀면,71,14.19,2.46,0.5,1.3,100,3.68
3322,밀크쉐이크_바닐라,113,17.01,2.43,3.88,0.3,100,16.57
3323,미역냉국_오이,11,2.7,0.5,0.11,0.6,100,1.85
3324,미역냉국_오이_고추,11,2.55,0.5,0.11,0.7,100,1.65
3325,미역줄기볶음,26,2.85,0.8,1.86,2.2,100,0.31
3326,미역줄기볶음_미역줄기,31,2.71,0.59,2.55,2.1,100,0.26
3327,미역줄기볶음_미역줄기_채소,35,3.27,0.72,2.74,2.4,100,0.58
3328,미역초무침,63,12.57,2.19,0.48,2.9,100,8.29
3329,미역튀각,443,21.14,13.24,33.9,31.1,50,11.36
3330,미음,19,4.7,0.3,0.0,0.0,100,0.0
3331,미역국_들깨,17,1.29,0.75,1.21,0.8,100,0.04
3332,미역국_바지락,8,1.11,0.9,0.16,0.4,100,0.04
3333,미역국_북어,11,0.77,1.8,0.26,0.6,100,0.02
3334,미역국_새우,16,1.83,1.09,0.46,0.7,400,0.0
3335,미역국_소고기,13,0.82,1.86,0.26,0.6,400,0.52
3336,미역국_참치,19,0.9,2.62,0.57,0.7,100,0.0
3337,미역국_홍합,26,1.78,3.03,0.72,1.5,650,0.0
3338,미역냉국,26,2.58,0.9,1.65,1.2,100,0.89
3339,미역 된장국,12,1.44,1.2,0.42,0.9,100,0.22
3340,미역 오이무침,61,12.32,1.8,1.75,2.8,100,6.34
3341,미역국,7,0.88,0.8,0.33,0.7,100,0.0
3342,미역국_굴,17,1.37,1.43,0.64,0.8,100,0.0
3343,미역국_대합,11,0.56,1.23,0.45,0.8,400,0.01
3344,미소된장국,8,0.93,0.6,0.22,0.4,100,0.23
3345,미나리 초무침,41,8.87,1.7,0.48,2.8,100,5.47
3346,미나리나물,59,4.48,2.03,3.67,3.5,50,0.0
3347,미나리나물_고추장,25,4.83,1.2,0.59,2.1,100,2.44
3348,미나리나물_모듬,20,2.97,1.0,0.74,1.6,100,1.46
3349,미나리나물_소금,27,3.18,1.2,1.31,1.7,100,1.16
3350,미나리나물_팽이버섯,16,1.96,0.8,0.81,1.3,100,0.86
3351,미나리무침,46,5.41,1.31,2.13,3.1,90,2.24
3352,미나리무침_고추장,20,3.57,0.9,0.5,1.4,100,1.99
3353,미나리전,151,22.82,3.49,5.08,2.5,150,1.16
3354,미더덕찜,77,8.05,7.7,1.82,1.2,100,1.18
3355,문어볶음,67,5.55,5.9,2.63,1.6,100,3.65
3356,문어볶음_고추장,88,8.62,10.97,1.02,1.4,200,5.44
3357,물김치_돌나물,5,0.75,0.31,0.08,0.4,400,0.35
3358,물냉면,83,14.21,4.2,0.83,0.9,100,1.15
3359,물냉면_열무,95,16.41,4.7,0.95,1.4,100,0.69
3360,물만두,97,13.08,6.7,2.34,1.3,100,0.06
3361,물회,76,7.9,4.91,2.7,2.2,700,2.86
3362,물회_생선,72,10.31,4.29,1.54,1.4,800,6.5
3363,물회_오징어,49,3.26,6.19,1.2,1.5,700,2.1
3364,미꾸라지튀김,387,28.85,10.89,25.39,3.5,100,0.3
3365,피자헛_피자_직화 불고기리치골드 (L),263,26.84,11.82,11.19,2.6,1098,3.94
3366,회덮밥,137,20.66,6.04,3.31,1.6,500,2.19
3367,회덮밥_모듬,145,17.76,9.1,4.15,1.2,410,3.07
3368,회덮밥_참치,79,14.17,3.8,0.58,0.6,100,1.54
3369,회무침,82,8.6,8.09,1.65,2.6,250,4.53
3370,회무침_가오리,81,6.35,11.33,1.16,2.7,230,5.47
3371,회무침_서대,105,15.3,7.53,1.53,2.8,300,7.43
3372,파리바게뜨_효모빵_건포도 천연효모빵 (H),271,54.93,7.04,3.17,2.68,142,13.38
3373,파리바게뜨_효모빵_건포도 토종효모빵,272,27.76,6.67,11.57,2.69,285,13.69
3374,파리바게뜨_효모빵_건포도천연효모빵,240,24.49,6.0,10.21,2.37,300,10.0
3375,파리바게뜨_효모빵_쫄깃담백 토종효모빵,266,27.14,9.65,11.32,2.63,290,3.45
3376,파리바게뜨_효모빵_쫄깃담백 토종효모빵 (H),266,48.97,9.66,3.45,2.63,145,3.45
3377,파리바게뜨_효모빵_쫄깃담백 토종효모빵(1/2),266,27.14,9.66,11.32,2.63,145,3.45
3378,파리바게뜨_효모빵_쫄깃한 천연효모빵,265,27.04,9.6,11.27,2.62,375,3.47
3379,파리바게뜨_효모빵_쫄깃한 천연효모빵 (H),266,27.14,9.57,11.32,2.63,188,3.72
3380,파리바게뜨_효모빵_쫄깃한 천연효모빵 (미니),269,27.45,9.44,11.44,2.66,180,2.78
3381,뚜레쥬르_효모빵_착한빵식통밀빵,292,29.8,8.57,12.42,2.88,245,11.84
3382,홍합 소고기죽,131,18.4,6.2,3.2,0.9,100,0.64
3383,홍합국(홍합탕),17,0.75,2.8,0.24,0.0,100,0.04
3384,홍합산적,196,13.22,22.23,6.0,1.8,80,4.17
3385,홍합탕_홍합만,29,2.28,3.68,0.57,0.6,100,0.0
3386,화양적,128,6.39,10.4,6.69,1.9,100,1.16
3387,황태구이,219,13.45,23.9,7.7,1.5,200,7.1
3388,황태구이_양념,144,5.91,20.64,3.78,0.9,100,2.33
3389,황태콩나물찜,82,6.92,10.17,1.99,2.5,100,1.74
3390,황태해장국,30,0.95,4.08,1.13,0.9,600,0.25
3391,회냉면,80,14.38,3.4,0.87,0.7,100,1.43
3392,호박고지볶음,104,20.28,2.4,2.17,3.9,100,9.98
3393,호박나물,38,3.16,0.7,2.71,1.3,100,1.44
3394,호박볶음_호박,27,3.53,0.84,1.32,1.4,100,1.62
3395,호박볶음_호박_채소,34,3.68,0.86,1.96,1.5,100,1.78
3396,호박오가리나물무침,201,21.46,6.14,10.01,7.0,100,6.82
3397,호박잎 된장국,17,2.53,1.3,0.37,1.1,100,0.54
3398,호박전,126,12.12,3.5,6.98,1.9,100,1.94
3399,피자헛_피자_직화불고기 피자 프리미엄 오리지널 (L),275,28.06,12.97,11.7,2.72,783,2.56
3400,현미밥,172,38.9,3.1,0.47,2.0,230,0.0
3401,현미밥_쌀,120,26.21,2.18,0.21,0.5,100,0.02
3402,탐앤탐스_허니브레드_허니 버터 브레드,404,51.48,8.15,17.78,3.99,270,10.0
3403,카페루앤비_허니브레드_허니 버터볼,200,25.49,36.0,6.85,1.98,125,12.0
3404,파스쿠찌_허니브레드_허니 브레드+생크림,310,39.5,4.29,10.62,3.06,210,14.29
3405,파스쿠찌_허니브레드_허니 브레드+젤라또,290,36.95,4.0,9.93,2.86,260,16.0
3406,이디야_허니브레드_허니 카라멜 브레드,333,42.43,4.02,11.4,3.29,224,17.41
3407,커피에반하다_허니브레드_허니버터 브레드,416,53.01,8.42,14.25,4.11,190,12.63
3408,요거프레소_허니브레드_허니브래드,308,39.25,6.09,10.55,3.04,279,7.17
3409,달콤_허니브레드_허니브레드,491,62.57,6.67,16.82,4.85,150,22.0
3410,토프레소_허니브레드_허니브레드,284,36.19,3.86,9.73,2.8,285,13.68
3411,메가커피_허니브레드_허니브레드,322,41.03,6.14,11.03,3.18,249,6.51
3412,카페띠아모_허니브레드_허니브레드,324,41.29,8.12,11.1,3.2,245,7.51
3413,카페게이트_허니브레드_허니브레드,307,39.12,5.26,10.51,3.03,190,10.53
3414,카페루앤비_허니브레드_허니브레드,300,38.23,4.04,10.27,2.96,272,17.65
3415,커피:니_허니브레드_허니브레드볼,340,43.32,5.92,11.64,3.36,238,7.65
3416,커피:니_허니브레드_허니초코브레드,310,39.5,4.44,10.62,3.06,232,6.81
3417,커피:니_허니브레드_허니카라멜브레드,312,39.76,4.4,10.68,3.08,232,8.97
3418,탐앤탐스_허니브레드_갈릭 버터 브레드,365,53.13,10.42,12.5,3.6,192,4.17
3419,이디야_허니브레드_갈릭 치즈 브레드,273,34.79,7.2,9.35,2.7,250,7.6
3420,파스쿠찌_허니브레드_갈릭 허니브레드,320,40.78,3.91,10.96,3.16,230,17.39
3421,커피베이_허니브레드_갈릭&치즈 브레드,392,49.95,6.88,13.42,3.87,176,20.97
3422,커피에반하다_허니브레드_갈릭버터 브레드,408,51.99,8.42,13.97,4.03,190,5.26
3423,커피에반하다_허니브레드_갈릭부기 브레드,214,27.27,9.41,7.33,2.11,170,4.71
3424,드롭탑_허니브레드_갈릭치즈 허니브레드,323,41.16,12.31,7.69,3.19,260,10.8
3425,커피마마_허니브레드_갈릭치즈브레드,369,47.02,11.01,12.64,3.64,238,5.34
3426,커피마마_허니브레드_리치골드브레드,309,39.37,12.96,10.58,3.05,409,8.04
3427,이디야_허니브레드_메이플 넛 브레드,336,42.82,7.14,11.51,3.32,245,12.61
3428,이디야_허니브레드_메이플 넛 프레드,354,45.11,5.42,12.12,3.5,240,16.25
3429,드롭탑_허니브레드_메이플 허니브레드,327,41.67,6.07,10.71,3.23,280,15.36
3430,투썸플레이스_허니브레드_무화과브레드&이즈니버터,239,30.45,7.88,8.18,2.36,165,7.27
3431,커피베이_허니브레드_미니 허니브레드 초코,320,40.78,5.92,10.96,3.16,157,19.24
3432,커피베이_허니브레드_미니 허니브레드 카라멜,324,41.29,6.5,11.1,3.2,157,19.17
3433,커피베이_허니브레드_미니 허니브레드 플레인,330,42.05,7.69,11.3,3.26,147,15.38
3434,맘스터치_햄버거_시그니처불고기버거,236,21.41,7.74,11.21,2.18,241,7.39
3435,롯데리아_햄버거_에그김치불고기버거,222,20.14,10.02,10.54,2.05,260,4.23
3436,버거리_햄버거_에그베이컨버거,280,25.4,13.09,13.3,2.58,250,4.49
3437,버거리_햄버거_에그불고기버거,329,29.85,13.67,15.63,3.03,247,6.07
3438,맘스터치_햄버거_에드워드리 비프버거,258,23.41,12.39,12.26,2.38,247,5.73
3439,노브랜드버거_햄버거_오리지널,232,21.05,8.99,11.02,2.14,189,4.23
3440,버거킹_햄버거_오리지널스 뉴욕스테이크,269,24.4,16.61,12.78,2.48,307,3.26
3441,버거킹_햄버거_오리지널스 메이플갈릭,269,24.4,12.96,12.78,2.48,324,5.25
3442,버거킹_햄버거_와퍼,247,22.41,10.49,11.73,2.28,286,3.5
3443,버거킹_햄버거_와퍼주니어,241,21.86,10.9,11.45,2.22,156,2.56
3444,햄버거_치즈,284,21.51,15.07,15.35,1.1,100,4.66
3445,노브랜드버거_햄버거_치즈,302,27.4,10.0,14.34,2.79,140,5.0
3446,버거킹_햄버거_치즈버거,292,26.49,12.31,13.87,2.69,130,4.62
3447,버거킹_햄버거_치즈와퍼,258,23.41,11.29,12.26,2.38,310,2.26
3448,버거킹_햄버거_치즈와퍼주니어,251,22.77,10.71,11.92,2.32,168,2.38
3449,햄버거_치킨,123,13.92,7.5,4.06,3.6,100,2.37
3450,버거킹_햄버거_치킨치즈마요버거,328,29.76,10.26,15.58,3.03,195,2.05
3451,노브랜드버거_햄버거_멕시칸 칠리 치즈,264,23.95,13.0,12.54,2.44,200,4.5
3452,롯데리아_햄버거_모짜렐라버거 발사믹 바질,295,26.76,10.84,14.01,2.72,250,4.0
3453,롯데리아_햄버거_모짜렐라버거 토마토 바질,307,27.85,11.37,14.58,2.83,240,4.17
3454,롯데리아_햄버거_모짜렐라인더버거 베이컨,313,28.4,13.47,14.87,2.89,223,2.69
3455,버거킹_햄버거_몬스터와퍼,271,24.59,12.9,12.87,2.5,403,1.99
3456,버거킹_햄버거_몬스터와퍼주니어,283,25.67,12.35,13.44,2.61,243,2.88
3457,노브랜드버거_햄버거_미트 마니아,246,22.32,12.13,11.68,2.27,305,2.95
3458,버거리_햄버거_버거리버거,273,24.77,11.41,12.97,2.52,245,6.23
3459,버거킹_햄버거_베이컨치즈와퍼,264,23.95,11.56,12.54,2.44,320,2.5
3460,맘스터치_햄버거_불고기버거,246,22.32,8.66,11.68,2.27,164,8.24
3461,햄버거_불고기버거,250,22.68,13.88,11.52,3.6,200,0.13
3462,버거킹_햄버거_불고기와퍼,252,22.86,10.58,11.97,2.32,293,3.41
3463,버거킹_햄버거_불고기와퍼주니어,258,23.41,10.0,12.26,2.38,160,3.13
3464,버거킹_햄버거_비프&슈림프버거,259,23.5,9.72,12.3,2.39,247,2.43
3465,버거킹_햄버거_비프불고기버거,282,25.58,11.03,13.4,2.6,136,3.68
3466,뉴욕버거_햄버거_비프불고기버거,231,20.96,12.28,10.97,2.13,171,5.26
3467,맘스터치_햄버거_비프스테이크버거,274,24.86,13.29,13.02,2.53,270,5.28
3468,버거리_햄버거_비프앤쉬림프버거,285,25.86,10.17,13.54,2.63,282,4.37
3469,버거리_햄버거_빅더블클래식치즈버거,336,30.48,18.08,15.96,3.1,369,4.11
3470,도미노피자_피자_이탈리아 마르게리따 피자 치즈버스트 오리지널 (L),257,25.17,11.8,12.1,2.54,1127,2.0
3471,햄버거,264,21.67,12.85,13.98,2.8,200,3.13
3472,노브랜드버거_햄버거_NBB 어메이징 더블,272,24.68,11.77,12.92,2.51,204,3.92
3473,노브랜드버거_햄버거_NBB 어메이징 더블 업,257,23.32,11.35,12.21,2.37,282,3.19
3474,버거킹_햄버거_갈릭불고기와퍼,262,23.77,10.58,12.44,2.42,293,3.07
3475,노브랜드버거_햄버거_갈릭앤갈릭,278,25.22,9.14,13.2,2.56,175,3.43
3476,노브랜드버거_햄버거_그릴드 불고기,260,23.59,9.76,12.35,2.4,164,7.32
3477,맘스터치_햄버거_그릴드더블비프버거,251,22.77,15.23,11.92,2.32,329,2.71
3478,맘스터치_햄버거_그릴드비프버거,242,21.95,12.2,11.5,2.23,233,3.29
3479,뉴욕버거_햄버거_그릴드토마토더블,203,18.42,11.31,9.64,1.87,283,5.3
3480,롯데리아_햄버거_김치불고기버거,248,22.5,10.23,11.78,2.29,215,5.12
3481,뉴욕버거_햄버거_뉴욕버거,234,21.23,11.45,11.12,2.16,227,4.85
3482,뉴욕버거_햄버거_뉴욕트러플치즈버거,207,18.78,9.09,9.83,1.91,220,5.0
3483,노브랜드버거_햄버거_더블 그릴드 불고기,250,22.68,12.12,11.88,2.31,231,7.36
3484,해물 스파게티,82,12.76,4.8,1.13,1.0,100,1.91
3485,해물 완자전,236,20.69,15.4,9.39,1.5,100,2.33
3486,해물 채소전,195,18.92,10.7,7.77,1.1,100,1.24
3487,해물볶음,133,9.22,14.1,4.35,1.2,100,4.05
3488,해물전골,26,1.95,3.2,0.64,0.6,100,0.52
3489,해물찜,80,7.08,8.52,1.96,2.1,500,1.1
3490,GS 리테일 심플리쿡_해물찜_간편조리세트_낙지한마리해물찜,88,7.52,6.63,3.53,1.9,844,6.3
3491,GS 리테일 심플리쿡_해물찜_간편조리세트_백합&바지락통찜,49,6.85,3.31,0.95,1.7,771,2.14
3492,해물칼국수,77,14.64,3.09,0.4,0.5,100,0.22
3493,해물콩나물찜,48,4.77,6.3,0.8,1.2,100,0.94
3494,호식이두마리치킨_핫도그_타피오카쫀도그 (2개),313,31.43,8.21,17.55,2.76,100,3.28
3495,뚜레쥬르_핫도그_토마토칠리 핫도그,220,20.72,8.54,12.34,1.94,164,5.49
3496,파리바게뜨_핫도그_통소시지감자핫도그,322,30.32,7.03,18.05,2.84,185,4.86
3497,따삐오_핫도그_플레인 핫도그,248,23.36,5.0,13.91,2.18,219,7.0
3498,앤티앤스_핫도그_할라피뇨 치즈 핫도그,255,24.01,12.58,14.3,2.25,159,6.92
3499,메가커피_핫도그_핫도그,275,25.9,8.55,15.42,2.42,131,8.02
3500,앤티앤스_핫도그_핫도그,261,24.58,11.41,14.63,2.3,149,6.04
3501,뚜레쥬르_핫도그_핫도그패스트리,372,35.03,10.74,20.86,3.28,121,7.44
3502,더리터_핫도그_회오리 핫도그,401,50.83,7.5,22.48,3.53,120,8.33
3503,핫케이크,193,30.48,4.7,5.18,0.9,100,5.54
3504,해물 덮밥,78,14.15,3.8,0.39,0.6,100,0.69
3505,해물 된장국,38,1.94,5.9,0.65,0.6,100,0.66
3506,해물 매운탕,33,1.82,5.5,0.53,0.7,100,0.5
3507,커피에반하다_핫도그_오리지널 핫도그 치즈,309,29.1,5.83,17.33,2.72,120,4.17
3508,뚜레쥬르_핫도그_오리지널핫도그,263,24.77,10.07,14.75,2.32,139,8.63
3509,봉수아피자_핫도그_오리지널핫도그,300,28.25,8.0,16.82,2.64,195,10.0
3510,따삐오_핫도그_왕빅도그오리지날,354,33.34,8.0,19.85,3.12,144,2.0
3511,파리바게뜨_핫도그_쫄깃한핫도그빵,325,30.61,6.0,18.22,2.86,100,4.0
3512,앤티앤스_핫도그_치즈 미니 핫도그,337,31.74,12.82,18.9,2.97,195,3.59
3513,스트릿츄러스_핫도그_치즈덕,266,21.21,8.48,16.36,2.34,100,3.64
3514,스트릿츄러스_핫도그_치즈츄로덕,266,25.05,8.48,14.91,2.34,165,3.64
3515,따삐오_핫도그_칠리 핫도그,235,22.13,5.0,13.18,2.07,215,10.0
3516,스트릿츄러스_핫도그_칠리덕,265,22.42,8.48,15.76,2.33,100,6.06
3517,뚜레쥬르_핫도그_칠리미트핫도그,262,24.67,11.72,14.69,2.31,128,6.25
3518,요거프레소_핫도그_칠리앤치즈 핫도그,265,24.96,12.67,14.86,2.33,150,7.33
3519,스트릿츄러스_핫도그_칠리츄로덕,265,24.96,8.48,14.86,2.33,165,6.06
3520,커피베이_핫도그_콘 소시지 핫도그,274,25.8,8.83,15.36,2.41,145,5.59
3521,이디야_핫도그_콘마요 킬바사 핫도그,290,27.31,9.68,16.26,2.55,155,3.23
3522,요거프레소_핫도그_콘어니언 핫도그,269,25.33,12.14,15.08,2.37,140,7.86
3523,더리터_핫도그_콘치즈 빅도그,278,23.0,10.5,15.59,2.45,200,7.0
3524,송사부수제쌀고로케_핫도그_킹불소고,239,22.51,10.0,13.4,2.1,250,6.0
3525,송사부수제쌀고로케_핫도그_킹콘소고,239,22.51,10.0,13.4,2.1,250,5.2
3526,도미노피자_피자_이탈리아 마르게리따 피자 치즈버스트 나폴리 (L),264,22.66,12.0,13.85,2.61,907,3.5
3527,못난이꽈배기_핫도그_못난이찹쌀매콤 핫도그,310,29.19,9.09,17.38,2.73,110,4.27
3528,못난이꽈배기_핫도그_못난이찹쌀모짜렐라치즈 핫도그,280,26.37,9.26,15.7,2.47,95,8.0
3529,못난이꽈배기_핫도그_못난이찹쌀모짜렐라치즈핫도그,280,26.37,9.26,15.7,2.47,95,8.0
3530,못난이꽈배기_핫도그_못난이찹쌀핫도그,295,27.78,8.63,16.54,2.6,95,7.9
3531,따삐오_핫도그_미니치즈찰도그,440,41.44,9.23,24.67,3.87,65,7.69
3532,뚜레쥬르_핫도그_미트칠리 핫도그,220,20.72,8.54,12.34,1.94,164,5.49
3533,봉수아피자_핫도그_불고기핫도그,275,25.9,10.0,15.42,2.42,245,14.0
3534,앤티앤스_핫도그_불닭 치즈 핫도그,300,28.25,12.35,16.82,2.64,153,7.97
3535,앤티앤스_핫도그_블랙페퍼 치즈 핫도그,273,25.71,13.33,15.31,2.4,150,3.33
3536,커피베이_핫도그_소시지 치즈 롤 핫도그,260,24.49,8.24,14.58,2.29,148,7.77
3537,이디야_핫도그_스위트칠리 킬바사 핫도그,247,23.26,9.09,13.85,2.17,165,9.09
3538,뉴욕버거_핫도그_스위트핫도그,205,19.31,12.5,11.49,1.81,216,6.02
3539,더리터_핫도그_스윗칠리 빅도그,273,25.71,11.43,15.31,2.4,175,6.86
3540,카페베네_핫도그_스윗콘에그 핫도그,302,28.44,10.86,16.93,2.66,175,5.14
3541,공차_핫도그_오리지날 핫도그,267,28.8,5.6,14.4,2.35,125,4.8
3542,탐앤탐스_핫도그_오리지널 핫도그,310,34.55,10.3,14.55,2.73,165,10.91
3543,달콤_핫도그_오리지널 핫도그,218,20.53,8.84,12.22,1.92,215,6.51
3544,커피에반하다_핫도그_오리지널 핫도그 매콤치즈,261,24.58,5.83,14.63,2.3,120,5.0
3545,함박스테이크,250,16.12,22.0,9.85,1.2,100,6.48
3546,프레시지_함박스테이크_간편조리세트_더블체다 함박스테이크,189,13.88,9.9,10.46,2.0,593,4.64
3547,핫도그,341,24.95,7.98,23.23,2.6,100,3.95
3548,따삐오_핫도그_갈릭 핫도그,257,24.2,5.0,14.41,2.26,212,7.0
3549,달콤_핫도그_갈릭치즈 핫도그,226,21.28,10.0,12.67,1.99,210,5.24
3550,핫도그_감자,324,20.45,8.31,23.17,2.9,100,2.3
3551,카페베네_핫도그_뉴욕칠리 핫도그,235,22.13,8.65,13.18,2.07,185,4.86
3552,더벤티_핫도그_달콤 어니언 핫도그,263,24.77,10.24,14.75,2.32,205,8.78
3553,더벤티_핫도그_달콤어니언핫도그,263,24.77,10.24,14.75,2.32,205,8.78
3554,커피:니_핫도그_롤핫도그,264,24.86,10.0,14.8,2.32,110,0.91
3555,더벤티_핫도그_매콤 칠리 핫도그,282,26.56,12.0,15.81,2.48,175,8.57
3556,더벤티_핫도그_매콤칠리핫도그,282,26.56,12.0,15.81,2.48,175,8.57
3557,뚜레쥬르_핫도그_맥앤치즈 핫도그,220,20.72,7.93,12.34,1.94,164,3.66
3558,탐앤탐스_핫도그_멕시칸 칠리 핫도그,258,28.0,10.22,11.56,2.27,225,8.44
3559,핫도그_모짜렐라,318,27.58,11.78,17.83,2.8,100,2.43
3560,파리바게뜨_핫도그_모짜렐라&소시지반반핫도그,294,31.25,11.25,13.75,2.59,80,7.5
3561,못난이꽈배기_핫도그_못난이찹쌀 핫도그,295,27.78,8.63,16.54,2.6,95,7.9
3562,파리바게뜨_피자빵_쫄깃한피자빵,260,29.08,5.0,12.65,2.57,100,5.0
3563,파리바게뜨_피자빵_치즈듬뿍어니언,353,39.49,9.38,17.18,3.49,160,6.88
3564,뚜레쥬르_피자빵_치즈치킨롤 피자,241,26.96,9.81,11.73,2.38,214,5.14
3565,뚜레쥬르_피자빵_치킨치즈롤,236,26.4,10.34,11.48,2.33,203,5.91
3566,던킨_피자빵_콘치즈 베이글피자,272,30.43,10.14,13.24,2.69,138,6.52
3567,더리터_피자빵_피자 페스츄리 붕어빵,229,26.92,6.15,11.14,2.26,130,3.85
3568,따삐오_피자빵_피자빵 (대),305,34.12,11.0,14.84,3.01,276,6.0
3569,던킨_피자빵_핫 페퍼로니 베이글피자,245,27.41,11.82,11.92,2.42,110,5.46
3570,파리바게뜨_피자빵_햄치콘듬뿍베이글피자,373,25.37,8.96,26.12,3.68,134,4.48
3571,피조개무침,52,6.07,4.71,0.95,2.1,100,3.72
3572,하이라이스,111,21.33,2.7,1.29,0.8,100,0.87
3573,도미노피자_피자_이탈리아 마르게리따 피자 오리지널 (L),237,30.18,10.5,8.22,2.34,935,2.8
3574,7번가피자_피자_흥부포테이토 피자 리코타링 (R),278,28.37,13.59,11.83,2.75,737,2.72
3575,7번가피자_피자_흥부포테이토 피자 석쇠 (G),274,27.96,13.87,11.66,2.71,1372,1.46
3576,7번가피자_피자_흥부포테이토 피자 석쇠 (L),274,27.96,14.02,11.66,2.71,856,1.87
3577,7번가피자_피자_흥부포테이토 피자 석쇠 (R),274,27.96,13.41,11.66,2.71,657,1.83
3578,7번가피자_피자_흥부포테이토 피자 씬도우 (L),289,29.49,11.48,12.29,2.86,733,2.73
3579,7번가피자_피자_흥부포테이토 피자 씬도우 (R),278,28.37,11.94,11.83,2.75,536,4.48
3580,7번가피자_피자_흥부포테이토 피자 치즈링 (G),269,27.45,15.09,11.44,2.66,1592,1.26
3581,7번가피자_피자_흥부포테이토 피자 치즈링 (L),270,27.55,14.75,11.48,2.67,976,1.64
3582,7번가피자_피자_흥부포테이토 피자 치즈링 (R),269,27.45,14.29,11.44,2.66,757,1.59
3583,피자빵,298,31.76,8.85,15.05,2.2,200,8.11
3584,파리바게뜨_피자빵_리코타치즈토마토피자빵,197,22.04,7.34,9.59,1.95,109,3.67
3585,파리바게뜨_피자빵_바토베듬뿍베이글피자,286,33.04,7.14,13.39,2.82,112,7.14
3586,커피베이_피자빵_베이글,268,29.98,7.76,13.04,2.65,100,6.14
3587,뚜레쥬르_피자빵_볼로네제미트 브레드,259,28.97,10.34,12.6,2.56,145,6.21
3588,파리바게뜨_피자빵_사각피자빵,267,29.87,6.67,12.99,2.64,135,10.37
3589,따삐오_피자빵_소시지피자빵,307,34.34,12.0,14.94,3.03,450,4.0
3590,메가커피_피자빵_와앙 보름달빵,220,24.61,8.21,9.74,2.17,195,4.1
3591,롤링핀_피자빵_이탈리안 피자,273,30.54,17.87,13.28,2.7,235,1.28
3592,빅스타피자_피자_흐르쥬퐁듀 시카고 피자,221,24.32,9.73,6.49,2.18,1112,1.62
3593,피자마루_피자_흑마늘불고기피자,255,26.02,12.28,10.85,2.52,728,5.37
3594,피자마루_피자_흑마늘불고기피자바이트,247,25.2,11.7,10.51,2.44,888,6.02
3595,7번가피자_피자_흥부박포테이토 피자 골드스윗 (L),278,28.37,10.81,11.83,2.75,1180,7.43
3596,7번가피자_피자_흥부박포테이토 피자 골드스윗 (R),278,28.37,10.31,11.83,2.75,775,7.73
3597,7번가피자_피자_흥부박포테이토 피자 리코타링 (L),281,28.67,11.03,11.95,2.78,1090,7.35
3598,7번가피자_피자_흥부박포테이토 피자 리코타링 (R),280,28.57,10.67,11.91,2.77,710,7.87
3599,7번가피자_피자_흥부박포테이토 피자 석쇠 (L),276,28.16,10.48,11.74,2.73,990,7.26
3600,7번가피자_피자_흥부박포테이토 피자 석쇠 (R),275,28.06,10.13,11.7,2.72,630,7.59
3601,7번가피자_피자_흥부박포테이토 피자 씬바샤삭 (L),303,30.92,10.89,12.89,2.99,809,7.92
3602,7번가피자_피자_흥부박포테이토 피자 씬바샤삭 (R),291,29.69,9.4,12.38,2.88,595,6.71
3603,7번가피자_피자_흥부박포테이토 피자 치즈링 (L),272,27.76,11.51,11.57,2.69,1110,6.47
3604,7번가피자_피자_흥부박포테이토 피자 치즈링 (R),270,27.55,11.48,11.48,2.67,730,6.56
3605,7번가피자_피자_흥부포테이토 피자 골드스윗 (G),277,28.27,13.45,11.78,2.74,1707,2.92
3606,7번가피자_피자_흥부포테이토 피자 골드스윗 (L),277,28.27,13.74,11.78,2.74,1046,3.05
3607,7번가피자_피자_흥부포테이토 피자 골드스윗 (R),275,28.06,13.0,11.7,2.72,802,3.0
3608,7번가피자_피자_흥부포테이토 피자 리코타링 (G),279,28.47,13.55,11.87,2.76,1552,1.94
3609,7번가피자_피자_흥부포테이토 피자 리코타링 (L),278,28.37,14.17,11.83,2.75,956,2.5
3610,도미노피자_피자_이탈리아 마르게리따 피자 씬 (L),283,21.07,12.6,16.43,2.8,564,3.7
3611,7번가피자_피자_홍대 피자 치즈링 (R),251,25.61,14.66,10.68,2.48,765,2.62
3612,피자알볼로_피자_홍성판우김치불고기피자 (XL),240,24.49,14.18,10.21,2.37,1065,6.48
3613,피자알볼로_피자_홍성한우김치불고기피자 (L),241,24.59,14.15,10.25,2.38,898,6.46
3614,피자알볼로_피자_홍성한우김치불고기피자 (R),251,25.61,14.03,10.68,2.48,506,6.13
3615,피자알볼로_피자_홍성한우불고기피자 (L),272,27.76,16.25,11.57,2.69,769,6.76
3616,피자알볼로_피자_홍성한우불고기피자 (R),276,28.16,15.76,11.74,2.73,444,6.31
3617,피자알볼로_피자_홍성한우불고기피자 (XL),258,26.33,15.33,10.97,2.55,965,6.73
3618,서오릉피자_피자_홍페퍼치노 (L),212,21.63,10.17,9.02,2.09,866,3.39
3619,서오릉피자_피자_홍페퍼치노 (R),212,21.63,11.0,9.02,2.09,550,3.0
3620,서오릉피자_피자_홍페퍼치노 피자 (L),231,23.57,11.23,9.83,2.28,100,3.84
3621,서오릉피자_피자_홍페퍼치노 피자 (R),231,23.57,11.66,9.83,2.28,100,3.79
3622,또래오래_피자_화이트갈릭 피자,242,24.69,11.86,10.29,2.39,100,2.71
3623,왕손피자_피자_화이트고구마무스 피자 (L),236,24.08,8.88,10.04,2.33,1252,6.13
3624,노모어피자_피자_화이트시푸드피자(L),204,21.9,11.82,7.67,2.02,1065,1.24
3625,노모어피자_피자_화이트시푸드피자(P),204,21.9,11.82,7.67,2.02,490,1.24
3626,노모어피자_피자_화이트시푸드피자(R),204,21.9,11.82,7.67,2.02,760,1.24
3627,프레드피자_피자_화이트포테이토피자오리지널(L),255,26.02,10.16,10.85,2.52,1041,4.5
3628,피자헤븐_피자_황제천왕 피자 (L),253,25.82,11.88,10.76,2.5,1280,4.38
3629,피자스톰_피자_허리케인골드 피자 (XL),224,22.86,10.66,9.53,2.21,1272,2.71
3630,빽보이피자_피자_허리케인포테이토 피자 (L),328,33.14,13.82,13.95,3.24,817,2.65
3631,빽보이피자_피자_허리케인포테이토 피자 (R),308,34.2,12.03,13.1,3.04,548,2.61
3632,지정환피자_피자_허브포테이토 피자 씬 (L),242,24.69,10.68,10.29,2.39,824,4.85
3633,지정환피자_피자_허브포테이토 피자 씬 (R),241,24.59,10.26,10.25,2.38,468,5.13
3634,지정환피자_피자_허브포테이토씬(L),241,24.59,11.01,10.25,2.38,825,4.45
3635,지정환피자_피자_허브포테이토씬R,241,24.59,10.24,10.25,2.38,468,4.57
3636,피자헤븐_피자_헤븐스페셜 피자 (L),273,27.86,13.49,11.61,2.7,1004,3.17
3637,7번가피자_피자_홍대 피자 골드스윗 (L),260,26.53,13.85,11.06,2.57,1038,3.85
3638,7번가피자_피자_홍대 피자 골드스윗 (R),258,26.33,13.86,10.97,2.55,810,3.96
3639,7번가피자_피자_홍대 피자 리코타링 (L),259,26.43,14.29,11.02,2.56,948,3.36
3640,7번가피자_피자_홍대 피자 리코타링 (R),260,26.53,13.98,11.06,2.57,745,3.76
3641,7번가피자_피자_홍대 피자 석쇠 (L),253,25.82,14.15,10.76,2.5,848,2.83
3642,7번가피자_피자_홍대 피자 석쇠 (R),253,25.82,13.86,10.76,2.5,665,3.01
3643,7번가피자_피자_홍대 피자 씬도우 (L),268,27.35,11.86,11.4,2.65,777,6.19
3644,7번가피자_피자_홍대 피자 씬도우 (R),261,26.63,12.42,11.1,2.58,612,5.23
3645,7번가피자_피자_홍대 피자 씬바샤삭 (L),290,29.59,12.7,12.34,2.87,755,4.23
3646,7번가피자_피자_홍대 피자 씬바샤삭 (R),297,30.31,14.75,12.63,2.93,486,3.28
3647,7번가피자_피자_홍대 피자 치즈링 (L),251,25.61,14.88,10.68,2.48,968,2.48
3648,피제이피자_피자_행복하새우 피자 (L),241,23.47,13.01,6.86,2.38,970,5.16
3649,이디야_피자_허니 고르곤졸라 스퀘어 피자,254,25.92,12.0,10.8,2.51,100,2.0
3650,킹스타피자_피자_허니갈릭쉬림프 피자 (L),245,25.0,11.57,10.42,2.42,865,4.57
3651,킹스타피자_피자_허니갈릭쉬림프 피자 (M),242,24.69,10.91,10.29,2.39,651,5.3
3652,킹스타피자_피자_허니갈릭텐더 피자 (L),249,25.41,10.95,10.59,2.46,751,5.38
3653,킹스타피자_피자_허니갈릭텐더 피자 (M),262,26.73,11.43,11.14,2.59,565,5.17
3654,오구쌀피자_피자_허니고르곤 피자 (L),239,24.39,13.33,10.17,2.36,360,2.22
3655,비비큐_피자_허니리코타 시카고 피자,276,28.16,11.99,11.74,2.73,100,7.95
3656,굽네치킨_피자_허니멜로 스윗포테이토 피자,316,32.88,11.64,13.44,3.12,100,8.9
3657,피자스쿨_피자_허니비프 피자,284,28.98,13.35,12.08,2.81,674,4.3
3658,유로코피자_피자_허니크런치스테이크 피자,251,25.61,13.0,10.68,2.48,1048,5.44
3659,맘스피자_피자_허니통옥수수피자 (L),242,24.69,9.24,10.29,2.39,991,1.92
3660,맘스피자_피자_허니통옥수수피자 (M),235,23.98,8.51,10.0,2.32,740,1.54
3661,맘스피자_피자_허니통옥수수피자 리치골드크러스트 (L),247,25.2,9.99,10.51,2.44,1191,1.87
3662,맘스피자_피자_허니통옥수수피자 리치골드크러스트 (M),239,24.39,9.12,10.17,2.36,840,1.55
3663,맘스피자_피자_허니통옥수수피자 치즈크러스트 (L),246,25.1,9.65,10.46,2.43,1091,1.8
3664,맘스피자_피자_허니통옥수수피자 치즈크러스트 (M),240,24.49,8.99,10.21,2.37,815,1.46
3665,피자스톰_피자_허리케인골드 (R),224,22.86,10.66,9.53,2.21,816,2.71
3666,파파존스_피자_햄 머쉬룸 식스치즈 치즈롤 (L),251,25.61,12.27,10.68,2.48,100,2.45
3667,파파존스_피자_햄 머쉬룸 식스치즈 치즈롤 (P),251,25.61,12.81,10.68,2.48,100,2.44
3668,파파존스_피자_햄 머쉬룸 식스치즈 크루아상,289,29.49,11.23,12.29,2.86,100,2.47
3669,미스터피자_피자_햄벅한새우 피자 골드 (L),223,22.76,10.67,9.49,2.2,100,4.58
3670,미스터피자_피자_햄벅한새우 피자 골드 (M),215,21.94,11.04,9.15,2.12,100,4.23
3671,미스터피자_피자_햄벅한새우 피자 골드 (R),259,26.43,12.39,11.02,2.56,903,5.31
3672,미스터피자_피자_햄벅한새우 피자 노엣지 (L),219,22.35,10.64,9.32,2.16,1288,4.09
3673,미스터피자_피자_햄벅한새우 피자 노엣지 (M),210,21.43,11.13,8.93,2.08,820,3.62
3674,미스터피자_피자_햄벅한새우 피자 노엣지 (R),259,26.43,12.56,11.02,2.56,794,5.03
3675,미스터피자_피자_햄벅한새우 피자 에그타르트 (L),228,23.27,9.92,9.7,2.25,100,6.04
3676,미스터피자_피자_햄벅한새우 피자 에그타르트 (M),221,22.55,10.32,9.4,2.18,100,5.71
3677,미스터피자_피자_햄벅한새우 피자 에그타르트 (R),265,27.04,11.5,11.27,2.62,903,7.08
3678,미스터피자_피자_햄벅한새우 피자 치즈캡 (L),223,22.76,11.74,9.49,2.2,100,3.73
3679,미스터피자_피자_햄벅한새우 피자 치즈캡 (M),216,22.04,12.4,9.19,2.13,100,3.24
3680,미스터피자_피자_햄벅한새우 피자 치즈캡 (R),261,26.63,13.51,11.1,2.58,890,4.5
3681,미스터피자_피자_햄벅한새우 피자 크림치즈 (L),224,22.86,9.82,9.53,2.21,100,5.03
3682,미스터피자_피자_햄벅한새우 피자 크림치즈 (M),217,22.14,10.23,9.23,2.14,100,4.65
3683,미스터피자_피자_햄벅한새우 피자 크림치즈 (R),260,26.53,11.21,11.06,2.57,931,6.03
3684,7번가피자_피자_해쉬베이컨 피자 석쇠 (L),233,23.78,12.93,9.91,2.3,928,2.59
3685,7번가피자_피자_해쉬베이컨 피자 석쇠 (R),233,23.78,12.9,9.91,2.3,620,2.58
3686,7번가피자_피자_해쉬베이컨 피자 씬도우 (L),266,27.14,12.75,11.31,2.63,817,4.9
3687,7번가피자_피자_해쉬베이컨 피자 씬도우 (R),282,28.78,10.67,12.0,2.79,599,5.33
3688,7번가피자_피자_해쉬베이컨 피자 치즈링 (L),234,23.88,13.74,9.95,2.31,1048,2.29
3689,7번가피자_피자_해쉬베이컨 피자 치즈링 (R),234,23.88,13.89,9.95,2.31,720,2.22
3690,파파존스_피자_햄 머쉬룸 식스치즈 (F),242,24.69,11.28,10.29,2.39,100,3.22
3691,파파존스_피자_햄 머쉬룸 식스치즈 (L),243,24.8,10.84,10.34,2.4,738,3.25
3692,파파존스_피자_햄 머쉬룸 식스치즈 (P),243,24.8,11.09,10.34,2.4,100,3.17
3693,파파존스_피자_햄 머쉬룸 식스치즈 골드링 (F),258,26.33,12.42,10.97,2.55,100,4.97
3694,파파존스_피자_햄 머쉬룸 식스치즈 골드링 (L),258,26.33,12.99,10.97,2.55,100,4.64
3695,파파존스_피자_햄 머쉬룸 식스치즈 골드링 (P),258,26.33,12.63,10.97,2.55,100,5.17
3696,파파존스_피자_햄 머쉬룸 식스치즈 골드링 씬,269,27.45,11.32,11.44,2.66,100,3.77
3697,파파존스_피자_햄 머쉬룸 식스치즈 스파이시 갈릭 치즈롤 (F),257,26.22,12.64,10.93,2.54,100,2.53
3698,파파존스_피자_햄 머쉬룸 식스치즈 스파이시 갈릭 치즈롤 (L),257,26.22,12.46,10.93,2.54,100,2.49
3699,파파존스_피자_햄 머쉬룸 식스치즈 스파이시 갈릭 치즈롤 (P),256,26.12,12.62,10.89,2.53,100,2.53
3700,파파존스_피자_햄 머쉬룸 식스치즈 씬,271,27.65,12.28,11.53,2.68,100,0.82
3701,파파존스_피자_햄 머쉬룸 식스치즈 치즈롤 (F),251,25.61,12.91,10.68,2.48,100,2.46
3702,도미노피자_피자_이탈리아 마르게리따 피자 슈화 더블치즈 페퍼로니 엣지 (L),301,28.07,13.37,11.65,2.97,1097,3.01
3703,서오릉피자_피자_핫칠리서오릉갈비 피자 (L),236,24.08,10.6,10.04,2.33,100,5.47
3704,서오릉피자_피자_핫칠리서오릉갈비 피자 (R),239,24.39,11.1,10.17,2.36,100,5.21
3705,서오릉피자_피자_핫칠리킹쉬림프 (L),193,19.69,9.02,8.21,1.91,978,3.01
3706,서오릉피자_피자_핫칠리킹쉬림프 (R),192,19.59,8.85,8.17,1.9,626,3.54
3707,서오릉피자_피자_핫칠리킹쉬림프 피자 (L),211,21.53,9.77,8.98,2.08,100,3.71
3708,서오릉피자_피자_핫칠리킹쉬림프 피자 (R),210,21.43,9.92,8.93,2.08,100,3.78
3709,피자파는집_피자_핫커리치킨 피자 밀도우 (L),107,10.92,8.99,4.55,1.06,970,0.37
3710,피자파는집_피자_핫커리치킨 피자 밀도우 (R),71,7.24,6.0,3.02,0.7,650,0.25
3711,피자파는집_피자_핫커리치킨 피자 씬도우 (L),107,10.92,8.99,4.55,1.06,760,0.36
3712,피자파는집_피자_핫커리치킨 피자 씬도우 (R),71,7.24,5.99,3.02,0.7,550,0.24
3713,피자에땅_피자_핫페퍼로니 (L),269,27.45,13.99,11.44,2.66,772,5.18
3714,봉수아피자_피자_핫페퍼로니(R),195,19.9,13.8,8.29,1.93,651,2.13
3715,봉수아피자_피자_핫페퍼로니(XL),260,26.53,18.29,11.06,2.57,986,2.76
3716,업텐브로피자_피자_핫페퍼불고기 피자 (L),353,36.02,19.0,15.02,3.49,735,2.0
3717,7번가피자_피자_해쉬베이컨 피자 골드스윗 (L),243,24.8,12.86,10.34,2.4,1118,3.57
3718,7번가피자_피자_해쉬베이컨 피자 골드스윗 (R),243,24.8,12.57,10.34,2.4,765,3.66
3719,7번가피자_피자_해쉬베이컨 피자 리코타링 (L),240,24.49,13.18,10.21,2.37,1028,3.1
3720,7번가피자_피자_해쉬베이컨 피자 리코타링 (R),242,24.69,13.14,10.29,2.39,700,3.43
3721,봉수아피자_피자_핫치킨(R),202,20.61,14.32,8.59,2.0,713,2.46
3722,봉수아피자_피자_핫치킨(XL),268,27.35,18.89,11.4,2.65,1080,3.26
3723,또래오래_피자_핫치킨바베큐 피자,148,15.1,5.72,6.3,1.46,100,3.1
3724,피자플래넷_피자_핫치킨바베큐 피자 (L),213,21.73,3.73,9.06,2.1,995,2.32
3725,반올림피자_피자_핫치킨쉬림프 피자 (L),236,24.08,12.07,10.04,2.33,1210,6.13
3726,오르새피자_피자_핫치킨쉬림프 피자 (L),83,8.47,3.74,3.53,0.82,1230,1.79
3727,킹스타피자_피자_핫치킨쉬림프 피자 (L),210,21.43,13.33,8.93,2.08,880,4.61
3728,킹스타피자_피자_핫치킨쉬림프 피자 (M),200,20.41,12.56,8.51,1.98,660,4.7
3729,봉수아피자_피자_핫치킨쉬림프(R),124,12.65,5.43,5.27,1.23,779,0.78
3730,봉수아피자_피자_핫치킨쉬림프(XL),177,18.06,8.84,7.53,1.75,1180,1.36
3731,피자와썹_피자_핫치킨쉬림프피자씬(L),343,35.0,14.44,14.59,3.39,100,0.81
3732,지정환피자_피자_핫치킨페스츄리 피자,297,30.31,13.33,12.63,2.93,295,5.33
3733,업텐브로피자_피자_핫치킨포테이토 피자 (L),230,23.47,14.0,9.78,2.27,1485,4.0
3734,피자스쿨_피자_핫치킨피자,243,24.8,14.27,10.34,2.4,715,4.9
3735,피자와썹_피자_핫치킨피자씬(L),358,36.53,13.74,15.23,3.54,100,0.92
3736,피자스톰_피자_핫치킨하와이안클럽 (R),226,23.06,13.49,9.61,2.23,655,7.25
3737,오르새피자_피자_핫칠리새우 피자 (L),88,8.98,3.75,3.74,0.87,1120,1.79
3738,서오릉피자_피자_핫칠리서오릉갈비 (L),221,22.55,10.0,9.4,2.18,1029,5.0
3739,서오릉피자_피자_핫칠리서오릉갈비 (R),226,23.06,10.62,9.61,2.23,626,4.43
3740,피자헤븐_피자_핫앤스파이시 피자 (L),264,26.94,12.14,11.23,2.61,1118,4.29
3741,파파존스_피자_핫앤스파이시멕시칸 피자 (F),232,23.67,9.7,9.87,2.29,1075,4.48
3742,파파존스_피자_핫앤스파이시멕시칸 피자 (L),232,23.67,9.5,9.87,2.29,799,4.0
3743,파파존스_피자_핫앤스파이시멕시칸 피자 (P),231,23.57,9.49,9.83,2.28,1367,4.38
3744,파파존스_피자_핫앤스파이시멕시칸 피자 (R),232,23.67,9.52,9.87,2.29,442,4.08
3745,킹스타피자_피자_핫제육쉬림프 피자 (L),208,21.22,11.97,8.85,2.06,880,5.85
3746,킹스타피자_피자_핫제육쉬림프 피자 (M),209,21.33,13.65,8.89,2.07,660,5.3
3747,킹스타피자_피자_핫직화불고기 피자 (L),225,22.96,11.75,9.57,2.22,825,5.52
3748,킹스타피자_피자_핫직화불고기 피자 (M),226,23.06,12.23,9.61,2.23,611,5.65
3749,봉수아피자_피자_핫치킨 쉬림프 피자 (XL),177,18.06,8.84,7.53,1.75,1180,1.36
3750,피자알볼로_피자_핫치킨 알픽,257,26.22,15.51,10.93,2.54,183,4.77
3751,피자스쿨_피자_핫치킨 피자,244,30.9,11.8,7.87,2.41,715,4.9
3752,네오피자_피자_핫치킨 피자,244,24.9,15.53,10.38,2.41,872,8.83
3753,프레드피자_피자_핫치킨 피자 (L),250,25.51,13.74,10.63,2.47,792,4.65
3754,피자에땅_피자_핫치킨 피자 (L),217,22.14,11.11,9.23,2.14,1008,4.76
3755,오르새피자_피자_핫치킨 피자 (L),213,21.73,9.58,9.06,2.1,1200,3.33
3756,반올림피자_피자_핫치킨 피자 (L),245,25.0,12.72,10.42,2.42,100,6.27
3757,난타5000피자_피자_핫치킨 피자 (L),301,36.06,17.44,9.65,2.97,600,4.72
3758,봉수아피자_피자_핫치킨 피자 (XL),268,27.35,18.89,11.4,2.65,1080,3.26
3759,도미노피자_피자_이탈리아 마르게리따 피자 슈퍼시드 화이버 오리지널 (L),249,33.47,10.0,8.32,2.46,900,3.0
3760,지정환피자_피자_핫멕시칸팬(L),230,23.47,13.24,9.78,2.27,1010,3.16
3761,지정환피자_피자_핫멕시칸팬(R),230,23.47,12.72,9.78,2.27,100,3.19
3762,지정환피자_피자_핫멕시칸흑미스크린(L),221,22.55,13.12,9.4,2.18,100,4.54
3763,지정환피자_피자_핫멕시칸흑미스크린(R),216,22.04,12.7,9.19,2.13,100,4.55
3764,지정환피자_피자_핫멕시칸흑미치즈크러스트(L),216,22.04,13.33,9.19,2.13,100,4.34
3765,지정환피자_피자_핫멕시칸흑미치즈크러스트(R),210,21.43,13.03,8.93,2.08,100,4.28
3766,피자와치킨의러브레터_피자_핫바베큐 피자,268,27.35,14.29,11.4,2.65,840,5.97
3767,선명희피자_피자_핫베이컨할라피뇨 피자,252,26.87,13.43,10.72,2.49,1070,7.46
3768,선명희피자_피자_핫불고기 피자,238,23.62,14.96,10.12,2.35,1019,7.09
3769,네오피자_피자_핫불고기 피자 (L),242,24.69,14.43,10.29,2.39,872,8.92
3770,네오피자_피자_핫쉬림프 피자 (L),225,22.96,13.45,9.57,2.22,960,9.56
3771,네오피자_피자_핫쉬림프골드 피자 (L),242,24.69,12.08,10.29,2.39,1104,10.11
3772,오구쌀피자_피자_핫스파이스 피자 (L),227,23.16,13.98,9.66,2.24,742,5.91
3773,킹스타피자_피자_핫스파이시치킨 피자 (L),209,21.33,11.74,8.89,2.07,795,5.35
3774,킹스타피자_피자_핫스파이시치킨 피자 (M),215,21.94,12.37,9.15,2.12,586,4.86
3775,비스트로피자_피자_핫스파이시치킨 피자 오리지널 (M),288,36.36,13.48,12.87,2.85,535,5.62
3776,비스트로피자_피자_핫스파이시치킨피자 오리지널,272,27.76,14.46,11.57,2.69,500,7.23
3777,피자스톰_피자_핫스파이시페퍼로니 (R),258,26.33,14.23,10.97,2.55,600,4.95
3778,지정환피자_피자_핫멕시칸 피자 흑미스크린치즈크러스트 (L),216,22.04,13.08,9.19,2.13,1040,4.62
3779,지정환피자_피자_핫멕시칸 피자 흑미스크린치즈크러스트 (R),208,21.22,12.5,8.85,2.06,576,4.17
3780,지정환피자_피자_핫멕시칸고구마크러스트(L),227,23.16,12.2,9.66,2.24,1105,4.41
3781,지정환피자_피자_핫멕시칸고구마크러스트(R),226,23.06,11.68,9.61,2.23,100,4.49
3782,지정환피자_피자_핫멕시칸밀스크린(L),233,23.78,13.2,9.91,2.3,100,3.03
3783,지정환피자_피자_핫멕시칸밀스크린(R),227,23.16,12.79,9.66,2.24,100,3.14
3784,지정환피자_피자_핫멕시칸밀스크린치즈크러스트(L),227,23.16,13.4,9.66,2.24,100,2.97
3785,지정환피자_피자_핫멕시칸밀스크린치즈크러스트(R),220,22.45,13.1,9.36,2.17,100,3.04
3786,지정환피자_피자_핫멕시칸백미스크린(L),227,23.16,13.2,9.66,2.24,100,5.59
3787,지정환피자_피자_핫멕시칸백미스크린(R),221,22.55,12.78,9.4,2.18,100,5.53
3788,지정환피자_피자_핫멕시칸백미치즈크러스트(L),221,22.55,13.41,9.4,2.18,100,5.29
3789,지정환피자_피자_핫멕시칸백미치즈크러스트(R),214,21.84,13.1,9.1,2.11,100,5.15
3790,지정환피자_피자_핫멕시칸씬(L),231,23.57,13.98,9.83,2.28,745,3.29
3791,지정환피자_피자_핫멕시칸씬(R),230,23.47,13.3,9.78,2.27,420,3.35
3792,지정환피자_피자_핫멕시칸체다크림크러스트(L),229,23.37,12.64,9.74,2.26,1110,4.88
3793,지정환피자_피자_핫멕시칸체다크림크러스트(R),228,23.27,12.14,9.7,2.25,100,4.98
3794,지정환피자_피자_핫멕시칸치즈크러스트(L),224,22.86,13.44,9.53,2.21,1105,3.09
3795,지정환피자_피자_핫멕시칸치즈크러스트(R),223,22.76,13.01,9.49,2.2,100,3.1
3796,지정환피자_피자_핫멕시칸 피자 밀스크린체다크림크러스트 (L),232,23.67,12.69,9.87,2.29,1072,4.48
3797,지정환피자_피자_핫멕시칸 피자 밀스크린체다크림크러스트 (R),226,23.06,12.37,9.61,2.23,582,5.15
3798,지정환피자_피자_핫멕시칸 피자 밀스크린치즈크러스트 (L),226,23.06,13.43,9.61,2.23,1072,2.99
3799,지정환피자_피자_핫멕시칸 피자 밀스크린치즈크러스트 (R),219,22.35,13.27,9.32,2.16,588,3.06
3800,지정환피자_피자_핫멕시칸 피자 백미스크린 (L),227,23.16,13.56,9.66,2.24,944,5.93
3801,지정환피자_피자_핫멕시칸 피자 백미스크린 (R),221,22.55,13.1,9.4,2.18,504,5.95
3802,지정환피자_피자_핫멕시칸 피자 백미스크린치즈크러스트 (L),221,22.55,13.08,9.4,2.18,1040,5.38
3803,지정환피자_피자_핫멕시칸 피자 백미스크린치즈크러스트 (R),213,21.73,12.5,9.06,2.1,576,5.21
3804,지정환피자_피자_핫멕시칸 피자 씬 (L),231,23.57,13.98,9.83,2.28,744,3.23
3805,지정환피자_피자_핫멕시칸 피자 씬 (R),230,23.47,12.86,9.78,2.27,420,2.86
3806,지정환피자_피자_핫멕시칸 피자 체다크림크러스트 (L),228,23.27,12.95,9.7,2.25,1112,5.04
3807,지정환피자_피자_핫멕시칸 피자 체다크림크러스트 (R),228,23.27,12.15,9.7,2.25,642,4.67
3808,지정환피자_피자_핫멕시칸 피자 치즈크러스트 (L),224,22.86,13.04,9.53,2.21,1104,2.9
3809,지정환피자_피자_핫멕시칸 피자 치즈크러스트 (R),222,22.65,12.96,9.44,2.19,648,2.78
3810,지정환피자_피자_핫멕시칸 피자 팬 (L),230,23.47,13.49,9.78,2.27,1008,3.17
3811,지정환피자_피자_핫멕시칸 피자 팬 (R),229,23.37,12.37,9.74,2.26,582,3.2
3812,지정환피자_피자_핫멕시칸 피자 흑미스크린 (L),220,22.45,13.45,9.36,2.17,952,4.2
3813,지정환피자_피자_핫멕시칸 피자 흑미스크린 (R),214,21.84,12.94,9.1,2.11,510,4.71
3814,피자알볼로_피자_전주불백 피자 (L),217,22.14,10.87,9.23,2.14,1105,3.26
3815,지정환피자_피자_할루미팬(L),271,27.65,16.4,11.53,2.68,920,4.57
3816,지정환피자_피자_할루미팬(R),272,27.76,16.11,11.57,2.69,100,4.63
3817,지정환피자_피자_할루미흑미스크린(L),265,27.04,16.48,11.27,2.62,100,6.19
3818,지정환피자_피자_할루미흑미스크린(R),264,26.94,16.63,11.23,2.61,100,6.35
3819,지정환피자_피자_할루미흑미치즈크러스트(L),255,26.02,16.39,10.85,2.52,100,5.81
3820,지정환피자_피자_할루미흑미치즈크러스트(R),251,25.61,16.49,10.68,2.48,100,5.83
3821,비스트로피자_피자_함박벅벅피자오리지널,248,25.31,13.28,10.55,2.45,1020,5.47
3822,선명희피자_피자_함박스테이크피자,226,23.06,13.61,9.61,2.23,1174,3.4
3823,피자마루_피자_함박스테이크피자 (1인),149,15.2,11.66,6.34,1.47,360,3.5
3824,피자알볼로_피자_핫&스파이시치킨 피자 (L),244,24.9,11.36,10.38,2.41,1060,3.41
3825,피자알볼로_피자_핫&스파이시치킨 피자 (R),241,24.59,11.39,10.25,2.38,630,3.8
3826,피자애_피자_핫갈베 피자 (L),281,28.67,6.32,11.95,2.78,850,4.15
3827,지정환피자_피자_핫멕시칸 피자 고구마크러스트 (L),227,23.16,12.32,9.66,2.24,1104,4.35
3828,지정환피자_피자_핫멕시칸 피자 고구마크러스트 (R),226,23.06,11.32,9.61,2.23,636,4.72
3829,지정환피자_피자_핫멕시칸 피자 밀스크린 (L),233,23.78,13.11,9.91,2.3,976,3.28
3830,지정환피자_피자_핫멕시칸 피자 밀스크린 (R),226,23.06,12.64,9.61,2.23,522,3.45
3831,지정환피자_피자_핫멕시칸 피자 밀스크린고구마크러스트 (L),231,23.57,12.03,9.83,2.28,1064,4.51
3832,지정환피자_피자_핫멕시칸 피자 밀스크린고구마크러스트 (R),224,22.86,11.46,9.53,2.21,576,4.17
3833,피자알볼로_피자_쟌슨빌콰트로피자 (XL),281,28.67,13.16,11.95,2.78,1095,3.75
3834,지정환피자_피자_할루미 피자 흑미스크린치즈크러스트 (L),255,26.02,15.97,10.85,2.52,952,5.88
3835,지정환피자_피자_할루미 피자 흑미스크린치즈크러스트 (R),251,25.61,15.91,10.68,2.48,528,5.68
3836,지정환피자_피자_할루미고구마크러스트(L),264,26.94,14.97,11.23,2.61,1015,5.79
3837,지정환피자_피자_할루미고구마크러스트(R),265,27.04,14.68,11.27,2.62,100,5.89
3838,지정환피자_피자_할루미밀스크린(L),277,28.27,16.47,11.78,2.74,100,4.48
3839,지정환피자_피자_할루미밀스크린(R),275,28.06,16.62,11.7,2.72,100,4.75
3840,지정환피자_피자_할루미밀스크린치즈크러스트(L),266,27.14,16.38,11.31,2.63,100,4.27
3841,지정환피자_피자_할루미밀스크린치즈크러스트(R),261,26.63,16.48,11.1,2.58,100,4.45
3842,지정환피자_피자_할루미백미스크린(L),271,27.65,16.59,11.53,2.68,100,7.36
3843,지정환피자_피자_할루미백미스크린(R),270,27.55,16.73,11.48,2.67,100,7.43
3844,지정환피자_피자_할루미백미치즈크러스트(L),261,26.63,16.48,11.1,2.58,100,6.85
3845,지정환피자_피자_할루미백미치즈크러스트(R),256,26.12,16.58,10.89,2.53,100,6.77
3846,지정환피자_피자_할루미씬(L),289,29.49,18.51,12.29,2.86,655,5.29
3847,지정환피자_피자_할루미씬(R),291,29.69,18.22,12.38,2.88,375,5.42
3848,지정환피자_피자_할루미체다크림크러스트(L),266,27.14,15.43,11.31,2.63,1020,6.3
3849,지정환피자_피자_할루미체다크림크러스트(R),267,27.24,15.15,11.36,2.64,100,6.41
3850,지정환피자_피자_할루미치즈크러스트(L),261,26.63,16.31,11.1,2.58,1015,4.35
3851,지정환피자_피자_할루미치즈크러스트(R),260,26.53,16.05,11.06,2.57,100,4.37
3852,지정환피자_피자_할루미 피자 밀스크린체다크림크러스트 (L),271,27.65,15.45,11.53,2.68,984,6.5
3853,지정환피자_피자_할루미 피자 밀스크린체다크림크러스트 (R),269,27.45,15.73,11.44,2.66,534,6.74
3854,지정환피자_피자_할루미 피자 밀스크린치즈크러스트 (L),266,27.14,16.39,11.31,2.63,976,4.1
3855,지정환피자_피자_할루미 피자 밀스크린치즈크러스트 (R),259,26.43,16.48,11.02,2.56,546,4.4
3856,지정환피자_피자_할루미 피자 백미스크린 (L),271,27.65,16.82,11.53,2.68,856,7.48
3857,지정환피자_피자_할루미 피자 백미스크린 (R),269,27.45,16.88,11.44,2.66,462,7.79
3858,지정환피자_피자_할루미 피자 백미스크린치즈크러스트 (L),259,26.43,15.97,11.02,2.56,952,6.72
3859,지정환피자_피자_할루미 피자 백미스크린치즈크러스트 (R),256,26.12,17.05,10.89,2.53,528,6.82
3860,지정환피자_피자_할루미 피자 씬 (L),288,29.39,18.29,12.25,2.85,656,4.88
3861,지정환피자_피자_할루미 피자 씬 (R),289,29.49,17.46,12.29,2.86,378,4.76
3862,지정환피자_피자_할루미 피자 체다크림크러스트 (L),265,27.04,15.63,11.27,2.62,1024,6.25
3863,지정환피자_피자_할루미 피자 체다크림크러스트 (R),267,27.24,15.15,11.36,2.64,594,6.06
3864,지정환피자_피자_할루미 피자 치즈크러스트 (L),261,26.63,16.54,11.1,2.58,1016,3.94
3865,지정환피자_피자_할루미 피자 치즈크러스트 (R),261,26.63,16.0,11.1,2.58,600,4.0
3866,지정환피자_피자_할루미 피자 팬 (L),271,27.65,16.52,11.53,2.68,920,4.35
3867,지정환피자_피자_할루미 피자 팬 (R),273,27.86,15.73,11.61,2.7,534,4.49
3868,지정환피자_피자_할루미 피자 흑미스크린 (L),265,27.04,16.82,11.27,2.62,856,6.54
3869,지정환피자_피자_할루미 피자 흑미스크린 (R),264,26.94,16.88,11.23,2.61,462,6.49
3870,피자알볼로_피자_쟌슨빌콰트로피자 (L),281,28.67,13.16,11.95,2.78,900,3.75
3871,프레드피자_피자_할라로니 피자 (L),270,27.55,14.67,11.48,2.67,709,4.2
3872,피자와썹_피자_할라로니피자씬(L),388,39.59,15.05,16.5,3.83,100,1.75
3873,프레드피자_피자_할라로니피자오리지널(L),269,27.45,15.31,11.44,2.66,690,4.05
3874,청년피자_피자_할라불고기 피자 (L),243,24.8,12.64,10.34,2.4,979,4.52
3875,프레드피자_피자_할라불고기 피자 (L),215,23.1,12.03,8.31,2.12,885,5.49
3876,프레드피자_피자_할라불고기피자오리지널(L),236,24.08,14.05,10.04,2.33,785,5.56
3877,피자와썹_피자_할라직화불고기피자씬(L),367,37.45,16.88,15.61,3.63,100,3.28
3878,피자애_피자_할라피노 피자 (L),289,29.49,6.47,12.29,2.86,822,3.24
3879,피자스톰_피자_할라피뇨 페이버릿 피자 (XL),256,26.12,14.45,10.89,2.53,824,3.62
3880,비스트로피자_피자_할라피뇨 피자 오리지널 (M),295,31.07,19.28,15.39,2.92,495,4.82
3881,업텐브로피자_피자_할라피뇨프라이 피자 (L),268,27.35,14.0,11.4,2.65,1391,3.0
3882,비스트로피자_피자_할라피뇨피자 오리지널,284,28.98,17.81,12.08,2.81,440,5.48
3883,지정환피자_피자_할루미 피자 고구마크러스트 (L),264,26.94,14.96,11.23,2.61,1016,5.51
3884,지정환피자_피자_할루미 피자 고구마크러스트 (R),264,26.94,14.14,11.23,2.61,594,6.06
3885,지정환피자_피자_할루미 피자 밀스크린 (L),276,28.16,16.22,11.74,2.73,888,4.5
3886,지정환피자_피자_할루미 피자 밀스크린 (R),276,28.16,16.46,11.74,2.73,474,5.06
3887,지정환피자_피자_할루미 피자 밀스크린고구마크러스트 (L),270,27.55,14.75,11.48,2.67,976,5.74
3888,지정환피자_피자_할루미 피자 밀스크린고구마크러스트 (R),265,27.04,14.61,11.27,2.62,534,5.62
3889,임실N치즈피자_피자_한우핫불고기 피자 라이스골드 (R),274,27.96,16.88,11.66,2.71,708,2.66
3890,임실N치즈피자_피자_한우핫불고기 피자 라이스바이트 (F),273,27.86,15.85,11.61,2.7,1550,2.93
3891,임실N치즈피자_피자_한우핫불고기 피자 라이스바이트 (L),269,27.45,16.11,11.44,2.66,1335,3.36
3892,임실N치즈피자_피자_한우핫불고기 피자 라이스바이트 (R),275,28.06,15.46,11.7,2.72,808,3.33
3893,임실N치즈피자_피자_한우핫불고기 피자 석쇠 (F),273,27.86,17.13,11.61,2.7,1045,3.41
3894,임실N치즈피자_피자_한우핫불고기 피자 석쇠 (L),259,26.43,16.93,11.02,2.56,895,3.41
3895,임실N치즈피자_피자_한우핫불고기 피자 석쇠 (R),260,26.53,16.93,11.06,2.57,458,3.37
3896,임실N치즈피자_피자_한우핫불고기 피자 치즈크러스트 (F),272,27.76,17.6,11.57,2.69,1175,3.02
3897,임실N치즈피자_피자_한우핫불고기 피자 치즈크러스트 (L),267,27.24,17.54,11.36,2.64,1095,3.04
3898,임실N치즈피자_피자_한우핫불고기 피자 치즈크러스트 (R),274,27.96,17.76,11.66,2.71,628,2.9
3899,임실N치즈피자_피자_한우핫불고기 피자 팬 (F),280,28.57,17.29,11.91,2.77,1145,3.42
3900,임실N치즈피자_피자_한우핫불고기 피자 팬 (L),266,27.14,17.12,11.31,2.63,955,3.43
3901,피자헛_피자_할라 페페로니 러버 피자 씬 (L),341,34.8,15.13,14.51,3.37,455,3.45
3902,피자헛_피자_할라 페페로니 러버 피자 오리지널 (L),288,29.39,13.11,12.25,2.85,733,2.95
3903,피자헛_피자_할라 페페로니 러버 피자 오리지널 (M),290,29.59,13.64,12.34,2.87,422,2.71
3904,피자헛_피자_할라 페페로니 러버 피자 오리지널 파마산 치즈 (L),294,30.0,13.83,12.51,2.91,755,2.87
3905,피자헛_피자_할라 페페로니 러버 피자 오리지널 파마산 치즈 (M),294,30.0,14.28,12.51,2.91,436,2.62
3906,피자헛_피자_할라 페페로니 러버 피자 팬 (L),318,32.45,11.84,13.53,3.14,788,2.96
3907,미스터피자_피자_하프앤하프 피자 크림치즈 (M),235,23.98,10.57,10.0,2.32,100,5.06
3908,미스터피자_피자_하프앤하프 피자 크림치즈 (R),233,23.78,10.05,9.91,2.3,756,5.82
3909,임실N치즈피자_피자_한우불고기 피자 라이스골드 (R),274,27.96,16.88,11.66,2.71,708,2.66
3910,임실N치즈피자_피자_한우불고기 피자 라이스바이트 (F),261,26.63,15.73,11.1,2.58,1752,2.98
3911,임실N치즈피자_피자_한우불고기 피자 라이스바이트 (L),269,27.45,16.11,11.44,2.66,1335,3.36
3912,임실N치즈피자_피자_한우불고기 피자 라이스바이트 (R),275,28.06,15.46,11.7,2.72,808,3.33
3913,임실N치즈피자_피자_한우불고기 피자 석쇠 (F),255,26.02,16.76,10.85,2.52,1247,3.41
3914,임실N치즈피자_피자_한우불고기 피자 석쇠 (L),259,26.43,16.93,11.02,2.56,895,3.41
3915,임실N치즈피자_피자_한우불고기 피자 석쇠 (R),260,26.53,16.93,11.06,2.57,458,3.37
3916,임실N치즈피자_피자_한우불고기 피자 치즈크러스트 (F),256,26.12,17.2,10.89,2.53,1377,3.07
3917,임실N치즈피자_피자_한우불고기 피자 치즈크러스트 (L),267,27.24,17.54,11.36,2.64,1095,3.04
3918,임실N치즈피자_피자_한우불고기 피자 치즈크러스트 (R),274,27.96,17.76,11.66,2.71,628,2.9
3919,임실N치즈피자_피자_한우불고기 피자 팬 (F),263,26.84,16.92,11.19,2.6,1347,3.41
3920,임실N치즈피자_피자_한우불고기 피자 팬 (L),266,27.14,17.12,11.31,2.63,955,3.43
3921,임실N치즈피자_피자_한우불고기 피자 팬 (R),267,27.24,17.06,11.36,2.64,488,3.38
3922,피자알볼로_피자_한우불고기감자피자,238,24.29,12.92,10.12,2.35,687,2.97
3923,임실N치즈피자_피자_한우핫불고기 피자 골드 (L),267,27.24,16.52,11.36,2.64,1255,2.75
3924,임실N치즈피자_피자_한우핫불고기 피자 라이스골드 (F),264,26.94,17.09,11.23,2.61,1468,3.67
3925,피굽남피자_피자_인싸 피자 (L),290,29.59,15.4,12.34,2.87,855,3.0
3926,지정환피자_피자_하와이언씬(R),209,21.33,10.06,8.89,2.07,420,5.63
3927,지정환피자_피자_하와이언체다크림크러스트(L),215,21.94,10.59,9.15,2.12,1110,6.32
3928,지정환피자_피자_하와이언체다크림크러스트(R),215,21.94,10.01,9.15,2.12,100,6.48
3929,지정환피자_피자_하와이언치즈크러스트(L),211,21.53,11.38,8.98,2.08,1105,4.53
3930,지정환피자_피자_하와이언치즈크러스트(R),209,21.33,10.9,8.89,2.07,100,4.58
3931,지정환피자_피자_하와이언팬(L),215,21.94,10.99,9.15,2.12,1010,4.74
3932,지정환피자_피자_하와이언팬(R),214,21.84,10.36,9.1,2.11,100,4.85
3933,지정환피자_피자_하와이언흑미스크린(L),206,21.02,10.72,8.76,2.04,100,6.22
3934,지정환피자_피자_하와이언흑미스크린(R),198,20.2,10.02,8.42,1.96,100,6.43
3935,지정환피자_피자_하와이언흑미치즈크러스트(L),202,20.61,11.16,8.59,2.0,100,5.87
3936,지정환피자_피자_하와이언흑미치즈크러스트(R),194,19.8,10.67,8.25,1.92,100,5.95
3937,미스터피자_피자_하프앤하프 피자 골드 (L),231,23.57,10.2,9.83,2.28,100,3.93
3938,미스터피자_피자_하프앤하프 피자 골드 (M),234,23.88,11.57,9.95,2.31,100,4.57
3939,미스터피자_피자_하프앤하프 피자 골드 (R),231,23.57,10.99,9.83,2.28,728,5.49
3940,미스터피자_피자_하프앤하프 피자 에그타르트 (L),237,24.18,9.28,10.08,2.34,100,5.72
3941,미스터피자_피자_하프앤하프 피자 에그타르트 (M),241,24.59,10.69,10.25,2.38,100,6.38
3942,미스터피자_피자_하프앤하프 피자 에그타르트 (R),239,24.39,10.44,10.17,2.36,728,7.14
3943,미스터피자_피자_하프앤하프 피자 크림치즈 (L),232,23.67,9.19,9.87,2.29,100,4.51
3944,피자마루_피자_이탈리안치즈피자바이트,272,27.76,15.45,11.57,2.69,765,4.92
3945,지정환피자_피자_하와이언 피자 흑미스크린 (R),198,20.2,9.41,8.42,1.96,510,5.88
3946,지정환피자_피자_하와이언 피자 흑미스크린치즈크러스트 (L),202,20.61,10.77,8.59,2.0,1040,6.15
3947,지정환피자_피자_하와이언 피자 흑미스크린치즈크러스트 (R),194,19.8,10.42,8.25,1.92,576,6.25
3948,봉수아피자_피자_하와이언(R),248,25.31,7.17,10.55,2.45,682,2.92
3949,봉수아피자_피자_하와이언(XL),212,21.63,9.38,9.02,2.09,1032,3.88
3950,지정환피자_피자_하와이언고구마크러스트(L),213,21.73,10.15,9.06,2.1,1105,5.85
3951,지정환피자_피자_하와이언고구마크러스트(R),213,21.73,9.54,9.06,2.1,100,5.99
3952,지정환피자_피자_하와이언밀스크린(L),218,22.24,10.86,9.27,2.15,100,4.67
3953,지정환피자_피자_하와이언밀스크린(R),210,21.43,10.17,8.93,2.08,100,4.97
3954,지정환피자_피자_하와이언밀스크린치즈크러스트(L),214,21.84,11.28,9.1,2.11,100,4.46
3955,지정환피자_피자_하와이언밀스크린치즈크러스트(R),205,20.92,10.79,8.72,2.03,100,4.67
3956,지정환피자_피자_하와이언백미스크린(L),211,21.53,10.79,8.98,2.08,100,7.28
3957,지정환피자_피자_하와이언백미스크린(R),203,20.71,10.08,8.63,2.01,100,7.42
3958,지정환피자_피자_하와이언백미치즈크러스트(L),207,21.12,11.22,8.81,2.05,100,6.83
3959,지정환피자_피자_하와이언백미치즈크러스트(R),199,20.31,10.72,8.46,1.97,100,6.82
3960,킹스타피자_피자_하와이언쉬림프 피자 (L),219,22.35,10.98,9.32,2.16,878,4.67
3961,킹스타피자_피자_하와이언쉬림프 피자 (M),204,20.82,11.22,8.68,2.02,666,4.83
3962,지정환피자_피자_하와이언씬(L),211,21.53,10.92,8.98,2.08,745,5.44
3963,피자마루_피자_이탈리안치즈피자,283,28.88,17.07,12.04,2.8,600,3.93
3964,임실N치즈피자_피자_하와이언 피자 석쇠 (F),289,29.49,16.29,12.29,2.86,1120,4.79
3965,임실N치즈피자_피자_하와이언 피자 석쇠 (L),292,29.8,16.42,12.42,2.89,810,4.74
3966,임실N치즈피자_피자_하와이언 피자 석쇠 (R),286,29.18,14.9,12.17,2.83,415,4.76
3967,지정환피자_피자_하와이언 피자 씬 (L),211,21.53,10.75,8.98,2.08,744,5.38
3968,지정환피자_피자_하와이언 피자 씬 (R),209,21.33,10.0,8.89,2.07,420,5.71
3969,지정환피자_피자_하와이언 피자 체다크림크러스트 (L),215,21.94,10.79,9.15,2.12,1112,6.47
3970,지정환피자_피자_하와이언 피자 체다크림크러스트 (R),214,21.84,10.28,9.1,2.11,642,6.54
3971,임실N치즈피자_피자_하와이언 피자 치즈크러스트 (F),287,29.29,16.82,12.21,2.84,1250,4.27
3972,임실N치즈피자_피자_하와이언 피자 치즈크러스트 (L),295,30.1,17.18,12.55,2.92,1010,4.08
3973,지정환피자_피자_하와이언 피자 치즈크러스트 (L),211,21.53,11.59,8.98,2.08,1104,4.35
3974,지정환피자_피자_하와이언 피자 치즈크러스트 (R),208,21.22,11.11,8.85,2.06,648,4.63
3975,임실N치즈피자_피자_하와이언 피자 치즈크러스트 (R),294,30.0,16.38,12.51,2.91,585,3.85
3976,임실N치즈피자_피자_하와이언 피자 팬 (F),295,30.1,16.49,12.55,2.92,1220,4.68
3977,임실N치즈피자_피자_하와이언 피자 팬 (L),292,29.8,16.42,12.42,2.89,870,4.74
3978,지정환피자_피자_하와이언 피자 팬 (L),216,22.04,11.11,9.19,2.13,1008,4.76
3979,임실N치즈피자_피자_하와이언 피자 팬 (R),292,29.8,15.16,12.42,2.89,445,4.68
3980,지정환피자_피자_하와이언 피자 팬 (R),213,21.73,10.31,9.06,2.1,582,5.15
3981,지정환피자_피자_하와이언 피자 흑미스크린 (L),205,20.92,10.92,8.72,2.03,952,5.88
3982,킹스타피자_피자_하와이언 피자 (M),223,22.76,11.5,9.49,2.2,545,7.06
3983,봉수아피자_피자_하와이언 피자 (XL),212,21.63,9.38,9.02,2.09,1032,3.88
3984,지정환피자_피자_하와이언 피자 고구마크러스트 (L),214,21.84,10.14,9.1,2.11,1104,5.8
3985,지정환피자_피자_하와이언 피자 고구마크러스트 (R),213,21.73,9.43,9.06,2.1,636,5.66
3986,임실N치즈피자_피자_하와이언 피자 라이스골드 (F),277,28.27,16.47,11.78,2.74,1543,4.65
3987,임실N치즈피자_피자_하와이언 피자 라이스바이트 (F),283,28.88,15.21,12.04,2.8,1652,3.87
3988,지정환피자_피자_하와이언 피자 밀스크린 (L),218,22.24,10.66,9.27,2.15,976,4.92
3989,지정환피자_피자_하와이언 피자 밀스크린 (R),209,21.33,10.34,8.89,2.07,522,4.6
3990,지정환피자_피자_하와이언 피자 밀스크린고구마크러스트 (L),216,22.04,9.7,9.19,2.13,1072,5.97
3991,지정환피자_피자_하와이언 피자 밀스크린고구마크러스트 (R),209,21.33,9.38,8.89,2.07,576,6.25
3992,지정환피자_피자_하와이언 피자 밀스크린체다크림크러스트 (L),219,22.35,10.45,9.32,2.16,1072,6.72
3993,지정환피자_피자_하와이언 피자 밀스크린체다크림크러스트 (R),210,21.43,9.28,8.93,2.08,582,7.22
3994,지정환피자_피자_하와이언 피자 밀스크린치즈크러스트 (L),213,21.73,11.19,9.06,2.1,1072,4.48
3995,지정환피자_피자_하와이언 피자 밀스크린치즈크러스트 (R),204,20.82,10.2,8.68,2.02,588,5.1
3996,지정환피자_피자_하와이언 피자 백미스크린 (L),211,21.53,11.02,8.98,2.08,944,7.63
3997,지정환피자_피자_하와이언 피자 백미스크린 (R),204,20.82,9.52,8.68,2.02,504,7.14
3998,지정환피자_피자_하와이언 피자 백미스크린치즈크러스트 (L),206,21.02,10.77,8.76,2.04,1040,6.92
3999,지정환피자_피자_하와이언 피자 백미스크린치즈크러스트 (R),197,20.1,10.42,8.38,1.95,576,7.29
4000,피자마루_피자_이탈리안치즈 피자 (L),283,28.88,17.07,12.04,2.8,600,3.93
4001,도미노피자_피자_하와이안슈림프 피자 오리지널 (L),207,21.12,10.14,8.81,2.05,1102,4.35
4002,미스터피자_피자_하와이안스페셜 1인피자,246,25.1,9.02,10.46,2.43,237,6.24
4003,미스터피자_피자_하와이안스페셜 피자 오리진 (L),251,25.61,12.69,10.68,2.48,948,5.92
4004,미스터피자_피자_하와이안스페셜 피자 오리진 (M),240,24.49,12.55,10.21,2.37,626,5.61
4005,미스터피자_피자_하와이안스페셜 피자 오리진 (R),242,24.69,14.38,10.29,2.39,612,5.88
4006,미스터피자_피자_하와이안스페셜 피자 치즈캡 (L),253,25.82,13.91,10.76,2.5,100,5.24
4007,미스터피자_피자_하와이안스페셜 피자 치즈캡 (M),244,24.9,13.97,10.38,2.41,100,4.87
4008,미스터피자_피자_하와이안스페셜 피자 치즈캡 (R),246,25.1,15.82,10.46,2.43,708,5.08
4009,피자알볼로_피자_하와이안피자 (L),246,25.1,10.36,10.46,2.43,774,5.55
4010,피자알볼로_피자_하와이안피자 (R),246,25.1,10.33,10.46,2.43,466,5.46
4011,피자알볼로_피자_하와이안피자 (XL),246,25.1,10.42,10.46,2.43,940,5.69
4012,비스트로피자_피자_하와이안피자 오리지널,278,28.37,10.23,11.83,2.75,525,9.09
4013,피자와썹_피자_하와이안피자씬(L),377,38.47,14.31,16.04,3.73,100,3.9
4014,프레드피자_피자_하와이안피자오리지널(L),226,23.06,11.03,9.61,2.23,810,6.27
4015,또래오래_피자_하와이언 피자,144,14.69,6.32,6.13,1.42,100,2.8
4016,빅스타피자_피자_하와이언 피자,264,26.94,13.5,11.23,2.61,1300,0.61
4017,왕손피자_피자_하와이언 피자 (L),235,23.98,11.43,10.0,2.32,763,5.77
4018,킹스타피자_피자_하와이언 피자 (L),236,24.08,11.29,10.04,2.33,705,7.82
4019,피굽남피자_피자_이탈리안치즈 피자 (L),288,29.39,11.61,12.25,2.85,727,5.48
4020,파파존스_피자_하와이안 피자 골드링 (L),248,25.31,11.32,10.55,2.45,100,9.43
4021,파파존스_피자_하와이안 피자 골드링 (P),248,25.31,11.67,10.55,2.45,100,9.33
4022,파파존스_피자_하와이안 피자 골드링씬 (F),259,26.43,10.22,11.02,2.56,100,6.39
4023,파파존스_피자_하와이안 피자 씬 (F),260,26.53,10.82,11.06,2.57,100,2.5
4024,파파존스_피자_하와이안 피자 오리지널 (F),233,23.78,9.83,9.91,2.3,100,5.73
4025,파파존스_피자_하와이안 피자 오리지널 (L),233,23.78,9.91,9.91,2.3,726,6.06
4026,비스트로피자_피자_하와이안 피자 오리지널 (M),268,29.48,14.29,12.86,2.65,545,7.69
4027,파파존스_피자_하와이안 피자 오리지널 (P),233,23.78,9.66,9.91,2.3,100,6.44
4028,파파존스_피자_하와이안 피자 오리지널 (R),233,23.78,9.72,9.91,2.3,100,5.98
4029,파파존스_피자_하와이안 피자 치즈롤 (F),241,24.59,11.25,10.25,2.38,100,4.38
4030,파파존스_피자_하와이안 피자 치즈롤 (L),241,24.59,11.64,10.25,2.38,100,4.16
4031,파파존스_피자_하와이안 피자 치즈롤 (P),241,24.59,11.79,10.25,2.38,100,4.34
4032,청년피자_피자_하와이안 피자(L),288,29.39,15.18,12.25,2.85,773,3.7
4033,피자플래넷_피자_하와이안나이트 피자 (L),223,22.76,4.59,9.49,2.2,1065,2.88
4034,피자탑_피자_하와이안쉬림프 피자 (L),149,15.2,8.44,6.34,1.47,1202,3.18
4035,피자마루_피자_하와이안쉬림프 피자바이트 (L),223,22.76,11.76,9.49,2.2,999,6.92
4036,피자마루_피자_하와이안쉬림프피자,214,21.84,13.73,9.1,2.11,840,5.52
4037,피자마루_피자_하와이안쉬림프피자바이트,223,22.76,11.76,9.49,2.2,999,6.92
4038,파파존스_피자_하와이안 치즈롤 (P),241,24.59,11.79,10.25,2.38,100,4.34
4039,파파존스_피자_하와이안 크루아상,278,28.37,10.28,11.83,2.75,100,4.56
4040,파스쿠찌_피자_하와이안 포카챠,189,19.29,8.64,8.04,1.87,220,1.36
4041,고피자_피자_하와이안 피자,194,19.8,7.87,8.25,1.92,445,6.74
4042,파파존스_피자_하와이안 피자 (F),234,23.88,9.84,9.95,2.31,977,5.74
4043,고피자_피자_하와이안 피자 (L),233,23.78,10.0,9.91,2.3,717,6.67
4044,프레드피자_피자_하와이안 피자 (L),252,25.71,13.8,10.72,2.49,794,6.44
4045,난타5000피자_피자_하와이안 피자 (L),297,34.36,17.08,10.16,2.93,580,4.83
4046,네오피자_피자_하와이안 피자 (L),254,25.92,14.22,10.8,2.51,776,12.52
4047,오르새피자_피자_하와이안 피자 (L),244,24.9,12.0,10.38,2.41,750,5.33
4048,파파존스_피자_하와이안 피자 (L),233,23.78,9.89,9.91,2.3,726,6.04
4049,피자알볼로_피자_하와이안 피자 (L),250,25.51,10.26,10.63,2.47,940,5.55
4050,피자헤븐_피자_하와이안 피자 (L),271,27.65,17.24,11.53,2.68,924,5.17
4051,피자애_피자_하와이안 피자 (L),305,31.12,6.41,12.97,3.01,831,5.73
4052,파파존스_피자_하와이안 피자 (P),234,23.88,9.68,9.95,2.31,1242,6.45
4053,파파존스_피자_하와이안 피자 (R),233,23.78,9.7,9.91,2.3,401,5.97
4054,피자알볼로_피자_하와이안 피자 (R),246,25.1,9.86,10.46,2.43,565,5.46
4055,난타5000피자_피자_하와이안 피자 (XL),243,24.8,9.84,10.34,2.4,1160,1.55
4056,파파존스_피자_하와이안 피자 골드링 (F),247,25.2,11.36,10.51,2.44,100,9.47
4057,빽보이피자_피자_필라치즈불고기 피자 (R),263,29.74,15.39,11.19,2.6,609,6.32
4058,업텐브로피자_피자_하나둘셋치즈 피자 (L),323,32.96,21.0,13.74,3.19,982,4.0
4059,비스트로피자_피자_하바네로쉬림프피자오리지널,240,24.49,12.04,10.21,2.37,650,5.56
4060,피자는치즈빨_피자_하와이간안다다씨 피자 (L),255,26.02,14.71,10.85,2.52,816,5.88
4061,피자는치즈빨_피자_하와이간안다다씨 피자 (M),255,26.02,14.58,10.85,2.52,576,6.25
4062,파파존스_피자_하와이안 (F),233,23.78,9.83,9.91,2.3,100,5.73
4063,파파존스_피자_하와이안 (L),234,23.88,9.91,9.95,2.31,726,6.06
4064,파파존스_피자_하와이안 (P),234,23.88,9.66,9.95,2.31,100,6.44
4065,파파존스_피자_하와이안 (R),233,23.78,9.7,9.91,2.3,401,5.97
4066,파파존스_피자_하와이안 골드링 (F),247,25.2,11.36,10.51,2.44,100,9.47
4067,파파존스_피자_하와이안 골드링 (L),248,25.31,11.32,10.55,2.45,100,9.43
4068,파파존스_피자_하와이안 골드링 (P),248,25.31,11.67,10.55,2.45,100,9.33
4069,파파존스_피자_하와이안 골드링 씬,259,26.43,10.22,11.02,2.56,100,6.39
4070,파파존스_피자_하와이안 스파이시 갈릭 치즈롤 (F),247,25.2,11.56,10.51,2.44,100,5.14
4071,파파존스_피자_하와이안 스파이시 갈릭 치즈롤 (L),247,25.2,11.82,10.51,2.44,100,5.07
4072,파파존스_피자_하와이안 스파이시 갈릭 치즈롤 (P),246,25.1,11.55,10.46,2.43,100,5.13
4073,파파존스_피자_하와이안 씬,260,26.53,10.82,11.06,2.57,100,2.5
4074,파파존스_피자_하와이안 치즈롤 (F),241,24.59,11.25,10.25,2.38,100,4.38
4075,파파존스_피자_하와이안 치즈롤 (L),241,24.59,11.64,10.25,2.38,100,4.16
4076,파파존스_피자_프리미엄 직화불고기 피자 골드링씬 (F),301,30.71,12.35,12.8,2.97,100,6.54
4077,파파존스_피자_프리미엄 직화불고기 피자 씬 (F),304,31.02,13.23,12.93,3.0,100,1.89
4078,파파존스_피자_프리미엄 직화불고기 피자 오리지널 (F),272,27.76,12.09,11.57,2.69,100,5.58
4079,파파존스_피자_프리미엄 직화불고기 피자 오리지널 (L),272,27.76,11.89,11.57,2.69,639,5.63
4080,파파존스_피자_프리미엄 직화불고기 피자 오리지널 (P),272,27.76,11.89,11.57,2.69,100,5.49
4081,파파존스_피자_프리미엄 직화불고기 피자 치즈롤 (F),281,28.67,13.48,11.95,2.78,100,4.26
4082,파파존스_피자_프리미엄 직화불고기 피자 치즈롤 (L),281,28.67,13.22,11.95,2.78,100,3.78
4083,파파존스_피자_프리미엄 직화불고기 피자 치즈롤 (P),281,28.67,13.39,11.95,2.78,100,4.23
4084,난타5000피자_피자_프리미엄불고기 피자 (L),307,38.11,14.33,10.76,3.03,492,3.91
4085,난타5000피자_피자_프리미엄불고기 피자 (XL),260,26.53,13.41,11.06,2.57,984,3.05
4086,피자스쿨_피자_프리미엄스테이크피자,233,23.78,11.42,9.91,2.3,788,4.57
4087,파파존스_피자_프리미엄직화불고기 (F),263,26.84,11.43,11.19,2.6,100,4.48
4088,파파존스_피자_프리미엄직화불고기 피자 (F),270,27.55,12.04,11.48,2.67,860,5.56
4089,파파존스_피자_프리미엄직화불고기 피자 (L),272,27.76,11.88,11.57,2.69,639,5.63
4090,파파존스_피자_프리미엄직화불고기 피자 (P),272,27.76,11.93,11.57,2.69,1093,5.5
4091,네오피자_피자_프리미엄포테이토 피자 (L),242,24.69,12.6,10.29,2.39,824,5.93
4092,도미노피자_피자_필라델피아 치즈스테이크 오리지널(L),287,29.29,14.67,12.21,2.84,960,3.33
4093,빽보이피자_피자_필라치즈불고기 피자 (L),263,29.74,15.39,11.19,2.6,922,6.26
4094,프레드피자_피자_프렌치밤 피자 (L),322,32.86,14.22,13.7,3.18,1063,6.79
4095,파파존스_피자_프리미엄 직화불고기 (L),263,26.84,11.43,11.19,2.6,677,4.48
4096,파파존스_피자_프리미엄 직화불고기 (P),263,26.84,11.43,11.19,2.6,100,4.48
4097,파파존스_피자_프리미엄 직화불고기 골드링 (F),279,28.47,13.12,11.87,2.76,100,6.8
4098,파파존스_피자_프리미엄 직화불고기 골드링 (L),279,28.47,13.12,11.87,2.76,100,6.8
4099,파파존스_피자_프리미엄 직화불고기 골드링 (P),279,28.47,13.12,11.87,2.76,100,6.8
4100,파파존스_피자_프리미엄 직화불고기 골드링 씬,291,29.69,11.99,12.38,2.88,100,4.87
4101,파파존스_피자_프리미엄 직화불고기 스파이시 갈릭 치즈롤 (F),277,28.27,13.28,11.78,2.74,100,3.75
4102,파파존스_피자_프리미엄 직화불고기 스파이시 갈릭 치즈롤 (L),277,28.27,13.28,11.78,2.74,100,3.75
4103,파파존스_피자_프리미엄 직화불고기 스파이시 갈릭 치즈롤 (P),277,28.27,13.28,11.78,2.74,100,3.75
4104,파파존스_피자_프리미엄 직화불고기 씬,293,29.9,12.66,12.46,2.9,100,1.6
4105,파파존스_피자_프리미엄 직화불고기 치즈롤 (F),271,27.65,13.12,11.53,2.68,100,3.23
4106,파파존스_피자_프리미엄 직화불고기 치즈롤 (L),271,27.65,13.12,11.53,2.68,100,3.23
4107,파파존스_피자_프리미엄 직화불고기 치즈롤 (P),271,27.65,13.12,11.53,2.68,100,3.23
4108,파파존스_피자_프리미엄 직화불고기 크루아상,313,31.94,11.69,13.31,3.09,100,3.35
4109,파파존스_피자_프리미엄 직화불고기 피자 골드링 (F),288,29.39,13.63,12.25,2.85,100,8.61
4110,파파존스_피자_프리미엄 직화불고기 피자 골드링 (L),289,29.49,13.4,12.29,2.86,100,8.57
4111,파파존스_피자_프리미엄 직화불고기 피자 골드링 (P),288,29.39,13.26,12.25,2.85,100,8.62
4112,피자는치즈빨_피자_폭탄페퍼로니 피자 (M),308,31.43,16.44,13.1,3.04,438,4.11
4113,피제이피자_피자_폴드포크 피자 (L),257,26.22,12.71,10.93,2.54,954,5.2
4114,반올림피자_피자_폴드포크 피자 (L),244,24.9,11.24,10.38,2.41,100,7.23
4115,피자플래넷_피자_폴드포크BBQ 피자 (L),226,23.06,4.85,9.61,2.23,885,4.05
4116,피굽남피자_피자_퐁듀골드포테이토 피자 (L),300,30.61,12.45,12.76,2.96,1113,2.72
4117,피자에땅_피자_퐁듀눈꽃치즈 피자 (L),248,25.31,8.75,10.55,2.45,1279,6.88
4118,피자에땅_피자_퐁듀불금 피자 (L),263,26.84,13.95,11.19,2.6,1028,5.43
4119,피자헛_피자_푸팟퐁커리 피자,296,30.2,12.46,12.59,2.92,457,5.44
4120,피자헛_피자_푸팟퐁커리 피자 (L),280,28.57,9.4,11.91,2.77,930,3.62
4121,피자헛_피자_푸팟퐁커리 피자 마니아 에어도우 (L),259,26.43,9.91,11.02,2.56,891,4.32
4122,피자헛_피자_푸팟퐁커리 피자 마니아 파마산엣지 (L),261,26.63,10.44,11.1,2.58,914,4.21
4123,킹스타피자_피자_풀드포크 피자 (L),214,21.84,11.61,9.1,2.11,1065,4.62
4124,킹스타피자_피자_풀드포크 피자 (M),205,20.92,11.33,8.72,2.03,820,5.28
4125,파파존스_피자_풀드포크바베큐 피자 (F),262,26.73,12.32,11.14,2.59,1103,5.07
4126,파파존스_피자_풀드포크바베큐 피자 (L),260,26.53,12.62,11.06,2.57,820,4.85
4127,파파존스_피자_풀드포크바베큐 피자 (P),262,26.73,12.14,11.14,2.59,1403,5.0
4128,피자플래넷_피자_풀소유 피자 (L),270,27.55,5.22,11.48,2.67,1213,5.19
4129,피자헤븐_피자_프랑크필레 피자 (L),259,26.43,11.26,11.02,2.56,1206,3.31
4130,프레드피자_피자_프레드 피자 (L),246,25.1,13.47,10.46,2.43,1001,4.28
4131,맘스피자_피자_포테이토피자 (L),240,24.49,12.34,10.21,2.37,883,0.63
4132,맘스피자_피자_포테이토피자 (M),249,25.41,9.83,10.59,2.46,622,0.53
4133,피자알볼로_피자_포테이토피자 (R),225,22.96,9.97,9.57,2.22,570,2.3
4134,피자알볼로_피자_포테이토피자 (XL),224,22.86,10.02,9.53,2.21,1185,1.81
4135,맘스피자_피자_포테이토피자 리치골드크러스트 (L),246,25.1,12.57,10.46,2.43,1083,0.81
4136,맘스피자_피자_포테이토피자 리치골드크러스트 (M),253,25.82,10.36,10.76,2.5,722,0.68
4137,맘스피자_피자_포테이토피자 치즈크러스트 (L),244,24.9,12.47,10.38,2.41,983,0.63
4138,맘스피자_피자_포테이토피자 치즈크러스트 (M),253,25.82,10.25,10.76,2.5,697,0.54
4139,피자마루_피자_포테이토피자바이트,256,26.12,12.0,10.89,2.53,940,4.04
4140,도미노피자_피자_포테이토피자씬(L),260,26.53,12.0,11.06,2.57,810,2.0
4141,도미노피자_피자_포테이토피자씬(M),277,28.27,13.33,11.78,2.74,350,2.0
4142,도미노피자_피자_포테이토피자오리지널(M),253,25.82,10.67,10.76,2.5,599,2.0
4143,지정환피자_피자_포테이토흑미스크린(L),217,22.14,10.13,9.23,2.14,100,2.61
4144,지정환피자_피자_포테이토흑미스크린(R),211,21.53,9.34,8.98,2.08,498,2.38
4145,지정환피자_피자_포테이토흑미치즈크러스트(L),212,21.63,10.63,9.02,2.09,100,2.59
4146,지정환피자_피자_포테이토흑미치즈크러스트(R),205,20.92,10.08,8.72,2.03,100,2.37
4147,반올림피자_피자_포텐 피자 (L),246,25.1,11.64,10.46,2.43,1170,5.81
4148,피자는치즈빨_피자_폭탄페퍼로니 피자 (L),311,31.73,16.22,13.23,3.07,888,3.6
4149,도미노피자_피자_이탈리아 마르게리따 피자 슈퍼시드 화이버 버스트 오리지널 (L),301,29.36,12.77,10.72,2.97,1086,3.82
4150,네오피자_피자_포테이토베이컨 피자,242,24.69,12.6,10.29,2.39,824,5.93
4151,선명희피자_피자_포테이토베이컨골드 피자,253,24.16,12.36,10.76,2.5,1422,5.06
4152,지정환피자_피자_포테이토씬(L),225,22.96,10.17,9.57,2.22,729,0.8
4153,지정환피자_피자_포테이토씬(R),224,22.86,9.23,9.53,2.21,100,0.7
4154,도미노피자_피자_포테이토오리지널(L),247,25.2,11.33,10.51,2.44,1112,2.0
4155,지정환피자_피자_포테이토체다크림크러스트(L),225,22.96,10.09,9.57,2.22,1094,3.24
4156,지정환피자_피자_포테이토체다크림크러스트(R),225,22.96,9.47,9.57,2.22,100,3.28
4157,지정환피자_피자_포테이토치즈크러스트(L),221,22.55,10.88,9.4,2.18,1089,1.42
4158,지정환피자_피자_포테이토치즈크러스트(R),219,22.35,10.39,9.32,2.16,100,1.39
4159,지정환피자_피자_포테이토팬(L),226,23.06,10.44,9.61,2.23,994,1.33
4160,지정환피자_피자_포테이토팬(R),225,22.96,9.78,9.57,2.22,100,1.28
4161,왕손피자_피자_포테이토펍스 피자 (L),251,25.61,9.83,10.68,2.48,1188,2.09
4162,피자알볼로_피자_포테이토피자,227,23.16,9.69,9.66,2.24,485,1.72
4163,피자스쿨_피자_포테이토피자,252,25.71,10.89,10.72,2.49,735,3.3
4164,피자마루_피자_포테이토피자,261,26.63,12.58,11.1,2.58,775,3.04
4165,선명희피자_피자_포테이토피자,225,22.96,12.86,9.57,2.22,1120,4.29
4166,피자_포테이토피자,251,28.64,11.2,10.2,2.7,250,3.4
4167,피자알볼로_피자_포테이토피자 (L),225,22.96,9.99,9.57,2.22,960,2.02
4168,피자마루_피자_포테이토 피자바이트 (L),256,26.12,12.0,10.89,2.53,940,4.04
4169,봉수아피자_피자_포테이토(R),163,16.63,14.48,6.93,1.61,755,1.84
4170,봉수아피자_피자_포테이토(XL),216,22.04,19.16,9.19,2.13,1144,2.38
4171,지정환피자_피자_포테이토고구마크러스트(L),223,22.76,9.63,9.49,2.2,1089,2.76
4172,지정환피자_피자_포테이토고구마크러스트(R),222,22.65,8.99,9.44,2.19,100,2.77
4173,네오피자_피자_포테이토골드 피자 (L),259,26.43,13.61,11.02,2.56,1048,7.0
4174,임실N치즈피자_피자_포테이토골드 피자 석쇠 (F),254,25.92,13.57,10.8,2.51,1474,5.08
4175,임실N치즈피자_피자_포테이토골드 피자 석쇠 (L),256,26.12,14.19,10.89,2.53,966,4.22
4176,임실N치즈피자_피자_포테이토골드 피자 석쇠 (R),252,25.71,12.75,10.72,2.49,514,4.56
4177,도미노피자_피자_포테이토나폴리(L),253,25.82,10.0,10.76,2.5,885,1.33
4178,지정환피자_피자_포테이토밀스크린(L),229,23.37,10.29,9.74,2.26,100,1.13
4179,지정환피자_피자_포테이토밀스크린(R),222,22.65,9.51,9.44,2.19,100,1.0
4180,지정환피자_피자_포테이토밀스크린치즈크러스트(L),223,22.76,10.76,9.49,2.2,100,1.24
4181,지정환피자_피자_포테이토밀스크린치즈크러스트(R),216,22.04,10.22,9.19,2.13,100,1.15
4182,지정환피자_피자_포테이토백미스크린(L),223,22.76,10.2,9.49,2.2,100,3.67
4183,지정환피자_피자_포테이토백미스크린(R),216,22.04,9.4,9.19,2.13,100,3.37
4184,지정환피자_피자_포테이토백미치즈크러스트(L),217,22.14,10.69,9.23,2.14,100,3.54
4185,지정환피자_피자_포테이토백미치즈크러스트(R),210,21.43,10.14,8.93,2.08,100,3.24
4186,7번가피자_피자_포테이토 피자 치즈링 (R),276,28.16,14.29,11.74,2.73,531,3.76
4187,도미노피자_피자_포테이토 피자 치즈버스트 나폴리 (L),249,25.41,11.0,14.3,2.46,1179,2.69
4188,도미노피자_피자_포테이토 피자 치즈버스트 오리지널 (L),232,20.87,10.09,12.05,2.29,1376,3.29
4189,미스터피자_피자_포테이토 피자 치즈캡 (L),253,25.82,12.04,10.76,2.5,1082,3.7
4190,미스터피자_피자_포테이토 피자 치즈캡 (M),238,24.29,12.45,10.12,2.35,100,3.13
4191,미스터피자_피자_포테이토 피자 치즈캡 (R),244,24.9,12.28,10.38,2.41,685,2.34
4192,지정환피자_피자_포테이토 피자 치즈크러스트 (L),220,22.45,11.03,9.36,2.17,1088,1.47
4193,지정환피자_피자_포테이토 피자 치즈크러스트 (R),219,22.35,10.38,9.32,2.16,636,0.94
4194,미스터피자_피자_포테이토 피자 크림치즈 (L),237,24.18,9.91,10.08,2.34,100,4.77
4195,미스터피자_피자_포테이토 피자 크림치즈 (M),235,23.98,10.43,10.0,2.32,100,3.85
4196,미스터피자_피자_포테이토 피자 크림치즈 (R),235,23.98,9.24,10.0,2.32,735,5.43
4197,도미노피자_피자_포테이토 피자 트리플치즈버스트 엣지 (L),234,23.88,10.98,9.95,2.31,1387,4.62
4198,지정환피자_피자_포테이토 피자 팬 (L),227,23.16,10.48,9.66,2.24,992,1.61
4199,지정환피자_피자_포테이토 피자 팬 (R),225,22.96,9.47,9.57,2.22,570,1.05
4200,지정환피자_피자_포테이토 피자 흑미스크린 (L),216,22.04,10.26,9.19,2.13,936,2.56
4201,지정환피자_피자_포테이토 피자 흑미스크린 (R),211,21.53,9.64,8.98,2.08,498,2.41
4202,지정환피자_피자_포테이토 피자 흑미스크린치즈크러스트 (L),213,21.73,10.94,9.06,2.1,1024,2.34
4203,지정환피자_피자_포테이토 피자 흑미스크린치즈크러스트 (R),205,20.92,9.57,8.72,2.03,564,2.13
4204,도미노피자_피자_포테이토 피자 슈화 더블 치즈 페퍼로니 엣지 (L),266,23.28,11.79,11.35,2.63,1337,2.52
4205,도미노피자_피자_포테이토 피자 슈화 더블 치즈 페퍼로니 엣지 (M),282,23.39,12.29,12.18,2.79,762,2.07
4206,지정환피자_피자_포테이토 피자 씬 (L),225,22.96,9.89,9.57,2.22,728,1.1
4207,도미노피자_피자_포테이토 피자 씬 (L),241,24.59,9.56,14.62,2.38,843,2.0
4208,도미노피자_피자_포테이토 피자 씬 (M),254,25.92,9.85,15.28,2.51,411,2.0
4209,지정환피자_피자_포테이토 피자 씬 (R),225,22.96,8.82,9.57,2.22,408,1.47
4210,7번가피자_피자_포테이토 피자 씬바샤삭 (L),347,35.41,15.79,14.76,3.43,531,3.76
4211,7번가피자_피자_포테이토 피자 씬바샤삭 (R),327,33.37,12.75,13.91,3.23,396,3.36
4212,미스터피자_피자_포테이토 피자 에그타르트 (L),228,23.27,11.42,9.7,2.25,100,5.17
4213,미스터피자_피자_포테이토 피자 에그타르트 (R),241,24.59,9.04,10.25,2.38,707,7.34
4214,도미노피자_피자_포테이토 피자 오리지널 (L),222,26.51,9.14,8.79,2.19,1142,2.1
4215,도미노피자_피자_포테이토 피자 오리지널 (M),239,28.48,9.96,9.42,2.36,631,2.0
4216,미스터피자_피자_포테이토 피자 오리진 (L),249,25.41,10.42,10.59,2.46,959,4.17
4217,미스터피자_피자_포테이토 피자 오리진 (M),234,23.88,11.04,9.95,2.31,738,3.53
4218,미스터피자_피자_포테이토 피자 오리진 (R),240,24.49,10.88,10.21,2.37,589,2.72
4219,지정환피자_피자_포테이토 피자 체다크림크러스트 (L),225,22.96,10.22,9.57,2.22,1096,2.92
4220,지정환피자_피자_포테이토 피자 체다크림크러스트 (R),225,22.96,9.52,9.57,2.22,630,2.86
4221,7번가피자_피자_포테이토 피자 치즈링 (L),278,28.37,13.46,11.83,2.75,830,3.85
4222,무조림,48,8.69,2.6,0.74,2.0,100,2.42
4223,무지개떡,229,53.01,3.53,0.31,0.2,100,8.99
4224,무짠지,11,1.98,0.54,0.12,2.6,50,1.58
4225,무청나물,80,6.04,2.8,5.44,3.2,100,0.32
4226,무초절임(치킨무),17,3.05,0.52,0.3,1.5,130,1.75
4227,묵국_메밀묵,22,3.57,1.0,0.4,0.8,400,0.28
4228,묵말이_도토리묵,36,6.9,0.52,0.65,1.1,1300,0.48
4229,묵무침_도토리묵,46,10.38,0.29,0.32,0.9,100,0.43
4230,묵무침_청포묵,60,9.08,1.16,2.08,1.6,250,0.72
4231,묵밥,70,12.99,2.6,0.74,1.1,100,0.43
4232,문어무침,63,4.91,7.2,1.95,1.4,100,1.6
4233,무생채,32,6.38,0.9,0.63,1.7,100,3.48
4234,무생채(무만),30,5.77,1.03,0.56,1.8,100,2.57
4235,무생채_굴,40,6.17,2.8,0.7,1.1,100,3.1
4236,무생채_미나리,46,8.53,1.4,1.12,2.5,100,4.2
4237,무생채_미역,34,7.57,1.2,0.48,1.7,100,4.45
4238,무생채_식초,42,8.18,1.18,0.84,2.1,100,4.49
4239,무생채_액젓,42,8.18,1.2,0.84,2.1,100,4.48
4240,무숙장아찌,93,4.78,3.7,6.44,1.0,100,2.36
4241,무장아찌,116,14.25,2.5,5.97,2.4,100,7.44
4242,무나물,36,3.77,0.7,2.13,1.0,100,1.44
4243,무나물무침,21,3.64,0.62,0.46,1.6,50,3.3
4244,무말랭이무침,88,16.82,3.3,1.2,5.8,100,5.28
4245,무말랭이무침_오징어,150,21.13,10.0,2.98,6.6,100,6.5
4246,무말랭이장아찌,117,18.34,4.1,3.23,6.8,100,6.61
4247,무밥,177,36.68,3.7,1.06,1.3,100,0.79
4248,무국_소고기,39,1.95,2.6,2.19,0.4,100,0.51
4249,무국_소고기_느타리,32,1.85,1.7,2.11,0.7,100,0.73
4250,무국_소고기_당면,45,5.36,1.9,1.78,0.2,100,0.16
4251,무국_소고기_두부,27,0.92,2.0,1.58,0.3,100,0.33
4252,무국_소고기_콩나물,36,2.16,2.9,1.83,0.8,100,0.72
4253,무국_어묵,21,2.53,1.9,0.39,0.2,100,0.67
4254,무국_홍합,25,0.86,0.79,2.03,0.8,350,0.24
4255,무국물,3,0.55,0.16,0.0,0.0,100,0.36
4256,무 된장국,19,2.14,1.6,0.42,0.8,100,0.72
4257,무 북어국,27,1.05,4.1,0.7,0.3,100,0.38
4258,무 어묵조림,109,14.58,6.3,3.06,0.6,100,4.13
4259,무 파래무침,23,4.86,1.1,0.38,1.2,100,2.62
4260,무국,7,1.28,0.26,0.17,0.4,100,0.39
4261,무국_들깨,14,1.37,0.6,0.76,0.6,100,0.33
4262,모듬버섯볶음,69,6.82,3.0,4.56,2.6,100,2.0
4263,모듬찰떡,218,42.27,6.78,2.44,3.8,100,2.98
4264,모듬채소전,154,21.32,3.4,5.65,1.6,100,1.21
4265,모듬채소전골,20,2.1,1.8,0.6,0.9,100,0.61
4266,모듬회,133,5.15,22.5,2.31,0.3,100,2.44
4267,모밀국수,154,31.06,6.0,0.51,2.2,100,2.35
4268,모싯잎송편_동부,190,40.29,5.65,0.66,4.0,100,3.18
4269,모싯잎송편_동부(국내산),190,40.68,5.28,0.65,4.2,100,1.59
4270,모싯잎송편_동부(수입산),190,39.9,6.03,0.67,3.9,100,3.18
4271,모카빵,339,57.96,8.55,8.05,3.6,150,12.53
4272,몸국,22,1.54,2.9,0.65,1.0,100,0.4
4273,뚜레쥬르_모닝빵_연유퐁당밀크브레드(소),408,52.85,6.15,17.94,4.03,130,18.46
4274,파리바게뜨_모닝빵_우유 듬뿍 연유 브레드,396,51.3,6.79,17.41,3.91,280,14.64
4275,파리바게뜨_모닝빵_우유듬뿍연유브레드,396,57.75,6.95,14.44,3.91,187,14.64
4276,파리바게뜨_모닝빵_우유듬뿍연유브레드 (대),396,57.5,6.79,14.64,3.91,280,14.64
4277,파리바게뜨_모닝빵_진한초코브레드,383,49.61,7.3,16.84,3.78,137,19.71
4278,파리바게뜨_모닝빵_초코아몬드브레드,372,48.84,8.53,14.73,3.67,129,19.38
4279,뚜레쥬르_모닝빵_폭신폭신우유 브레드,291,37.69,8.82,12.79,2.87,170,9.41
4280,뚜레쥬르_모닝빵_폭신폭신우유브레드,297,38.47,9.41,13.06,2.93,170,9.41
4281,뚜레쥬르_모닝빵_한겹한겹촉촉한밀크 브레드,348,45.08,7.81,15.3,3.44,128,19.53
4282,파리바게뜨_모닝빵_혼자서도즐기는연유브레드,391,50.65,7.03,17.19,3.86,128,14.84
4283,모듬 김밥,113,17.49,4.2,2.75,1.3,100,0.7
4284,모듬 초밥,188,28.9,9.8,2.93,0.4,100,2.3
4285,모듬 콩조림,181,15.38,11.1,9.11,5.5,100,3.85
4286,모듬배추나물_된장,33,4.32,1.7,1.26,2.2,100,1.68
4287,명란찜,61,3.1,7.1,2.24,0.6,100,1.28
4288,명태 매운탕,49,3.15,7.1,1.03,1.5,100,0.79
4289,모닝빵,314,52.17,9.5,7.43,2.4,70,7.97
4290,롤링핀_모닝빵_굿모닝브리오슈,345,44.69,9.1,15.17,3.41,180,7.2
4291,따삐오_모닝빵_바로만든모닝빵 (10입),329,42.62,10.0,14.46,3.25,270,8.0
4292,파리바게뜨_모닝빵_부드러운연유브레드,390,50.52,7.0,17.15,3.85,320,14.0
4293,뚜레쥬르_모닝빵_순수한맛순우유롤 (봉),323,41.84,9.24,14.2,3.19,184,7.61
4294,뚜레쥬르_모닝빵_순수한맛순우유롤(봉),343,44.43,9.66,15.08,3.39,207,7.61
4295,파리바게뜨_모닝빵_스위트밀크롤 (1개입),386,50.0,9.09,17.27,3.81,22,13.64
4296,파리바게뜨_모닝빵_스위트밀크롤 (2개입),386,50.0,9.09,18.18,3.81,44,13.64
4297,파리바게뜨_모닝빵_스위트밀크롤 (3개입),386,50.0,9.09,16.67,3.81,66,12.12
4298,파리바게뜨_모닝빵_스위트밀크롤 (4개입),381,48.86,9.09,17.05,3.76,88,12.5
4299,파리바게뜨_모닝빵_스위트밀크롤 (5개입),382,49.09,9.09,17.27,3.77,110,12.73
4300,파리바게뜨_모닝빵_스위트밀크롤 (6개입),383,49.24,8.33,17.42,3.78,132,12.88
4301,뚜레쥬르_모닝빵_슬로우오트모닝롤,288,37.31,7.35,12.66,2.84,177,9.61
4302,따삐오_모닝빵_야채모닝롤 (8입),366,47.41,11.0,16.09,3.61,240,7.0
4303,뚜레쥬르_모닝빵_연유퐁당밀크 브레드 (소),436,56.48,7.2,19.17,4.31,125,18.46
4304,뚜레쥬르_모닝빵_연유퐁당밀크브레드(대),409,52.98,6.56,17.98,4.04,259,18.92
4305,멸치볶음_견과류,171,7.46,13.0,10.39,1.1,100,2.29
4306,멸치볶음_꽈리고추,79,5.59,8.03,2.74,1.0,100,1.46
4307,멸치볶음_마늘쫑,277,12.42,32.4,10.84,8.7,50,4.26
4308,멸치볶음_풋고추,190,13.3,20.62,6.0,4.8,50,9.02
4309,멸치젓_양념,90,7.4,11.4,1.6,2.6,5,0.6
4310,멸치조림,150,6.5,15.0,6.69,0.1,100,3.19
4311,명란젓_양념,147,3.98,17.96,6.54,1.1,100,0.0
4312,명란찌개,27,2.74,3.1,0.58,0.7,100,0.84
4313,메추리알장조림,151,8.89,11.3,6.79,0.4,100,2.55
4314,메추리알장조림_꽈리고추,96,5.61,6.6,4.94,0.4,100,1.08
4315,멕시컨샐러드,93,3.2,4.6,7.07,0.8,100,1.74
4316,멘보샤,289,13.22,10.52,21.6,2.1,100,1.0
4317,호식이두마리치킨_멘보샤_텃만꿍멘보샤 (4개),228,22.7,8.3,12.54,0.91,100,1.7
4318,비비큐_멘보샤_통새우 멘보샤 (5개),284,15.11,8.65,15.62,1.13,100,5.19
4319,멸치 미역국,9,0.71,1.1,0.38,0.4,100,0.0
4320,멸치볶음,114,5.15,14.9,3.41,0.2,100,1.71
4321,멸치볶음(멸치만),114,5.15,14.9,3.41,0.2,100,1.72
4322,피자마루_피자_점보포테이토피자,233,23.78,11.17,9.91,2.3,1656,5.87
4323,피자에땅_피자_치즈 피자 (L),312,31.84,11.92,13.27,3.08,770,4.66
4324,피자애_피자_치즈 피자 (L),366,37.35,7.16,15.57,3.62,595,4.05
4325,피자알볼로_피자_치즈 피자 (L),273,27.86,17.19,11.61,2.7,765,3.24
4326,반올림피자_피자_치즈 피자 (L),273,27.86,13.07,11.61,2.7,100,5.03
4327,프레드피자_피자_치즈 피자 (L),289,29.49,17.29,12.29,2.86,680,3.89
4328,킹스타피자_피자_치즈 피자 (M),269,27.45,14.99,11.44,2.66,455,4.24
4329,비토랩_피자_치즈 피자 (R),287,29.29,16.67,12.21,2.84,540,3.78
4330,피자알볼로_피자_치즈 피자 (R),278,28.37,16.67,11.83,2.75,435,3.16
4331,봉수아피자_피자_치즈 피자 (XL),272,27.76,14.91,11.57,2.69,910,3.51
4332,난타5000피자_피자_치즈 피자 (XL),321,32.76,12.86,13.65,3.17,840,3.57
4333,7번가피자_피자_치즈 피자 골드스윗 (L),300,30.61,13.86,12.76,2.96,810,4.95
4334,7번가피자_피자_치즈 피자 골드스윗 (R),296,30.2,13.6,12.59,2.92,500,5.6
4335,도미노피자_피자_치즈 피자 나폴리 (L),262,29.72,12.59,10.34,2.59,556,3.53
4336,도미노피자_피자_치즈 피자 나폴리 (M),272,31.13,13.3,10.47,2.69,322,3.1
4337,도미노피자_피자_치즈 피자 더블치즈 엣지 (L),267,28.21,13.09,10.94,2.64,962,2.8
4338,도미노피자_피자_치즈 피자 더블치즈 엣지 (M),264,28.52,13.24,11.19,2.61,588,3.13
4339,도미노피자_피자_치즈 피자 더블치즈 엣지 오리지널 (L),249,25.41,12.4,10.59,2.46,970,4.13
4340,도미노피자_피자_치즈 피자 더블치즈 페퍼로니 엣지 (L),272,26.55,13.6,10.11,2.69,1002,2.69
4341,피자헛_피자_치즈 러버치즈크러스트 골드 (L),280,28.57,13.96,11.91,2.77,893,1.89
4342,피자헛_피자_치즈 러버치즈크러스트 골드 (M),288,29.39,14.97,12.25,2.85,556,1.84
4343,피자헛_피자_치즈 러버팬 (L),311,31.73,11.85,13.23,3.07,737,2.72
4344,고피자_피자_치즈 마니아 피자,307,31.33,12.83,13.06,3.03,290,8.83
4345,피자헛_피자_치즈 페페로니크래프티드 플래츠 (P),305,31.12,13.84,12.97,3.01,277,3.12
4346,또래오래_피자_치즈 피자,181,18.47,6.0,7.7,1.79,100,2.56
4347,피자스쿨_피자_치즈 피자,301,36.53,15.53,10.5,2.97,585,3.42
4348,따삐오_피자_치즈 피자,268,27.35,15.0,11.4,2.65,864,4.0
4349,자담치킨_피자_치즈 피자 (12인치),247,25.2,11.33,10.51,2.44,100,4.67
4350,자담치킨_피자_치즈 피자 (7인치),247,25.2,12.94,10.51,2.44,170,2.94
4351,킹스타피자_피자_치즈 피자 (L),266,27.14,15.98,11.31,2.63,595,4.86
4352,피자나라치킨공주_피자_치즈 피자 (L),268,27.35,13.33,11.4,2.65,632,2.67
4353,왕손피자_피자_치즈 피자 (L),279,28.47,16.19,11.87,2.76,815,3.73
4354,오르새피자_피자_치즈 피자 (L),265,27.04,17.46,11.27,2.62,630,3.17
4355,오구쌀피자_피자_치즈 피자 (L),257,26.22,14.01,10.93,2.54,626,5.73
4356,비토랩_피자_치즈 피자 (L),287,29.29,17.12,12.21,2.84,890,3.69
4357,네오피자_피자_치즈 피자 (L),288,29.39,17.76,12.25,2.85,624,6.36
4358,난타5000피자_피자_치즈 피자 (L),317,43.72,14.02,9.56,3.13,420,3.49
4359,피제이피자_피자_치즈 피자 (L),286,30.4,17.33,9.27,2.83,845,5.5
4360,지정환피자_피자_치왕밀스크린고구마크러스트,250,25.51,11.61,10.63,2.47,100,5.2
4361,지정환피자_피자_치왕밀스크린체다크러스트,252,25.71,12.0,10.72,2.49,100,5.61
4362,지정환피자_피자_치왕밀스크린치즈크러스트,248,25.31,12.69,10.55,2.45,100,4.05
4363,지정환피자_피자_치왕체다크림크러스트,249,25.41,12.07,10.59,2.46,1305,5.64
4364,지정환피자_피자_치왕치즈크러스트,245,25.0,12.74,10.42,2.42,1300,4.12
4365,피자에땅_피자_치즈 (L),268,27.35,13.83,11.4,2.65,750,7.45
4366,피자헛_피자_치즈 러버 피자 씬 (L),338,34.49,16.57,14.38,3.34,422,3.71
4367,피자헛_피자_치즈 러버 피자 오리지널 (L),286,29.18,13.97,12.17,2.83,698,3.1
4368,피자헛_피자_치즈 러버 피자 오리지널 (M),301,30.71,15.33,12.8,2.97,406,2.81
4369,피자헛_피자_치즈 러버 피자 오리지널 파마산 치즈 (L),291,29.69,14.61,12.38,2.88,720,3.0
4370,피자헛_피자_치즈 러버 피자 오리지널 파마산 치즈 (M),308,31.43,16.04,13.1,3.04,419,2.73
4371,피자헛_피자_치즈 러버 피자 팬 (L),316,32.24,12.55,13.44,3.12,753,2.98
4372,피자헛_피자_치즈 러버리치골드 (L),273,27.86,12.36,11.61,2.7,1020,3.7
4373,피자헛_피자_치즈 러버리치골드 (M),281,28.67,13.06,11.95,2.78,653,4.07
4374,피자헛_피자_치즈 러버씬 (L),331,33.78,15.45,14.08,3.27,407,3.17
4375,피자헛_피자_치즈 러버오리지널 (L),274,27.96,13.23,11.66,2.71,657,2.81
4376,피자헛_피자_치즈 러버오리지널 (M),283,28.88,13.85,12.04,2.8,431,2.45
4377,피자헛_피자_치즈 러버치즈크러스트 (L),275,28.06,13.37,11.7,2.72,861,1.96
4378,피자헛_피자_치즈 러버치즈크러스트 (M),284,28.98,14.53,12.08,2.81,538,1.9
4379,7번가피자_피자_체다파인애플 피자 리코타링 (R),257,26.22,11.18,10.93,2.54,645,7.45
4380,7번가피자_피자_체다파인애플 피자 석쇠 (L),249,25.41,10.68,10.59,2.46,820,7.77
4381,7번가피자_피자_체다파인애플 피자 석쇠 (R),248,25.31,10.64,10.55,2.45,565,7.09
4382,7번가피자_피자_체다파인애플 피자 씬바샤삭 (L),288,29.39,12.8,12.25,2.85,654,7.93
4383,7번가피자_피자_체다파인애플 피자 씬바샤삭 (R),287,29.29,10.08,12.21,2.84,475,7.56
4384,7번가피자_피자_체다파인애플 피자 치즈링 (L),247,25.2,11.86,10.51,2.44,940,6.78
4385,7번가피자_피자_체다파인애플 피자 치즈링 (R),247,25.2,12.05,10.51,2.44,665,6.02
4386,빅스타피자_피자_체다폭탄베이컨체다 피자,291,29.69,15.03,12.38,2.88,1220,0.65
4387,피자는치즈빨_피자_충성콤비네이션 피자 (L),257,26.22,13.76,10.93,2.54,872,4.59
4388,피자는치즈빨_피자_충성콤비네이션 피자 (M),255,26.02,14.15,10.85,2.52,636,3.77
4389,지정환피자_피자_치왕 피자 고구마크러스트 (L),247,25.2,11.66,10.51,2.44,1304,5.52
4390,지정환피자_피자_치왕 피자 밀스크린고구마크러스트 (L),251,25.61,11.39,10.68,2.48,1264,5.06
4391,지정환피자_피자_치왕 피자 밀스크린체다크림크러스트 (L),252,25.71,11.95,10.72,2.49,1272,5.66
4392,지정환피자_피자_치왕 피자 밀스크린치즈크러스트 (L),248,25.31,12.66,10.55,2.45,1264,3.8
4393,지정환피자_피자_치왕 피자 체다크림크러스트 (L),250,25.51,12.27,10.63,2.47,1304,5.52
4394,지정환피자_피자_치왕 피자 치즈크러스트 (L),245,25.0,12.88,10.42,2.42,1304,4.29
4395,지정환피자_피자_치왕고구마크러스트,247,25.2,11.69,10.51,2.44,1300,5.24
4396,도미노피자_피자_치즈 피자 더블치즈 페퍼로니 엣지 (M),268,27.34,13.65,12.12,2.65,608,3.03
4397,뚜레쥬르_치즈빵_후라잉치즈감자볼,336,41.33,3.45,15.27,3.32,58,6.9
4398,치즈스틱,329,24.0,16.0,18.78,2.0,100,2.08
4399,피자마루_피자_체다소세지 피자 바이트 (L),246,25.1,12.8,10.46,2.43,845,5.66
4400,왕손피자_피자_체다스리라차케이준불고기 피자 (L),227,23.16,9.01,9.66,2.24,1270,3.59
4401,왕손피자_피자_체다왕손뚱베이컨 피자 (L),256,26.12,16.0,10.89,2.53,1025,1.87
4402,빅스타피자_피자_체다치즈 피자,298,27.78,16.67,13.49,2.94,1008,3.97
4403,서오릉피자_피자_체다치즈베이컨 (L),250,25.51,12.38,10.63,2.47,771,3.81
4404,서오릉피자_피자_체다치즈베이컨 (R),251,25.61,12.64,10.68,2.48,483,4.6
4405,서오릉피자_피자_체다치즈베이컨 피자 (L),272,27.76,13.69,11.57,2.69,100,4.48
4406,서오릉피자_피자_체다치즈베이컨 피자 (R),270,27.55,13.85,11.48,2.67,483,4.46
4407,피자마루_피자_체다치즈브레드 (1인),291,29.69,10.11,12.38,2.88,219,10.33
4408,빽보이피자_피자_체다콘치즈 피자 (L),256,30.22,11.85,10.89,2.53,734,5.22
4409,빽보이피자_피자_체다콘치즈 피자 (R),252,31.29,11.29,10.72,2.49,561,5.86
4410,난타5000피자_피자_체다콤비네이션 피자 (L),349,32.04,20.76,15.33,3.45,730,3.24
4411,7번가피자_피자_체다파인애플 피자 골드스윗 (L),259,26.43,11.11,11.02,2.56,1010,7.94
4412,7번가피자_피자_체다파인애플 피자 골드스윗 (R),255,26.02,10.67,10.85,2.52,710,7.3
4413,7번가피자_피자_체다파인애플 피자 리코타링 (L),257,26.22,11.3,10.93,2.54,920,7.83
4414,뚜레쥬르_치즈빵_크림치즈월넛 브레드,376,46.25,8.48,17.09,3.71,165,10.91
4415,뚜레쥬르_치즈빵_크림치즈월넛브레드,380,46.74,9.58,17.27,3.75,167,10.91
4416,파리바게뜨_치즈빵_크림치즈쫀득이(1EA),348,42.81,3.03,15.81,3.44,33,9.09
4417,파리바게뜨_치즈빵_크림치즈호두빵,328,40.35,9.44,14.91,3.24,180,10.0
4418,파리바게뜨_치즈빵_톡톡콘치즈브레드,286,25.0,8.33,16.67,2.82,84,4.76
4419,파리바게뜨_치즈빵_톡톡콘치즈브레드 (2개입),289,25.0,8.33,17.26,2.85,168,5.36
4420,롤링핀_치즈빵_트리플 치즈,266,32.72,10.7,12.09,2.63,215,3.26
4421,파리바게뜨_치즈빵_트리플치즈캐슈넛,294,41.96,10.49,9.09,2.9,143,4.9
4422,파리바게뜨_치즈빵_트리플치즈캐슈넛&스위트콘크림치즈,270,33.77,8.77,10.96,2.67,228,6.14
4423,롤링핀_치즈빵_파르메산,298,36.66,1.21,13.54,2.94,165,9.7
4424,따삐오_치즈빵_한조각씩크림치즈호두빵,367,45.14,10.0,16.68,3.62,175,7.0
4425,파리바게뜨_치즈빵_햄치즈조리빵,350,43.05,8.57,15.91,3.46,70,10.0
4426,파리바게뜨_치즈빵_호두아몬드크림치즈빵,332,40.15,8.76,16.06,3.28,137,11.68
4427,파리바게뜨_치즈빵_화이트치즈볼 (1개입),357,43.91,5.71,16.22,3.53,35,14.29
4428,파리바게뜨_치즈빵_화이트치즈볼 (2개입),364,44.77,4.29,16.54,3.59,70,14.29
4429,파리바게뜨_치즈빵_화이트치즈볼 (3개입),362,44.53,4.76,16.45,3.58,105,14.29
4430,파리바게뜨_치즈빵_화이트치즈볼 (4개입),364,44.77,5.0,16.54,3.59,140,14.29
4431,파리바게뜨_치즈빵_화이트치즈볼 (5개입),363,44.65,5.14,16.5,3.58,175,14.29
4432,뚜레쥬르_치즈빵_진한크림치즈빵,346,42.56,7.41,15.72,3.42,81,16.05
4433,파리바게뜨_치즈빵_쫀득치즈스틱,350,43.05,3.0,15.91,3.46,30,6.67
4434,파리바게뜨_치즈빵_쫀득치즈스틱 (3개입),356,47.78,2.22,17.78,3.52,90,7.78
4435,따삐오_치즈빵_처음만난크림치즈,356,43.79,10.0,16.18,3.52,149,12.0
4436,롤링핀_치즈빵_치즈 앤 치즈 블랑,246,30.26,10.95,11.18,2.43,210,4.29
4437,롤링핀_치즈빵_치즈 퐁듀,316,38.87,4.0,14.36,3.12,25,8.0
4438,롤링핀_치즈빵_치즈 푸가스,324,46.3,11.2,10.4,3.2,160,2.4
4439,파리바게뜨_치즈빵_치즈감자봉,353,43.42,6.32,16.04,3.49,95,7.37
4440,뚜레쥬르_치즈빵_치즈방앗간,315,38.75,5.2,14.32,3.11,154,7.14
4441,더벤티_치즈빵_치즈빵빵,288,35.43,6.67,13.09,2.84,90,20.0
4442,뚜레쥬르_치즈빵_치즈클라우드브레드,372,45.76,12.18,16.91,3.67,156,8.97
4443,파리바게뜨_치즈빵_치즈퐁듀,263,32.35,11.11,11.95,2.6,135,1.48
4444,파리바게뜨_치즈빵_카스타드화이트치즈볼,333,40.96,5.0,15.13,3.29,60,13.33
4445,파리바게뜨_치즈빵_카스타드화이트치즈볼 (3개입),336,41.33,4.44,15.27,3.32,180,13.89
4446,파리바게뜨_치즈빵_카스타드화이트치즈볼 (4개입),338,41.58,4.58,15.36,3.34,240,13.75
4447,파리바게뜨_치즈빵_카스타드화이트치즈볼 (5개입),337,41.45,4.67,15.32,3.33,300,14.0
4448,뚜레쥬르_치즈빵_크랜베리애플크림치즈,299,36.78,6.1,13.59,2.95,82,10.98
4449,롤링핀_치즈빵_크림치즈 살라망드,371,45.63,7.78,16.86,3.66,270,22.59
4450,뚜레쥬르_치즈빵_미니치즈롤,288,35.43,11.62,13.09,2.84,198,3.03
4451,파리바게뜨_치즈빵_미니크림치즈호두빵,328,40.35,9.45,14.91,3.24,180,10.0
4452,파리바게뜨_치즈빵_미니크림치즈호두빵 (8개입),333,40.96,10.0,15.13,3.29,30,10.0
4453,파리바게뜨_치즈빵_미니크림치즈호두빵(8개입),333,40.96,10.0,15.13,3.29,30,10.0
4454,뚜레쥬르_치즈빵_미니햄치즈롤(10개입),269,33.09,10.95,12.22,2.66,210,2.86
4455,파리바게뜨_치즈빵_미니호두아몬드크림치즈빵 (5개입),332,40.15,8.76,16.06,3.28,137,11.68
4456,롤링핀_치즈빵_미엘 고르곤졸라,285,35.06,2.29,12.95,2.81,175,10.29
4457,파리바게뜨_치즈빵_부드러운 시골 치즈빵(W),267,32.84,9.95,12.13,2.64,372,3.23
4458,뚜레쥬르_치즈빵_블루베리크림치즈,264,32.47,4.29,12.0,2.61,70,15.72
4459,파리바게뜨_치즈빵_블루치즈브레드,286,35.18,7.94,13.0,2.82,63,9.52
4460,따삐오_치즈빵_빙빙크림치즈,342,42.07,8.89,15.54,3.38,90,5.56
4461,뚜레쥬르_치즈빵_빵속에리얼초코,329,40.47,7.9,14.95,3.25,76,17.11
4462,뚜레쥬르_치즈빵_순진크림치즈빵,346,42.56,7.41,15.72,3.42,81,16.05
4463,파리바게뜨_치즈빵_쉑쉑모찌볼 어니언 (1개입),409,50.31,8.18,18.59,4.04,11,8.18
4464,파리바게뜨_치즈빵_쉑쉑모찌볼 어니언 (3개입),409,50.31,3.03,18.59,4.04,33,9.09
4465,파리바게뜨_치즈빵_쉑쉑모찌볼 어니언 (6개입),409,50.31,3.03,18.59,4.04,66,7.58
4466,파리바게뜨_치즈빵_쉑쉑모찌볼 어니언 (9개입),414,50.92,7.07,18.81,4.09,99,8.08
4467,파리바게뜨_치즈빵_양파치즈브레드,327,40.22,8.54,14.86,3.23,246,6.1
4468,치킨플러스_치즈볼_밀크치즈볼,342,43.68,5.14,18.8,1.37,100,3.77
4469,피자알볼로_치즈볼_치즈볼 6개,362,46.24,4.17,19.9,1.45,170,9.99
4470,자담치킨_치즈볼_치즈볼 오리지널,343,43.81,6.3,18.86,1.37,100,4.9
4471,송사부수제쌀고로케_치즈볼_치즈쫀득볼,336,42.92,4.91,18.47,1.34,50,7.75
4472,피자스쿨_치즈볼_크림치즈볼,340,43.43,4.49,18.69,1.36,156,10.26
4473,호식이두마리치킨_치즈볼_트리플치즈볼 (6개),259,33.28,9.69,14.24,1.03,100,3.4
4474,교촌치킨_치즈볼_퐁듀 치즈볼,366,46.75,4.3,20.12,1.46,100,17.76
4475,파리바게뜨_치즈빵_고다치즈와 체다치즈를 넣은 롤치즈빵,311,47.41,9.63,9.63,3.07,135,6.67
4476,파리바게뜨_치즈빵_고다치즈와 체다치즈를 넣은 롤치즈빵(8개입),311,38.25,9.63,14.13,3.07,135,6.67
4477,파리바게뜨_치즈빵_고소짭짤 햄치즈브레드,294,35.0,10.0,12.5,2.9,80,3.75
4478,뚜레쥬르_치즈빵_깨알치즈감자볼,345,42.44,5.45,15.68,3.41,55,7.27
4479,따삐오_치즈빵_다시만난크림치즈,314,38.62,9.88,14.27,3.1,81,14.81
4480,파리바게뜨_치즈빵_달콤한고르곤졸라,308,37.89,8.97,14.0,3.04,78,11.54
4481,뚜레쥬르_치즈빵_동글동글순치즈,392,48.22,8.49,17.81,3.87,106,18.87
4482,뚜레쥬르_치즈빵_뚜레1번가치킨치즈롤,266,32.72,8.87,12.09,2.63,203,5.42
4483,롤링핀_치즈빵_먹물퐁당감자치즈,373,45.88,7.5,16.95,3.68,120,5.83
4484,송사부수제쌀고로케_치즈빵_모짜렐라 치즈볼,321,39.48,10.71,14.59,3.17,28,14.29
4485,파리바게뜨_치즈빵_모찌모찌치즈스틱,367,45.14,3.0,16.68,3.62,30,6.67
4486,롤링핀_치아바타_시금치 치아바타,223,22.76,8.65,9.49,2.2,185,4.86
4487,롤링핀_치아바타_올리브 치아바타,243,24.8,2.5,10.34,2.4,120,0.83
4488,파리바게뜨_치아바타_치즈감자치아바타,234,23.88,7.6,9.96,2.31,158,3.8
4489,롤링핀_치아바타_콘치즈 치아바타,285,29.08,8.33,12.12,2.81,180,2.22
4490,롤링핀_치아바타_페페로니 치아바타,243,24.8,10.0,10.34,2.4,230,3.91
4491,치즈 스파게티_해물,99,15.18,4.5,2.09,1.2,100,2.14
4492,뚜레쥬르_치즈_메이플피칸크림치즈,329,49.14,4.29,12.26,4.32,70,12.86
4493,카페베네_치즈_블루베리 크림치즈,273,40.77,8.96,10.18,3.58,67,16.42
4494,뚜레쥬르_치즈_쪽파&베이컨크림치즈,364,54.36,8.57,13.57,4.78,70,4.29
4495,카페베네_치즈_초코청크 크림치즈,301,44.95,5.97,11.22,3.95,67,10.45
4496,카페베네_치즈_플레인 크림치즈,284,42.42,4.48,10.59,3.73,67,1.49
4497,카페베네_치즈_허브갈릭 크림치즈,279,41.67,7.46,10.4,3.66,67,7.46
4498,치즈볼,333,28.66,9.56,20.0,0.3,100,5.48
4499,교촌치킨_치즈볼_고르곤 치즈볼,373,47.64,6.51,20.51,1.49,100,16.2
4500,호식이두마리치킨_치즈볼_로제크림치즈볼 (6개),357,45.6,4.5,19.63,1.43,100,4.5
4501,자담치킨_치즈볼_모짜감짜 오리지널,330,42.15,8.0,18.14,1.32,100,8.0
4502,츄러스1500_츄러스_치즈 시즈닝 링츄,327,50.56,6.39,11.11,3.23,72,11.94
4503,스트릿츄러스_츄러스_치즈스틱츄,367,52.0,5.14,15.43,3.62,100,13.71
4504,스트릿츄러스_츄러스_치즈츄러스,355,50.0,5.0,15.0,3.51,100,11.25
4505,츄러스1500_츄러스_컵츄볶이,273,38.1,7.47,10.06,2.7,158,8.35
4506,스트릿츄러스_츄러스_케이준츄라이,478,53.33,6.11,26.67,4.72,100,8.33
4507,츄러스1500_츄러스_콘소메 스틱츄,320,50.83,5.36,12.4,3.16,192,13.49
4508,츄러스1500_츄러스_크리미 인절미 링츄,368,55.42,8.31,12.89,3.63,83,12.77
4509,츄러스1500_츄러스_크림치즈 필링 롱츄,387,50.41,5.51,18.06,3.82,98,13.27
4510,츄러스1500_츄러스_톡톡 슈팅스타 링츄,380,60.25,7.22,12.15,3.75,79,20.0
4511,요거프레소_츄러스_플레인 츄러스,355,53.28,4.35,12.98,3.51,52,15.08
4512,츄러스1500_츄러스_흑임자 링츄,414,62.53,6.96,14.52,4.09,79,11.27
4513,롤링핀_치아바타_갈릭 고르곤 치아바타,264,26.94,13.78,11.23,2.61,225,7.11
4514,롤링핀_치아바타_감자 치아바타,233,23.78,9.17,9.91,2.3,120,2.5
4515,뚜레쥬르_치아바타_데일리 치아바타,244,24.9,7.5,10.38,2.41,80,5.0
4516,메가커피_치아바타_멜팅 치즈 바질 치폴레치킨 치아바타,260,23.35,10.78,13.77,2.57,167,2.4
4517,따삐오_치아바타_미니 치아바타,278,28.37,10.0,11.83,2.75,50,4.0
4518,파리바게뜨_치아바타_블랙올리브치즈 치아바타,276,45.95,7.57,6.49,2.73,185,3.24
4519,피자헛_피자_치즈 피자 리치골드 (M),263,26.84,12.87,11.19,2.6,585,4.62
4520,츄러스1500_츄러스_아몬드초코 링츄,406,57.0,9.11,12.0,4.01,90,16.67
4521,던킨_츄러스_아이스크림 시나몬 츄로넛,202,30.32,2.89,7.38,1.99,173,15.61
4522,스트릿츄러스_츄러스_어니언츄라이,502,50.56,6.11,30.56,4.96,100,6.67
4523,츄러스1500_츄러스_오레오 롱츄,350,53.66,6.95,11.83,3.46,82,12.2
4524,츄러스1500_츄러스_오레오 스틱츄,325,50.52,5.21,11.24,3.21,192,13.59
4525,츄러스1500_츄러스_오레오 초코 링츄,356,56.95,1.71,11.1,3.52,82,16.59
4526,츄러스1500_츄러스_오리지널 롱츄,327,46.3,4.79,13.56,3.23,73,10.68
4527,츄러스1500_츄러스_오리지널 링츄,455,70.0,9.14,15.43,4.49,70,15.86
4528,츄러스1500_츄러스_쫀듸기,347,67.32,7.0,5.49,3.43,71,18.59
4529,요거프레소_츄러스_초코 츄러스,405,60.78,4.35,14.81,4.0,52,15.94
4530,스트릿츄러스_츄러스_초코필링츄,400,55.81,5.58,17.21,3.95,100,20.0
4531,츄러스1500_츄러스_초콜릿 스틱츄,366,52.18,5.56,15.0,3.61,216,16.16
4532,츄러스1500_츄러스_초콜릿 필링 롱츄,313,51.75,4.27,10.1,3.09,103,22.14
4533,파리바게뜨_츄러스_츄러스,375,55.56,2.78,16.67,3.7,36,19.44
4534,스트릿츄러스_츄러스_츄러스,355,50.0,5.0,15.0,3.51,100,11.25
4535,달콤_츄러스_츄러스 바바리안 크림,308,46.22,5.13,11.26,3.04,78,5.13
4536,츄러스1500_츄러스_츄로독,289,27.09,9.39,15.87,2.85,196,9.69
4537,츄러스1500_츄러스_치즈 스틱츄,334,49.95,5.21,12.49,3.3,192,12.97
4538,취나물무침_간장,25,3.64,1.0,1.01,1.6,100,0.58
4539,취나물무침_소금,99,12.32,3.4,4.95,5.0,100,0.82
4540,츄러스,185,30.74,4.2,4.29,1.0,100,3.01
4541,츄러스1500_츄러스_고구마 필링 롱츄,398,61.46,5.21,14.58,3.93,96,19.06
4542,츄러스1500_츄러스_달콤 허니버터 스틱츄,322,50.83,4.9,10.8,3.18,192,13.8
4543,츄러스1500_츄러스_레인보우 초코 링츄,370,59.39,6.71,11.59,3.65,82,18.41
4544,츄러스1500_츄러스_바삭 후레이크 링츄,374,52.93,6.71,11.5,3.69,82,14.76
4545,츄러스1500_츄러스_버터 갈릭 스틱츄,304,50.1,5.1,11.09,3.0,192,14.84
4546,츄러스1500_츄러스_슈크림 필링 롱츄,356,51.02,5.51,14.59,3.52,98,14.59
4547,츄러스1500_츄러스_스틱 츄러스,316,48.89,5.22,11.06,3.12,180,10.06
4548,스트릿츄러스_츄러스_스틱츄,370,51.43,5.14,16.0,3.65,100,12.57
4549,츄러스1500_츄러스_스페셜링츄 세트 (8개입),325,52.19,5.7,10.34,3.21,489,13.11
4550,츄러스1500_츄러스_스페셜스틱 세트 (10개입),325,46.59,5.5,12.9,3.21,631,10.51
4551,스트릿츄러스_츄러스_시나몬츄라이,484,55.56,5.56,26.67,4.78,100,12.78
4552,이디야_츄러스_쌍쌍 츄로스,434,65.13,4.92,15.87,4.29,61,9.84
4553,추어탕,30,2.28,3.09,1.05,1.3,100,0.41
4554,충무김밥,128,23.59,3.5,1.9,1.5,100,0.87
4555,취나물_간장_소금,25,3.42,0.97,1.15,1.4,100,0.56
4556,취나물_된장,29,4.7,1.36,0.91,1.9,100,1.08
4557,취나물_취나물(마른것),89,6.4,3.62,5.4,6.4,50,0.0
4558,취나물무침,29,4.69,1.4,0.91,1.9,100,1.07
4559,초밥_유부초밥,165,31.26,4.32,2.51,1.9,100,2.11
4560,초밥_장어,195,32.27,6.61,4.33,1.3,250,5.47
4561,초밥_한치,150,31.17,5.48,0.34,0.6,250,5.25
4562,초코소라빵,319,51.76,3.29,10.93,2.1,70,9.29
4563,스타벅스_초콜릿_로고 코인 다크 초콜릿 골드,510,52.04,10.0,21.7,5.04,50,26.0
4564,스타벅스_초콜릿_로고 코인 밀크 초콜릿 실버,512,52.25,8.0,21.78,5.06,50,60.0
4565,스타벅스_초콜릿_로스티드 아몬드 앤 초콜릿,527,53.78,5.36,22.42,5.2,56,50.0
4566,커피빈_초콜릿_로스티드 헤이즐넛 초콜릿,611,40.0,9.09,25.99,6.03,55,36.36
4567,파스쿠찌_초콜릿_로아커 초콜릿 클래식 다크,518,52.86,6.4,22.04,5.12,50,34.2
4568,파스쿠찌_초콜릿_로아커 초콜릿 클래식 밀크,530,54.08,10.6,22.55,5.23,50,43.8
4569,스타벅스_초콜릿_리저브 초콜릿 세트,503,51.33,5.56,21.4,4.97,36,52.78
4570,파스쿠찌_초콜릿_마이 스위티 까페,571,58.27,4.76,24.29,5.64,21,52.38
4571,파스쿠찌_초콜릿_마이 스위티 브라운,571,58.27,4.76,24.29,5.64,21,47.62
4572,총각김치,42,7.89,1.92,0.29,2.4,100,3.0
4573,청포묵 무침,43,6.54,1.3,1.68,1.7,100,0.72
4574,청포묵국,44,2.16,2.9,2.62,0.6,100,0.16
4575,청포묵무침,53,7.48,1.96,2.16,1.8,100,0.72
4576,초간장,72,11.33,6.6,0.0,0.5,100,0.0
4577,초당순두부,58,1.76,5.46,3.24,1.2,900,0.1
4578,초밥_광어,151,25.85,9.02,1.31,0.8,300,2.57
4579,초밥_농어,159,31.5,6.97,0.53,1.0,250,5.2
4580,초밥_모듬,160,26.72,9.66,1.59,2.0,380,1.4
4581,초밥_문어,157,32.71,5.85,0.3,1.1,250,5.35
4582,초밥_새우,130,20.41,7.78,1.94,0.0,100,3.95
4583,초밥_연어,207,19.59,11.2,9.36,0.0,100,3.62
4584,천사채무침,73,2.95,3.3,5.51,1.3,100,0.65
4585,청경채나물,14,1.59,1.06,0.58,0.9,100,0.23
4586,청국장찌개,45,4.91,4.0,1.01,2.3,100,0.95
4587,신세계푸드 피코크_청국장찌개_간편조리세트_영월식 청국장,74,5.38,6.09,3.13,2.0,909,1.4
4588,프레시지_청국장찌개_간편조리세트_우삼겹 청국장찌개,80,3.32,5.58,4.88,1.9,801,0.88
4589,청국장찌개_두부_채소,79,2.94,6.32,4.63,2.2,100,1.95
4590,청국장찌개_모듬,42,4.57,3.8,0.96,2.1,100,0.86
4591,청국장찌개_배추김치,28,2.93,2.53,0.68,1.4,100,0.63
4592,청국장찌개_해물,37,3.83,3.8,0.8,1.6,100,0.72
4593,청어구이,129,0.22,8.2,10.03,0.0,100,0.0
4594,채소전,194,21.6,5.4,9.5,3.1,100,2.4
4595,채소죽,70,13.3,1.15,1.39,0.5,100,0.4
4596,채소죽_달걀,61,9.88,1.4,1.69,0.5,100,0.36
4597,채소튀김,214,25.35,3.4,10.51,2.7,100,1.27
4598,피자헛_피자_치즈 피자 리치골드(L),272,27.76,12.82,11.57,2.69,1053,4.05
4599,참치찌개,45,3.11,5.8,1.06,0.8,100,1.21
4600,참치회덮밥_양념장,76,12.14,4.73,0.81,0.7,100,1.65
4601,찹쌀떡,277,65.61,3.26,0.15,1.4,100,17.54
4602,요거트아이스크림의정석_찹쌀떡_요아정 고구마크림 찹쌀떡,238,45.0,2.5,5.5,1.67,40,7.5
4603,요거트아이스크림의정석_찹쌀떡_요아정 딸기요거트크림 찹쌀떡,238,45.0,2.5,5.25,1.67,40,7.5
4604,요거트아이스크림의정석_찹쌀떡_요아정 쑥팥크림 찹쌀떡,263,47.5,5.0,5.5,1.84,40,2.5
4605,요거트아이스크림의정석_찹쌀떡_요아정 카스테라 생크림 찹쌀떡,250,42.5,2.5,7.25,1.75,40,7.5
4606,찹쌀떡_팥,266,57.66,4.09,2.14,2.1,100,24.35
4607,찹쌀죽,63,13.39,1.1,0.27,0.2,100,0.05
4608,채소 꼬치구이,91,14.29,2.8,2.3,1.3,100,0.98
4609,채소밥,114,23.06,2.6,0.91,0.9,100,0.35
4610,참치 미역국,28,0.84,2.7,1.79,0.7,100,0.0
4611,참치 샐러드,250,2.67,13.6,20.6,0.5,100,1.52
4612,참치 완자전,220,14.84,18.8,8.84,1.9,100,1.73
4613,참치강정,353,23.55,30.3,14.12,0.9,100,6.87
4614,참치구이,316,0.05,33.5,19.02,0.0,100,0.0
4615,참치구이_머리,193,1.4,26.56,8.98,6.3,180,0.0
4616,참치덮밥,108,15.91,5.8,2.13,1.2,100,2.05
4617,참치죽,82,13.07,3.02,2.01,0.7,800,0.17
4618,참나물,17,2.02,0.75,0.81,1.0,100,0.21
4619,참나물 겉절이,17,2.43,0.8,0.72,1.2,100,0.48
4620,참나물 겉절이_간장,18,2.9,0.7,0.6,1.2,100,1.1
4621,참나물 겉절이_단감,22,3.41,1.0,0.75,1.5,100,1.04
4622,참나물 무침_된장,15,1.85,0.7,0.71,1.0,100,0.14
4623,참나물겉절이_고춧가루,18,2.91,0.74,0.6,1.2,100,1.1
4624,7번가피자_피자_치즈 피자 리코타링 (L),302,30.82,13.89,12.85,2.98,720,4.44
4625,차조밥,119,25.73,2.19,0.22,0.5,100,0.03
4626,더리터_찰떡빵_베이크치즈 크림치즈 찰떡,283,43.33,5.0,12.04,2.79,60,18.33
4627,더리터_찰떡빵_블루베리 크림치즈 찰떡,342,36.67,6.67,14.55,3.38,60,18.33
4628,더리터_찰떡빵_스트로베리 크림치즈 찰떡,283,43.33,5.0,12.04,2.79,60,18.33
4629,뚜레쥬르_찰떡빵_쑥떡쑥떡콩쑥이,301,46.09,7.14,12.81,2.97,168,16.07
4630,뚜레쥬르_찰떡빵_연유콩떡빵,316,48.38,6.32,13.44,3.12,95,28.42
4631,뚜레쥬르_찰떡빵_울퉁불퉁왕찰떡빵 (대),371,56.8,7.5,15.78,3.66,240,20.83
4632,뚜레쥬르_찰떡빵_울퉁불퉁왕찰떡빵 (소),371,56.8,7.5,15.78,3.66,120,20.83
4633,따삐오_찰떡빵_쫀득찹쌀 브레드,278,42.56,7.0,11.83,2.75,360,17.0
4634,롤링핀_찰떡빵_찹쌀고구마,274,45.5,4.8,8.1,2.71,220,14.8
4635,찰밥,120,25.75,2.2,0.34,0.6,100,0.14
4636,찰시루떡,181,37.63,6.63,0.41,1.4,100,1.22
4637,참깨죽,38,5.9,1.0,1.2,0.32,100,0.5
4638,GS 리테일 심플리쿡_짬뽕_간편조리세트_통오징어짬뽕탕,56,3.62,4.15,2.77,0.8,1204,1.16
4639,짬뽕_굴,76,12.85,3.65,1.07,1.0,900,0.19
4640,짬뽕_백짬뽕,63,8.54,3.66,1.54,0.7,100,0.21
4641,짬뽕_삼선,74,11.3,4.4,1.2,0.9,900,0.12
4642,짬뽕_차돌박이,88,9.82,4.58,3.42,1.4,100,0.69
4643,짬뽕라면,91,12.32,3.4,2.92,0.9,100,0.28
4644,짬뽕밥,110,18.13,4.5,1.84,0.6,100,0.47
4645,쫄면,132,26.2,3.93,1.05,1.2,100,3.82
4646,쫄볶이,150,29.37,4.7,1.41,1.3,100,3.97
4647,차돌박이구이_소고기,488,1.31,17.94,45.69,0.0,100,0.33
4648,짜장면,153,29.14,5.3,2.57,3.2,100,2.9
4649,짜장밥,134,25.26,4.0,1.54,1.5,100,1.96
4650,짜장밥_오징어,136,21.5,6.3,2.8,1.5,100,1.01
4651,짜장소스,100,12.86,4.38,3.64,2.5,100,4.16
4652,짬뽕,58,8.26,2.79,1.54,1.6,800,1.57
4653,GS 리테일 심플리쿡_짬뽕_간편조리세트_나가사키 짬뽕탕,62,8.96,2.82,1.62,1.0,2152,0.9
4654,쥐포무침,298,32.77,26.1,7.41,1.1,100,21.73
4655,쥐포조림,276,36.12,13.03,8.86,4.7,100,23.37
4656,쥐포튀김,184,10.54,13.7,9.45,0.0,100,8.43
4657,롯데리아_쥐포튀김_쥐포튀김,405,21.55,12.64,22.27,1.62,64,18.75
4658,증편,200,44.15,3.17,1.2,1.0,100,3.19
4659,지리탕_대구,44,1.65,6.93,1.03,0.7,600,0.25
4660,지리탕_복,39,1.72,6.95,0.45,0.9,600,0.23
4661,짜사이무침,43,3.66,0.4,3.04,0.9,100,2.8
4662,주꾸미볶음_채소,74,7.99,6.94,1.91,2.2,100,3.13
4663,주꾸미삼겹살,161,10.66,10.11,8.66,2.3,100,5.41
4664,주먹밥,135,25.52,2.3,2.09,0.7,100,0.88
4665,이디야_주먹밥_까르보나라 구운주먹밥,211,39.89,6.0,3.27,1.19,100,2.0
4666,이디야_주먹밥_매콤 로제 구운주먹밥,209,39.51,5.0,3.24,1.18,100,3.0
4667,주먹밥_멸치,208,36.2,6.0,4.4,2.3,150,0.6
4668,주먹밥_배추김치,106,20.81,2.39,1.3,1.2,100,0.79
4669,주먹밥_소고기,178,34.73,4.76,2.18,1.5,200,0.23
4670,롯데리아_주먹밥_전주비빔라이스버거,201,38.0,6.03,3.11,1.13,285,2.81
4671,주먹밥_참치,131,21.16,4.74,2.71,0.8,100,0.63
4672,죽순볶음,133,6.19,4.3,10.85,3.7,100,1.48
4673,죽순볶음_소고기,120,3.78,13.68,5.59,6.3,230,2.07
4674,중식우동,91,15.29,4.73,0.84,0.9,100,0.82
4675,중식잡채,83,13.58,2.3,2.24,1.0,100,1.13
4676,조기구이,90,0.89,7.4,6.01,0.0,100,0.0
4677,조기조림,128,4.27,13.7,6.27,2.2,300,1.5
4678,조기찌개,23,1.93,2.4,0.64,0.7,100,0.59
4679,조기찜,71,2.58,9.2,2.53,1.0,100,0.88
4680,조기튀김,144,3.62,13.4,7.77,0.1,100,0.01
4681,조미 김구이,25,1.46,1.7,2.05,1.5,100,0.12
4682,족발,233,0.93,26.04,13.91,2.3,250,0.0
4683,주꾸미볶음,106,11.41,9.16,2.6,2.3,200,2.53
4684,스타벅스_젤리_베어리스타 오가닉 젤리,350,35.72,0.0,14.89,3.46,60,58.33
4685,투썸플레이스_젤리_트로피컬원더젤리,328,82.0,0.0,0.0,3.24,40,70.0
4686,조개 미역국,11,0.97,1.5,0.24,0.6,100,0.07
4687,조개구이_키조개,130,10.44,17.43,2.07,3.9,180,3.6
4688,조개국,16,0.25,1.67,0.89,0.6,400,0.18
4689,조개국_바지락,29,1.84,4.0,0.56,1.5,550,0.24
4690,조개젓_양념,103,12.61,8.61,2.05,2.4,100,6.46
4691,조개탕,12,0.7,1.8,0.15,0.1,100,0.18
4692,조기 양념구이,219,11.01,22.1,9.3,0.9,100,5.81
4693,조기 오븐구이,39,0.02,5.9,1.58,0.0,100,0.0
4694,7번가피자_피자_치즈 피자 리코타링 (R),302,30.82,14.68,12.85,2.98,435,5.5
4695,전어조림,60,1.9,9.0,1.22,0.3,100,0.69
4696,절편,197,43.58,3.82,0.8,1.2,100,0.08
4697,절편_쑥,192,34.87,7.72,2.42,2.0,100,0.25
4698,제육(돼지고기 수육),158,1.25,19.7,7.49,0.3,100,0.15
4699,제육볶음,168,12.19,15.4,6.34,1.5,100,7.31
4700,제육볶음_오징어,148,7.13,11.2,8.04,0.9,100,3.31
4701,제육볶음_채소,115,6.54,9.8,5.39,1.3,100,3.22
4702,장조림_소고기_메추리알,157,15.56,11.69,5.39,1.7,100,3.32
4703,장조림_우엉,149,34.37,2.1,0.3,4.8,100,17.4
4704,재첩국,23,4.54,0.67,0.29,0.1,350,0.0
4705,쟁반국수,112,18.84,4.1,2.36,1.4,100,2.88
4706,쟁반짜장,145,23.63,5.85,2.63,1.6,100,2.42
4707,적어구이,174,0.31,20.9,9.04,0.0,100,0.0
4708,적어조림,54,3.33,7.0,0.95,0.6,100,1.09
4709,전갱이구이,226,0.17,27.7,11.75,0.0,100,0.0
4710,전복죽,120,19.12,3.1,3.0,0.5,100,0.12
4711,전복탕,33,2.63,4.47,0.5,1.0,600,0.22
4712,전어구이,33,0.06,5.86,0.82,0.0,100,0.0
4713,장어구이_고추장,259,6.18,19.82,17.21,2.0,100,0.44
4714,장어구이_붕장어_소금,297,11.6,26.0,16.2,1.0,100,0.4
4715,장어구이_소금,137,0.23,9.94,10.37,0.0,100,0.0
4716,장어구이_양념,289,5.87,20.51,20.37,0.9,150,2.79
4717,장어매운탕,58,4.08,5.7,2.11,1.2,100,1.56
4718,장어탕,67,3.68,4.32,3.91,1.1,800,2.66
4719,장어튀김,209,6.64,10.2,14.75,0.3,100,0.01
4720,장조림_달걀,138,8.67,9.85,7.12,1.5,100,6.87
4721,장조림_돼지고기_메추리알,141,5.53,15.38,5.93,0.3,100,2.09
4722,장조림_메추리알,203,6.3,14.25,13.41,0.8,100,3.48
4723,장조림_소고기,69,4.84,10.41,0.86,0.8,100,1.0
4724,잡탕전골,56,4.99,4.9,1.73,0.7,100,0.73
4725,잣죽,151,24.83,3.0,4.27,0.8,100,0.38
4726,장국국수,144,21.12,6.4,3.06,0.6,100,0.59
4727,장떡,197,27.28,3.67,7.64,1.8,100,2.26
4728,장어 덮밥,95,15.04,3.5,1.99,0.4,100,0.42
4729,장어 양념구이,331,16.89,16.5,21.39,1.7,100,5.14
4730,장어 양념구이_들깨,180,14.4,14.4,7.19,0.9,100,7.54
4731,장어 초밥,95,15.04,3.5,1.99,0.4,100,0.42
4732,잡채_돼지고기,93,14.87,3.02,2.49,1.0,100,2.13
4733,잡채_버섯,107,20.62,0.94,2.53,1.4,100,2.17
4734,잡채_버섯_소고기,129,17.88,3.2,5.54,2.4,100,2.44
4735,잡채_부추,68,10.37,2.6,1.89,1.3,100,1.45
4736,잡채_소고기,162,21.09,3.8,7.33,2.4,100,2.83
4737,잡채_어묵,148,26.13,2.34,3.78,1.7,280,1.5
4738,잡채_콩나물,67,12.55,1.93,0.97,3.6,230,9.37
4739,잡채밥,107,20.43,2.8,1.3,0.7,100,1.4
4740,잡탕밥,104,13.99,5.88,2.68,1.8,750,0.06
4741,잡곡밥_보리_흑미,134,28.55,2.8,0.43,1.0,100,0.13
4742,잡곡밥_서리태,134,27.35,3.4,0.81,1.5,100,0.35
4743,잡곡밥_현미,133,27.88,3.0,0.65,1.4,100,0.29
4744,잡곡죽,81,14.21,3.5,1.17,2.4,100,0.48
4745,잡채,146,24.26,4.71,3.3,3.7,200,0.73
4746,HY 잇츠온_잡채_간편조리세트_소고기 버섯 잡채,105,19.97,2.18,1.8,1.0,512,6.44
4747,프레시지_잡채_간편조리세트_소고기 버섯 잡채,153,22.13,2.74,5.9,1.5,341,2.0
4748,잡채_고추,128,13.09,5.5,6.01,2.3,200,1.05
4749,피자헛_피자_치즈 피자 마니아 에어도우 (L),257,26.22,13.01,10.93,2.54,787,2.96
4750,잔멸치볶음_풋고추,256,16.94,28.24,8.32,8.3,50,10.62
4751,잔멸치볶음_홍고추_풋고추,228,5.72,33.28,8.0,6.5,50,3.76
4752,잔치국수,66,11.84,2.34,0.9,0.7,100,0.63
4753,잡곡밥,109,23.37,2.2,0.4,0.9,100,0.16
4754,잡곡밥_보리,137,28.75,3.1,0.65,1.5,100,0.28
4755,잔멸치볶음_견과류,147,8.18,9.8,8.68,1.1,100,2.93
4756,잔멸치볶음_고추장,231,17.05,17.0,10.22,0.4,100,7.22
4757,잔멸치볶음_꽈리고추,156,13.07,12.0,6.01,0.5,100,7.93
4758,잔멸치볶음_모듬,115,6.59,10.6,5.11,0.5,100,2.48
4759,잔멸치볶음_잔멸치,118,5.82,14.05,3.94,0.1,100,2.35
4760,잔멸치볶음_잔멸치_견과류,163,6.13,13.61,9.76,1.3,100,1.82
4761,잔멸치볶음_잔멸치_꽈리고추,64,3.1,7.65,2.23,0.7,100,0.89
4762,자장면,88,14.37,2.69,2.22,1.4,600,6.07
4763,자장면_삼선,115,18.08,4.81,2.59,1.5,700,1.45
4764,자장밥,148,24.01,3.05,4.46,2.4,500,1.07
4765,잔멸치 튀김,67,2.9,4.0,4.12,0.1,100,0.0
4766,잔멸치볶음,330,27.43,34.97,8.97,0.4,100,14.89
4767,잔멸치볶음_간장,194,10.14,14.9,10.02,0.2,100,4.72
4768,잔멸치볶음_간장_고추장,109,6.7,11.3,3.89,0.2,100,2.71
4769,피자헛_피자_치즈 피자 마니아 에어도우 (M),259,26.43,12.77,11.02,2.56,424,2.91
4770,임연수튀김,181,9.29,12.7,9.5,0.3,100,0.01
4771,잉어 매운탕,52,4.08,5.7,1.5,1.2,100,1.56
4772,율무죽,77,13.75,3.26,0.98,0.7,100,0.1
4773,은대구구이,137,0.03,9.2,10.5,0.0,100,0.0
4774,인절미,242,50.07,5.64,2.16,2.9,100,6.35
4775,인절미_콩고물,231,49.69,5.52,1.15,2.1,100,2.81
4776,인절미_팥고물,204,44.8,4.2,0.9,2.01,100,11.76
4777,임연수구이,81,0.73,8.0,4.76,0.0,100,0.0
4778,임연수조림,91,4.5,9.9,3.44,0.6,100,2.6
4779,육개장_닭고기,39,2.46,5.0,1.08,0.8,100,0.46
4780,육개장_돼지고기,45,3.65,5.9,1.04,1.0,100,1.13
4781,육개장_소고기,26,1.41,1.9,1.42,0.7,100,0.37
4782,육회,158,13.17,9.5,7.65,1.3,100,9.79
4783,육회비빔밥,115,17.66,3.9,2.88,0.9,100,0.71
4784,율무밥,118,25.56,2.2,0.17,0.3,100,0.01
4785,피자헛_피자_치즈 피자 마니아 파마산엣지 (L),259,26.43,13.47,11.02,2.56,810,2.87
4786,유채나물,36,4.89,3.7,1.07,3.3,100,0.71
4787,유채나물_간장_소금,22,2.4,2.1,0.89,1.7,100,0.31
4788,유채나물_된장,30,3.65,2.79,0.97,2.3,100,0.7
4789,유채무침,60,12.47,3.4,0.67,3.0,100,6.2
4790,유채물김치,17,3.0,1.0,0.1,1.24,100,1.15
4791,육개장,30,1.49,3.68,0.99,1.2,440,0.76
4792,유채김치,62,10.1,3.5,0.8,4.51,100,3.87
4793,유산슬,71,4.84,9.09,1.96,1.2,100,0.59
4794,피자헛_피자_치즈 피자 마니아 파마산엣지 (M),261,26.63,13.29,11.1,2.58,439,2.81
4795,자담치킨_우유튀김_우유튀김,250,13.3,3.0,13.75,1.0,100,15.0
4796,울면,73,12.82,3.75,0.74,0.8,1000,0.05
4797,월남쌈,118,12.25,5.94,4.97,1.8,250,5.5
4798,GS 리테일 심플리쿡_월남쌈_간편조리세트_불고기월남쌈,150,17.1,7.22,5.81,1.2,733,7.71
4799,GS 리테일 심플리쿡_월남쌈_간편조리세트_소고기야채말이,116,6.61,10.47,5.34,1.9,580,5.46
4800,HY 잇츠온_월남쌈_간편조리세트_훈제오리월남쌈,111,15.37,5.16,3.22,0.8,888,7.49
4801,투썸플레이스_웨이퍼_크리스피초콜릿웨이퍼,528,55.0,7.0,31.0,5.21,50,36.0
4802,유과,424,74.23,2.81,12.83,1.1,30,24.15
4803,유부 된장국_무,66,2.7,4.4,4.1,0.9,100,0.77
4804,유부 초밥,199,27.04,5.8,6.92,0.9,100,2.2
4805,유부국,17,1.13,1.08,1.02,0.3,100,0.2
4806,유부조림,254,7.95,13.7,18.34,0.9,100,3.23
4807,우엉 양념구이,67,12.06,1.7,1.41,1.9,100,1.59
4808,우엉볶음,65,6.6,1.7,3.72,2.0,100,1.11
4809,우엉조림,120,16.45,3.76,4.88,2.9,100,4.62
4810,우유_딸기,73,11.04,2.04,2.31,0.6,100,10.24
4811,스타벅스_우유_스팀 우유 (Tall),61,9.11,3.66,2.27,0.8,355,5.07
4812,스타벅스_우유_우유 (Tall),68,10.16,3.38,2.53,0.89,355,5.07
4813,우동볶음,128,24.79,2.8,2.01,2.0,300,0.43
4814,우럭 매운탕,31,2.65,4.0,0.51,0.5,100,1.12
4815,우럭구이,207,0.84,25.1,10.51,0.0,100,0.0
4816,우럭튀김,289,19.21,24.7,12.12,0.5,100,0.02
4817,우럭회덮밥_양념장,67,11.47,3.49,0.77,0.8,100,1.55
4818,메가커피_요구르트(호상)_그릭요거 망고놀라,93,13.89,3.43,3.47,1.22,414,7.92
4819,스타벅스_요구르트(호상)_오가닉 프로틴 그릭 요거트 & 그래놀라,205,30.62,10.83,7.64,2.69,120,13.33
4820,투썸플레이스_요구르트(호상)_플레인그릭요거트,135,20.16,4.12,5.03,1.77,170,12.35
4821,투썸플레이스_요구르트(호상)_허니바나나그릭요거트,154,23.0,3.43,5.74,2.02,175,17.71
4822,우거지나물무침,86,5.8,3.0,5.67,5.8,150,1.0
4823,우동,52,9.54,1.56,0.65,0.6,100,0.19
4824,GS 리테일 심플리쿡_우동_간편조리세트_쫄우동,99,15.66,2.62,2.89,0.1,1138,1.37
4825,우동_김치,63,12.39,1.94,0.58,1.1,800,0.27
4826,우동_배추김치,65,12.11,1.85,0.79,1.1,100,0.46
4827,우동_삼선,69,10.59,4.79,0.85,0.8,1000,0.08
4828,우동_일식,158,30.48,1.78,3.22,0.8,800,0.02
4829,우동_중식,65,8.54,2.95,2.1,2.2,1000,0.11
4830,우동_해물,69,11.84,2.94,0.85,0.8,100,0.45
4831,7번가피자_피자_치즈 피자 석쇠 (L),299,30.51,14.19,12.72,2.95,620,3.87
4832,탐앤탐스_요구르트(액상)_마시는요거트 딸기,150,19.02,5.12,5.85,1.97,410,18.54
4833,탐앤탐스_요구르트(액상)_마시는요거트 블루베리,154,20.24,5.12,5.85,2.02,410,20.24
4834,탐앤탐스_요구르트(액상)_마시는요거트 플레인,126,12.25,5.25,6.25,1.65,400,12.25
4835,공차_요구르트(액상)_망고 요구르트 (J),38,5.0,0.15,1.44,0.5,100,6.76
4836,공차_요구르트(액상)_망고 요구르트 (L),37,4.87,0.21,1.41,0.49,100,6.55
4837,공차_요구르트(액상)_망고 요구르트+화이트펄 (J),44,5.79,0.15,1.67,0.58,651,8.76
4838,공차_요구르트(액상)_망고 요구르트+화이트펄 (L),44,5.79,0.21,1.67,0.58,473,8.46
4839,카페봄봄_요구르트(액상)_망고요거트,72,14.8,1.55,0.7,0.95,100,13.0
4840,공차_요구르트(액상)_망고요구르트 (J),36,4.74,0.15,1.37,0.47,651,6.76
4841,공차_요구르트(액상)_망고요구르트 (L),36,4.74,0.21,1.37,0.47,473,6.55
4842,카페봄봄_요구르트(액상)_블루베리 요거트,96,19.21,1.46,1.44,1.26,100,17.91
4843,스타벅스_요구르트(액상)_블루베리 요거트 병음료,82,10.79,2.63,3.11,1.08,190,9.47
4844,공차_요구르트(액상)_자몽 요구르트 (J),31,4.08,0.15,1.18,0.41,100,5.53
4845,공차_요구르트(액상)_자몽 요구르트 (L),31,4.08,0.21,1.18,0.41,100,5.71
4846,공차_요구르트(액상)_자몽요구르트 (J),31,4.08,0.15,1.18,0.41,651,5.53
4847,공차_요구르트(액상)_자몽요구르트 (L),31,4.08,0.21,1.18,0.41,473,5.71
4848,스타벅스_요구르트(액상)_치아씨드 요거트 병음료,76,10.0,3.16,2.89,1.0,190,7.37
4849,카페봄봄_요구르트(액상)_플레인요거트,62,13.2,2.16,0.7,0.81,100,12.7
4850,완자전,214,10.73,7.1,15.49,2.9,100,0.36
4851,완자전_돼지고기,139,6.51,14.78,5.95,3.9,200,2.56
4852,완자전_소고기,162,4.68,18.73,7.56,4.0,200,0.2
4853,완자전_소고기(동그랑땡/육원전),206,8.45,13.08,13.33,2.4,150,0.65
4854,완자전_참치,173,13.57,15.0,6.49,2.7,200,3.69
4855,완자전_해물,222,18.04,11.46,11.61,1.8,200,3.41
4856,완자조림,171,12.18,14.0,6.7,1.5,100,2.44
4857,탐앤탐스_요구르트(액상)_그래놀라 요거트,61,8.03,1.3,2.66,0.8,390,2.95
4858,탐앤탐스_요구르트(액상)_그릭요거트,144,14.0,6.0,7.0,1.89,400,14.0
4859,카페봄봄_요구르트(액상)_딸기요거트,75,15.8,1.73,0.55,0.98,100,15.6
4860,공차_요구르트(액상)_레몬 요구르트 (J),42,5.53,0.15,1.6,0.55,100,8.6
4861,공차_요구르트(액상)_레몬 요구르트 (L),45,5.92,0.21,1.71,0.59,100,9.3
4862,와플칸_와플_플레인 와플,132,19.34,5.78,5.24,1.3,100,8.22
4863,더리터_와플_플레인 와플,254,38.59,2.72,10.08,2.51,184,16.3
4864,이디야_와플_플레인 와플,448,65.65,4.11,17.78,4.42,73,28.77
4865,커피마마_와플_플레인 와플,319,46.74,2.73,12.66,3.15,110,14.91
4866,메가커피_와플_플레인 크로플,435,63.74,8.62,17.26,4.3,58,12.24
4867,요거프레소_와플_플레인 크로플,439,64.33,8.93,17.42,4.34,56,7.14
4868,토프레소_와플_플레인 크로플,348,50.99,5.77,13.81,3.44,52,15.38
4869,탐앤탐스_와플_플레인 크로플,45,6.31,0.91,1.8,0.44,550,1.6
4870,카페베네_와플_플레인 크로플바,388,56.85,6.67,15.4,3.83,60,16.67
4871,엔제리너스_와플_플레인시나몬 크로플,388,51.06,6.38,15.4,3.83,94,18.09
4872,베러댄와플_와플_플레인와플,373,54.66,5.33,14.8,3.68,75,10.67
4873,카페띠아모_와플_플레인와플&젤라또,198,29.01,2.95,7.86,1.96,685,8.64
4874,베러댄와플_와플_피넛버터누텔라 와플,384,56.27,7.45,15.24,3.79,94,15.96
4875,와플대학_와플_허니브레드 와플,302,50.0,3.33,11.98,2.98,120,20.83
4876,와플대학_와플_호두고구마 와플,314,48.0,5.33,12.46,3.1,150,14.0
4877,완두콩밥,114,24.47,2.2,0.33,0.7,100,0.14
4878,와플칸_와플_크림치즈딸기 와플,225,32.97,3.58,8.93,2.22,295,12.88
4879,와플칸_와플_크림통팥 와플,251,36.78,4.99,9.96,2.48,225,13.51
4880,카페띠아모_와플_클래식 마롱 와플,275,40.3,3.62,10.91,2.72,420,17.29
4881,카페띠아모_와플_클래식 블루베리 와플,259,37.95,3.84,10.28,2.56,448,19.42
4882,카페띠아모_와플_클래식 플레인 와플,288,42.2,4.72,11.43,2.84,379,18.71
4883,이디야_와플_토피넛 아이스크림 크로플,231,33.85,4.2,9.17,2.28,262,7.63
4884,커피베이_와플_토피넛 크로플,280,41.03,3.95,11.11,2.77,157,20.51
4885,와플칸_와플_통망고 와플,216,31.65,3.4,8.57,2.13,195,13.3
4886,와플칸_와플_통블루베리 와플,218,31.94,3.6,8.65,2.15,195,14.1
4887,와플칸_와플_통사과 와플,214,31.36,3.25,8.49,2.11,205,13.49
4888,베러댄와플_와플_티라미수 와플,332,48.65,4.8,13.17,3.28,125,12.0
4889,와플대학_와플_티라미수 와플,385,40.0,3.57,15.28,3.8,140,12.86
4890,더리터_와플_티라미수 와플,276,38.24,2.94,10.95,2.73,170,13.53
4891,와플칸_와플_파인애플 와플,216,31.65,3.4,8.57,2.13,175,13.7
4892,와플대학_와플_팥스노우 와플,292,51.25,5.0,11.59,2.88,160,18.13
4893,와플칸_와플_페퍼로리 와플,220,32.24,5.3,8.73,2.17,306,5.9
4894,베러댄와플_와플_포테이토 와플,299,43.81,3.7,11.87,2.95,135,5.93
4895,토프레소_와플_프레인 와플,324,47.48,3.85,12.86,3.2,130,16.92
4896,베러댄와플_와플_프렌치 아이스크림 와플,207,30.33,1.97,8.21,2.04,203,15.27
4897,와플대학_와플_치즈범벅 와플,281,37.92,3.33,11.15,2.78,240,19.58
4898,와플대학_와플_치즈케이크&크랜베리 와플,388,53.08,3.85,15.4,3.83,130,25.38
4899,와플대학_와플_치즈케이크누텔라젤라또 와플,287,40.87,4.35,11.39,2.83,230,20.43
4900,카페베네_와플_카라멜 시나몬 크로플바,379,55.54,6.06,15.04,3.74,66,18.18
4901,커피마마_와플_카라멜월넛 와플,328,48.06,2.85,13.02,3.24,123,18.7
4902,와플칸_와플_카야잼 와플,238,34.87,3.89,9.44,2.35,205,13.53
4903,와플칸_와플_커스타드 와플,193,28.28,3.3,7.66,1.91,205,13.4
4904,와플칸_와플_콘치즈 와플,167,24.47,7.8,6.63,1.65,261,3.1
4905,와플칸_와플_콤비네이션 와플,223,32.68,5.6,8.85,2.2,322,5.9
4906,베러댄와플_와플_쿠키빼빼로 와플,426,62.42,5.26,16.9,4.21,38,21.05
4907,와플대학_와플_크런치딸기잼 와플,334,58.33,4.17,13.25,3.3,120,22.5
4908,와플대학_와플_크런치딸기잼젤라또 와플,260,43.75,3.37,10.32,2.57,208,17.79
4909,베러댄와플_와플_크런키빼빼로 와플,426,62.42,5.26,16.9,4.21,38,21.05
4910,커피에반하다_와플_크로플,360,52.75,7.0,14.29,3.56,50,5.0
4911,와플대학_와플_크림 와플,415,54.55,4.55,16.47,4.1,110,23.64
4912,와플대학_와플_크림젤라또 와플,309,44.09,3.18,12.26,3.05,220,19.55
4913,베러댄와플_와플_크림치즈 와플,367,53.78,5.83,14.56,3.62,103,8.74
4914,와플칸_와플_크림치즈 와플,199,29.16,5.7,7.9,1.97,216,6.77
4915,이디야_와플_크림치즈 와플,367,53.78,4.43,14.56,3.62,113,19.47
4916,와플대학_와플_젤라또 와플,258,39.47,3.68,10.24,2.55,190,18.42
4917,카페베네_와플_젤라또 크로플바,301,44.11,4.17,11.94,2.97,120,17.5
4918,와플대학_와플_젤라또약과 와플,300,47.01,3.85,11.9,2.96,234,16.24
4919,베러댄와플_와플_청포도생크림 와플,285,41.76,2.92,11.31,2.81,171,11.11
4920,메가커피_와플_체다치즈 크로플,399,58.47,11.11,15.83,3.94,81,7.53
4921,베러댄와플_와플_체리크림치즈 와플,284,41.62,3.88,11.27,2.8,129,13.95
4922,더리터_와플_초코 와플,276,38.33,2.78,10.95,2.73,180,16.67
4923,커피마마_와플_초코 와플,319,46.74,2.73,12.66,3.15,110,14.91
4924,와플칸_와플_초코 와플,220,32.24,4.32,8.73,2.17,155,9.75
4925,베러댄와플_와플_초코벌집 와플,418,61.25,4.95,16.59,4.13,101,19.8
4926,와플대학_와플_초코범벅젤라또 와플,284,41.67,3.33,11.27,2.8,240,18.33
4927,카페게이트_와플_초코생크림 와플,119,17.44,2.0,4.72,1.18,300,1.33
4928,와플칸_와플_초코아몬드 와플,266,38.98,6.48,10.56,2.63,185,8.43
4929,카페띠아모_와플_초코와플&젤라또,205,30.04,3.0,8.13,2.02,700,8.46
4930,와플칸_와플_초코칩 와플,248,36.34,3.69,9.84,2.45,200,13.52
4931,투썸플레이스_와플_초코카라멜 와플,487,71.36,5.11,19.33,4.81,45,43.78
4932,커피에반하다_와플_초코카라멜 크로플,360,52.75,7.0,14.29,3.56,50,5.0
4933,베러댄와플_와플_초코퐁듀 와플,417,61.1,5.0,16.55,4.12,100,19.0
4934,투썸플레이스_와플_치즈 크로플,383,56.12,8.89,15.2,3.78,90,6.67
4935,베러댄와플_와플_아몬드카라멜 아이스크림 와플,253,37.07,2.16,10.04,2.5,185,18.38
4936,청자다방_와플_아이스크림 와플,261,38.25,5.01,10.36,2.58,100,19.54
4937,와플칸_와플_아이스크림 와플,230,33.7,3.83,9.13,2.27,285,11.72
4938,커피마마_와플_아이스크림 와플,256,37.51,2.99,10.16,2.53,134,14.85
4939,투썸플레이스_와플_아이스크림 크로플,299,43.81,2.92,11.87,2.95,137,10.22
4940,엔제리너스_와플_아이스크림 크로플,339,40.28,5.56,13.45,3.35,144,18.75
4941,메가커피_와플_아이스크림 크로플,315,46.16,5.89,12.5,3.11,99,16.55
4942,베러댄와플_와플_애플생크림 와플,306,44.84,3.03,12.14,3.02,165,15.76
4943,와플대학_와플_애플시나몬 와플,321,50.77,3.08,12.74,3.17,130,11.54
4944,카페게이트_와플_애플시나몬 와플,160,23.45,3.0,6.35,1.58,300,8.33
4945,베러댄와플_와플_애플시나몬와플,323,47.33,4.17,12.82,3.19,96,14.58
4946,와플대학_와플_오레오누텔라 와플,293,30.0,4.29,11.63,2.89,210,13.81
4947,와플대학_와플_오레오누텔라젤라또 와플,293,42.38,4.29,11.63,2.89,210,13.81
4948,청자다방_와플_오레오생크림 와플,324,47.48,4.92,12.86,3.2,100,26.07
4949,베러댄와플_와플_오레오생크림 와플,375,54.95,3.82,14.88,3.7,157,14.65
4950,카페루앤비_와플_와플,180,0.0,45.0,0.0,1.78,100,30.0
4951,와플칸_와플_인절미 와플,165,24.18,4.56,6.55,1.63,160,5.08
4952,더리터_와플_인절미 와플,258,34.71,3.53,10.24,2.55,170,10.59
4953,7번가피자_피자_치즈 피자 석쇠 (R),299,30.51,14.29,12.72,2.95,355,3.76
4954,카페게이트_와플_사과생크림 와플,195,28.57,2.86,7.74,1.93,350,7.43
4955,베러댄와플_와플_생딸기생크림 와플,272,39.86,3.21,10.79,2.69,187,8.56
4956,베러댄와플_와플_생체리생크림 와플,298,43.67,3.64,11.83,2.94,165,10.91
4957,베러댄와플_와플_생초콜릿생크림 와플,392,57.44,3.85,15.56,3.87,182,17.03
4958,요거프레소_와플_생크림 딸기 망고 와플,281,41.18,4.41,11.15,2.78,136,11.76
4959,요거프레소_와플_생크림 딸기 와플,266,38.98,4.32,10.56,2.63,139,10.07
4960,요거프레소_와플_생크림 망고 와플,276,40.44,4.2,10.95,2.73,143,12.59
4961,요거프레소_와플_생크림 와플,384,56.27,5.68,15.24,3.79,88,12.5
4962,이디야_와플_생크림 와플,436,63.89,4.4,17.3,4.31,91,27.47
4963,베러댄와플_와플_생크림 와플,360,52.75,4.0,14.29,3.56,125,11.2
4964,와플칸_와플_생크림 와플,207,30.33,3.43,8.21,2.04,125,4.1
4965,베러댄와플_와플_생크림누텔라 와플,373,54.66,4.05,14.8,3.68,148,14.86
4966,와플대학_와플_스노우 와플,372,49.23,3.85,14.76,3.67,130,16.15
4967,커피마마_와플_스페셜마마 와플,188,27.55,1.98,7.46,1.86,459,17.34
4968,베러댄와플_와플_스프링클빼빼로 와플,425,62.28,5.56,16.87,4.2,36,22.22
4969,커피에반하다_와플_시나몬 크로플,360,52.75,7.0,14.29,3.56,50,5.0
4970,와플칸_와플_시나몬카라멜 와플,216,31.65,3.1,8.57,2.13,157,9.05
4971,와플대학_와플_싸만코젤라또 와플,254,41.6,4.4,10.08,2.51,250,19.6
4972,베러댄와플_와플_아몬드빼빼로 와플,421,61.69,5.26,16.71,4.16,38,21.05
4973,커피에반하다_와플_벨지움 와플,369,54.07,6.25,14.64,3.64,80,41.25
4974,더리터_와플_복숭아잼 와플,240,35.0,2.5,9.52,2.37,200,14.0
4975,와플칸_와플_불고기피자 와플,222,32.53,5.39,8.81,2.19,322,5.9
4976,와플대학_와플_불치플 불고기치즈피자 와플,306,36.25,13.75,12.14,3.02,160,8.13
4977,와플칸_와플_브라운치즈 와플,233,34.14,3.93,9.25,2.3,175,7.34
4978,베러댄와플_와플_블루베리 아이스크림 와플,226,33.12,1.95,8.97,2.23,205,19.51
4979,와플대학_와플_블루베리 와플,305,47.5,3.33,12.1,3.01,120,14.17
4980,와플칸_와플_블루베리 와플,219,32.09,3.6,8.69,2.16,155,14.0
4981,엔제리너스_와플_블루베리 크로플,340,49.19,4.84,13.49,3.36,124,14.52
4982,탐앤탐스_와플_블루베리 크림치즈 크로플,63,9.09,1.13,2.5,0.62,540,3.7
4983,와플대학_와플_블루베리범벅 와플,261,42.5,2.92,10.36,2.58,240,20.83
4984,베러댄와플_와플_블루베리생크림 와플,325,47.62,3.03,12.9,3.21,165,20.0
4985,카페띠아모_와플_블루베리와플&젤라또,190,27.84,2.68,7.54,1.88,755,9.69
4986,더리터_와플_블루베리잼 와플,243,35.5,2.5,9.64,2.4,200,15.0
4987,와플대학_와플_블루베리젤라또 와플,240,39.52,3.33,9.52,2.37,210,19.05
4988,베러댄와플_와플_블루베리크림치즈 와플,333,48.8,3.88,13.21,3.29,129,17.83
4989,커피마마_와플_블루베리크림치즈 와플,290,42.49,2.84,11.51,2.86,148,19.66
4990,와플칸_와플_사과 와플,216,31.65,3.39,8.57,2.13,175,13.29
4991,청자다방_와플_사과생크림 와플,312,45.72,5.08,12.38,3.08,100,24.04
4992,와플대학_와플_메이플시나몬 와플,332,60.0,4.44,13.17,3.28,90,18.89
4993,커피마마_와플_메이플아몬드 와플,322,47.18,2.93,12.78,3.18,123,19.11
4994,따삐오_와플_미니 와플,377,55.24,6.67,14.96,3.72,30,20.0
4995,이디야_와플_민트초코 아이스크림 와플,252,36.93,3.33,10.0,2.49,210,19.52
4996,이디야_와플_민트초코 크로플,379,55.54,5.22,15.04,3.74,115,18.26
4997,와플대학_와플_밀크카라멜 와플,339,49.67,3.64,13.45,3.35,110,18.18
4998,와플대학_와플_바나나 와플,235,45.28,3.14,9.33,2.32,159,12.58
4999,베러댄와플_와플_바나나누텔라 와플,284,41.62,3.7,11.27,2.8,135,16.3
5000,와플대학_와플_바나나누텔라 와플,276,40.56,3.33,10.95,2.73,180,16.11
5001,베러댄와플_와플_바나나생크림누텔라 와플,301,44.11,3.16,11.94,2.97,190,15.26
5002,토프레소_와플_바닐라 아이스크림 와플,245,35.9,3.72,9.72,2.42,188,13.3
5003,토프레소_와플_바질 할라피뇨 크림치즈 크로플,327,47.92,5.26,12.98,3.23,95,10.53
5004,토프레소_와플_베리 아이스크림 크로플,219,32.09,3.81,8.69,2.16,105,12.38
5005,토프레소_와플_베리 크림치즈 크로플,336,49.24,5.26,13.33,3.32,95,16.84
5006,와플대학_와플_베리베리 와플,304,47.69,3.85,12.06,3.0,130,17.69
5007,와플대학_와플_베리베리젤라또 와플,243,40.45,3.18,9.64,2.4,220,17.27
5008,베러댄와플_와플_베리크런치 아이스크림 와플,243,35.61,2.38,9.64,2.4,210,21.43
5009,와플칸_와플_베이컨콘치즈 와플,172,25.2,7.36,6.83,1.7,301,3.0
5010,와플대학_와플_베치플 베이직치즈피자 와플,320,33.91,13.22,12.7,3.16,174,6.9
5011,와플칸_와플_딸기커스타드 와플,194,28.43,3.41,7.7,1.92,285,13.38
5012,와플대학_와플_딸기케이크 와플,245,35.63,3.13,9.72,2.42,160,9.38
5013,커피베이_와플_딸기크림 크로플,268,39.27,3.33,10.63,2.65,189,22.72
5014,카페게이트_와플_땅콩딸기생크림 와플,256,37.51,4.86,10.16,2.53,370,7.84
5015,커피마마_와플_라즈베리바나나 와플,211,30.92,1.79,8.37,2.08,240,22.46
5016,베러댄와플_와플_로투스 아이스크림 와플,255,37.37,2.91,10.12,2.52,172,13.37
5017,와플칸_와플_로투스 와플,247,36.19,4.39,9.8,2.44,180,12.23
5018,베러댄와플_와플_루비자몽생크림 와플,264,38.68,2.7,10.48,2.61,185,9.73
5019,베러댄와플_와플_루토스생크림 와플,374,54.8,4.08,14.84,3.69,147,14.97
5020,베러댄와플_와플_리얼빼빼로 와플,423,61.98,5.71,16.79,4.18,35,20.0
5021,베러댄와플_와플_리얼초코 아이스크림 와플,284,41.62,3.16,11.27,2.8,190,15.79
5022,베러댄와플_와플_말차티라미수 와플,332,48.65,4.8,13.17,3.28,125,12.0
5023,베러댄와플_와플_망고 아이스크림 와플,220,32.24,3.41,8.73,2.17,205,18.05
5024,와플대학_와플_망고범벅 와플,223,34.33,2.33,8.85,2.2,300,17.0
5025,더리터_와플_망고잼 와플,246,36.0,2.5,9.76,2.43,200,15.5
5026,베러댄와플_와플_망고크림치즈 와플,311,45.57,4.07,12.34,3.07,123,17.07
5027,와플대학_와플_맥치플 맥앤치즈피자 와플,301,38.75,8.13,11.94,2.97,160,4.38
5028,이디야_와플_메이플 와플,426,62.42,3.61,16.9,4.21,83,33.73
5029,토프레소_와플_메이플 월넛 크림치즈 크로플,377,55.24,6.32,14.96,3.72,95,18.95
5030,와플칸_와플_누텔라바나나 와플,241,35.31,3.25,9.56,2.38,220,16.3
5031,카페게이트_와플_누텔라바나나 와플,225,32.97,3.33,8.93,2.22,300,13.33
5032,와플칸_와플_누텔라초코 와플,248,36.34,3.69,9.84,2.45,150,13.52
5033,베러댄와플_와플_누텔라크림치즈 와플,384,56.27,6.09,15.24,3.79,115,13.91
5034,와플칸_와플_누텔라키위 와플,241,35.31,3.31,9.56,2.38,260,16.1
5035,베러댄와플_와플_단팥 아이스크림 와플,227,33.26,2.9,9.01,2.24,207,16.91
5036,베러댄와플_와플_단팥생크림 와플,323,47.33,4.24,12.82,3.19,165,17.58
5037,이디야_와플_달고나 아이스크림 와플,258,37.81,2.78,10.24,2.55,216,23.61
5038,베러댄와플_와플_달고나 아이스크림 와플,244,35.75,2.27,9.68,2.41,176,19.32
5039,투썸플레이스_와플_더치카라멜 와플,460,67.41,3.81,18.25,4.54,32,35.87
5040,와플칸_와플_돼지바크런치 와플,241,35.31,3.69,9.56,2.38,190,13.49
5041,와플칸_와플_딸기 와플,218,31.94,3.4,8.65,2.15,175,13.3
5042,와플대학_와플_딸기 와플,297,40.0,2.67,11.79,2.93,150,16.0
5043,커피베이_와플_딸기 크로플,372,54.51,5.78,14.76,3.67,128,27.34
5044,와플대학_와플_딸기누텔라 와플,305,38.82,4.12,12.1,3.01,170,15.88
5045,와플대학_와플_딸기누텔라젤라또 와플,242,35.6,3.6,9.6,2.39,250,17.6
5046,와플대학_와플_딸기듬뿍 와플,220,33.18,1.82,8.73,2.17,220,11.82
5047,와플대학_와플_딸기범벅젤라또 와플,227,33.33,2.22,9.01,2.24,270,15.93
5048,더리터_와플_딸기잼 와플,240,35.0,2.5,9.52,2.37,200,14.5
5049,올갱이해장국,41,3.54,4.0,1.35,1.7,100,0.77
5050,와플대학_와플_17곡 와플,300,55.38,5.38,11.9,2.96,130,20.0
5051,커피에반하다_와플_17곡 크로플,360,52.75,7.0,14.29,3.56,50,5.0
5052,더리터_와플_THE한 인절미 와플,266,42.31,3.15,10.56,2.63,286,15.03
5053,더리터_와플_THE한 초코 와플,248,38.33,3.33,9.84,2.45,300,12.67
5054,더리터_와플_THE한 티라미수 와플,256,39.93,3.36,10.16,2.53,298,12.42
5055,더리터_와플_THE한 플레인 와플,247,39.29,2.92,9.8,2.44,308,13.96
5056,와플칸_와플_가나슈 와플,211,30.92,3.45,8.37,2.08,226,11.95
5057,와플대학_와플_고구마 와플,314,46.01,5.33,12.46,3.1,150,14.0
5058,토프레소_와플_그린티 아이스크림 와플,223,32.68,3.26,8.85,2.2,215,9.3
5059,요거프레소_와플_꿀호떡 크로플,430,63.01,8.57,17.06,4.25,70,15.71
5060,카페띠아모_와플_녹차와플&젤라또,207,30.33,2.98,8.21,2.04,715,12.06
5061,베러댄와플_와플_누텔라 아이스크림 와플,256,37.51,2.94,10.16,2.53,170,14.71
5062,베러댄와플_와플_누텔라 와플,419,61.4,5.71,16.63,4.14,105,23.81
5063,와플칸_와플_누텔라딸기 와플,243,35.61,3.37,9.64,2.4,240,16.77
5064,도미노피자_피자_치즈 피자 슈퍼시드 화이버 버스트 오리지널 (L),305,29.29,14.13,10.09,3.01,963,3.83
5065,옥수수구이,148,15.41,1.43,9.01,0.9,100,4.0
5066,옥수수구이_치즈,140,13.6,4.4,7.41,0.9,100,3.53
5067,옥수수밥,113,24.3,2.1,0.35,0.6,100,0.25
5068,옥수수부침,176,22.96,3.0,7.95,1.9,100,2.37
5069,옥수수샐러드,129,12.49,1.3,8.31,1.2,100,4.09
5070,봉수아피자_옥수수샐러드_마요옥수수,145,14.04,3.0,9.18,1.35,335,3.0
5071,옥수수샐러드_햄,178,11.88,7.7,11.06,2.2,100,1.98
5072,올갱이국,24,2.17,2.28,0.7,1.0,600,0.27
5073,올갱이국수,38,7.44,0.75,0.55,1.5,1500,1.24
5074,오징어채볶음,275,29.77,22.04,7.57,1.6,100,20.03
5075,오징어채조림,240,25.36,23.52,4.9,5.8,50,13.78
5076,오징어탕수,158,12.98,8.3,7.62,0.6,100,3.31
5077,오징어튀김,163,9.96,12.2,7.58,0.3,100,0.01
5078,비비큐_오징어튀김_오감볼,166,9.0,9.84,8.67,0.26,100,3.71
5079,비비큐_오징어튀김_오징어튀김 (3개),238,12.9,13.21,12.42,0.37,100,0.82
5080,롯데리아_오징어튀김_통오징어링,173,9.38,9.86,9.03,0.27,77,1.17
5081,자담치킨_오징어튀김_통오징어튀김,160,8.67,12.0,8.35,0.25,100,1.4
5082,오징어포조림,133,13.03,15.5,1.77,0.6,100,5.79
5083,옥돔구이,39,0.11,4.91,1.92,0.0,100,0.0
5084,옥수수_찐옥수수,185,34.2,6.68,2.42,5.7,200,2.36
5085,오징어조림,66,6.07,8.3,0.93,0.7,100,1.88
5086,오징어찌개,34,4.77,3.3,0.22,1.3,250,0.45
5087,오징어찜,56,2.61,8.5,1.32,0.9,100,0.73
5088,오징어채무침,118,9.78,14.2,2.78,0.9,100,4.67
5089,오징어채무침_채소,113,13.52,11.61,1.81,2.5,100,6.93
5090,오징어볶음,81,8.08,7.9,1.92,0.9,100,2.58
5091,오징어볶음_채소,88,7.23,10.06,2.16,1.7,100,3.38
5092,오징어불고기,123,7.35,16.4,3.22,1.3,100,2.92
5093,오징어산적,127,4.5,21.72,2.47,1.1,80,1.14
5094,오징어순대,43,1.44,6.7,1.0,0.8,100,0.5
5095,오징어젓_양념,60,3.4,10.1,0.7,1.6,10,2.4
5096,도미노피자_피자_치즈 피자 슈퍼시드 화이버 오리지널 (L),246,34.04,11.0,7.15,2.43,777,2.9
5097,오징어 덮밥_채소,93,15.02,5.2,1.25,1.2,100,2.15
5098,오징어국,24,1.63,3.6,0.4,0.6,100,0.54
5099,오징어무침,82,7.68,9.7,1.48,1.4,100,4.66
5100,오징어무침_미나리,107,10.98,13.0,1.53,2.0,100,6.08
5101,오징어무침_채소,48,4.92,5.91,0.63,0.8,100,2.42
5102,오징어미역초무침,87,5.24,15.0,1.72,3.6,100,0.65
5103,오이생채_오이만,51,6.56,1.61,2.08,1.7,100,4.81
5104,오이소박이,39,7.61,2.7,0.5,3.3,100,2.71
5105,오이장아찌,71,7.71,1.9,3.83,1.2,100,4.03
5106,오이지,29,2.52,0.82,1.79,2.1,100,1.87
5107,오이지무침,45,8.12,1.1,1.35,2.2,100,3.79
5108,오이지무침_고추,28,4.46,1.0,0.99,1.4,100,1.87
5109,오징어 덮밥,65,11.88,3.3,0.25,0.4,100,0.95
5110,오이생채,69,8.96,1.78,2.9,1.7,50,8.04
5111,오이생채_고추장,23,4.39,0.9,0.51,1.0,100,2.36
5112,오이생채_부추,17,3.47,0.9,0.27,1.2,100,1.56
5113,오이생채_양파,30,6.21,1.2,0.48,1.4,100,3.63
5114,오이생채_오이,32,6.66,1.32,0.54,1.6,100,3.75
5115,오이생채_오이_달래,28,5.72,1.22,0.45,1.2,100,2.84
5116,오이생채_오이_부추,48,8.93,2.13,1.09,2.5,100,4.81
5117,오이나물,73,2.96,1.3,6.42,0.7,100,1.04
5118,오이냉국,19,3.92,0.5,0.09,0.3,100,3.48
5119,오이냉국_미역,7,1.32,0.7,0.18,0.6,100,0.31
5120,오이모듬무침,34,6.89,1.4,0.58,1.5,100,3.85
5121,오이무침,35,5.44,1.3,1.28,1.2,100,3.18
5122,오이무침_달래,36,6.7,1.2,0.97,1.4,100,3.51
5123,오이무침_부추,31,5.01,1.95,0.39,2.5,100,4.15
5124,오이무침_양파,33,6.65,1.3,0.54,1.6,100,3.73
5125,오이부추무침,26,5.68,0.9,0.35,1.3,100,2.62
5126,피자스쿨_오븐스파게티_치즈오븐크림스파게티,169,26.71,5.48,3.59,1.95,420,1.67
5127,오이 도라지 생채,40,8.9,1.1,0.42,1.5,100,3.8
5128,오이 물김치,51,8.73,2.9,1.3,2.6,100,4.21
5129,오이 미역냉국,13,2.91,0.7,0.21,0.8,100,1.84
5130,오이고추 된장무침,32,5.18,1.4,0.91,1.8,100,1.46
5131,오이김치,39,7.83,2.5,0.29,2.2,100,2.26
5132,도미노피자_피자_치즈 피자 슈퍼시드 화이버 오리지널 (M),250,33.25,11.9,7.65,2.47,442,3.0
5133,오믈렛,171,2.46,13.6,11.19,0.2,100,0.97
5134,오븐스파게티,122,16.77,5.6,3.49,1.2,100,1.75
5135,피자알볼로_오븐스파게티_로제치즈오븐스파게티,165,26.08,6.46,3.51,1.91,446,2.24
5136,피자알볼로_오븐스파게티_점보치즈오븐스파게티,118,18.65,5.46,2.51,1.36,1520,6.65
5137,지정환피자_오븐스파게티_치즈오븐스파게티,172,27.19,7.74,3.66,1.99,414,2.23
5138,피자스쿨_오븐스파게티_치즈오븐스파게티,143,22.6,6.91,3.04,1.65,420,2.62
5139,피자알볼로_오븐스파게티_치즈오븐스파게티,147,23.24,5.98,3.12,1.7,418,0.68
5140,오리백숙,151,13.4,7.5,7.09,0.7,100,0.23
5141,오리볶음,171,7.3,10.47,11.27,1.5,100,2.65
5142,오리불고기,75,5.92,9.2,1.63,0.8,100,2.4
5143,오리죽,155,19.95,7.5,4.99,1.7,400,0.0
5144,오리탕,104,3.71,6.68,6.98,1.3,100,0.94
5145,오므라이스,173,20.54,6.5,7.23,2.4,400,3.19
5146,할리스_오므라이스_수플레 오믈렛 라이스,167,29.13,4.94,2.96,1.42,243,2.47
5147,영양돌솥밥,131,27.9,2.9,0.53,1.8,100,1.42
5148,오겹살구이_돼지고기,408,2.72,20.18,35.14,0.0,100,0.72
5149,오곡밥,156,32.93,4.78,0.52,2.5,250,0.07
5150,오리 간장불고기,98,6.16,12.6,2.41,0.6,100,2.93
5151,오리감자죽,97,15.11,3.7,2.14,1.1,100,0.28
5152,오리고기구이,293,4.89,24.06,19.7,2.2,200,0.0
5153,오리고기로스,169,0.78,29.7,4.37,0.3,100,0.01
5154,열무 된장국,20,2.14,2.1,0.51,1.0,100,0.49
5155,열무 비빔밥,84,16.86,2.5,0.51,0.9,100,0.61
5156,열무김치,36,5.87,2.39,0.38,2.7,100,0.68
5157,열무나물,82,4.76,3.91,5.3,4.0,90,0.6
5158,열무나물_간장,34,5.38,2.9,0.71,2.2,100,1.48
5159,열무나물_된장,30,3.61,2.2,1.15,1.6,100,0.91
5160,열무물김치,18,2.91,1.41,0.07,0.5,100,1.68
5161,열무얼갈이김치,35,5.22,2.15,0.66,3.1,50,0.91
5162,연근튀김,156,16.27,3.1,8.36,1.9,100,0.94
5163,연두부찌개,42,2.59,4.8,1.48,0.8,100,0.95
5164,연두부찜,65,3.68,5.1,3.3,1.1,100,1.1
5165,연어구이,138,0.2,16.6,7.24,0.0,100,0.0
5166,연어롤,170,24.77,6.19,5.13,3.0,300,2.82
5167,연어튀김,149,9.66,13.1,5.71,0.4,100,0.01
5168,연잎밥,207,47.0,4.0,0.3,1.84,100,2.2
5169,연포탕,54,2.02,9.49,0.9,1.4,1000,0.02
5170,열무 겉절이,25,4.78,1.6,0.26,1.3,100,1.74
5171,연근전,82,10.31,1.9,3.53,1.2,100,0.57
5172,연근조림,174,29.42,2.68,5.1,2.6,50,2.78
5173,도미노피자_피자_치즈 피자 슈퍼시드함유도우 (L),264,26.94,10.99,11.23,2.61,764,5.76
5174,도미노피자_피자_치즈 피자 슈화 더블 치즈 피자 페퍼로니 엣지 (L),304,27.85,14.75,11.14,3.0,974,2.91
5175,어죽,69,12.6,2.55,0.94,1.1,800,1.23
5176,어탕,57,1.21,8.47,2.06,0.7,150,0.0
5177,얼갈이 겉절이,22,4.12,1.3,0.43,1.7,100,1.99
5178,얼갈이 나물,48,3.96,1.9,3.05,2.7,100,0.67
5179,어묵조림,179,22.68,9.6,5.61,1.0,100,5.63
5180,어묵조림_풋고추,173,21.18,9.3,5.72,0.8,100,6.51
5181,어묵탕,21,2.86,1.4,0.48,0.2,100,0.6
5182,어묵탕_고춧가루,29,4.23,1.9,0.69,0.5,100,0.87
5183,어묵튀김,179,15.75,8.4,8.93,0.3,100,1.91
5184,어육소시지전,177,12.73,8.23,10.14,0.1,100,2.04
5185,어묵볶음_어묵_채소,78,9.78,3.97,2.76,0.6,100,2.58
5186,어묵볶음_채소,89,10.05,4.3,3.57,0.7,100,2.7
5187,어묵잡채,126,9.87,6.5,6.53,0.6,100,2.2
5188,어묵전,214,22.1,9.9,8.96,0.6,100,1.79
5189,도미노피자_피자_치즈 피자 슈화 더블 치즈 피자 페퍼로니 엣지 (M),321,26.33,16.39,12.14,3.17,578,3.06
5190,어묵 우동,61,11.22,1.9,0.72,0.6,100,0.15
5191,어묵국,21,2.75,1.4,0.47,0.2,100,0.64
5192,어묵국(어묵탕),31,3.83,1.49,1.03,0.4,350,0.07
5193,GS 리테일 심플리쿡_어묵국(어묵탕)_간편조리세트_프리미엄 이자카야어묵탕,69,11.01,3.48,1.26,0.8,1383,3.02
5194,어묵국(어묵탕)_고춧가루,30,4.31,1.93,0.69,0.5,100,0.94
5195,어묵국(어묵탕)_고춧가루 제외,21,2.92,1.4,0.48,0.2,100,0.6
5196,교촌치킨_어묵국(어묵탕)_츠쿠네 어묵탕,63,8.76,5.2,1.45,0.76,100,1.83
5197,어묵국물,7,1.05,0.5,0.13,0.2,100,0.14
5198,어묵볶음,197,24.33,8.41,7.29,2.5,140,6.31
5199,어묵볶음_어묵,89,11.02,5.07,2.93,0.5,100,2.39
5200,양파링튀김,411,43.58,3.86,25.23,2.7,100,5.43
5201,양파볶음,68,4.71,0.9,5.18,1.4,100,3.87
5202,양파장아찌,63,16.05,0.6,0.03,1.0,100,15.42
5203,어묵 감자볶음,208,23.66,8.2,9.07,1.3,100,4.39
5204,어묵 매운탕,36,4.64,2.5,0.89,0.4,100,0.89
5205,어묵 오이무침,128,18.13,7.7,3.07,1.3,100,5.45
5206,양배추부추무침,34,6.71,1.9,0.51,3.2,100,3.44
5207,양배추오이  샐러드,188,8.2,1.8,17.09,2.3,100,4.28
5208,양상추 샐러드,79,4.72,1.7,6.14,1.1,100,3.0
5209,양송이 덮밥,93,19.64,1.9,0.65,0.7,100,1.27
5210,양송이버섯볶음_소고기,102,5.16,4.7,7.57,1.0,100,2.98
5211,양장피,81,5.33,10.7,1.8,1.8,100,3.15
5212,양태구이,107,0.1,14.0,5.11,0.0,100,0.0
5213,양파 소고기전,155,8.88,5.0,10.63,1.2,100,3.51
5214,양배추 겉절이,39,6.5,1.7,1.24,2.4,100,3.21
5215,양배추 된장국,34,3.93,2.9,0.89,1.6,100,1.61
5216,양배추 사과 샐러드,141,11.56,1.1,10.68,2.2,100,8.29
5217,양배추 샐러드,99,4.32,0.9,8.95,1.3,100,2.2
5218,양배추 초나물,66,9.44,2.0,2.75,2.4,100,5.6
5219,양배추김치,39,8.29,2.2,0.39,3.4,100,4.0
5220,양배추나물,71,8.69,2.2,3.76,3.1,100,4.42
5221,약식,220,45.43,4.44,2.32,1.5,100,10.21
5222,양념 도토리묵,55,9.91,1.1,1.27,1.6,100,0.15
5223,양념 돼지고기튀김,189,13.89,12.9,8.58,0.6,100,2.19
5224,양념 바지락젓,50,2.07,5.8,1.97,0.6,100,0.81
5225,양념 새우젓,67,6.78,7.3,1.5,2.2,100,1.5
5226,양념 오징어젓,60,4.81,7.9,1.08,1.0,100,1.22
5227,양념 오징어젓_낙지,66,5.27,8.2,1.33,0.9,100,1.43
5228,양념두부,68,2.99,6.2,3.39,2.0,100,0.09
5229,양념채김치,53,7.5,3.3,1.55,2.8,100,3.61
5230,양념초장,134,21.8,10.4,1.03,3.8,100,1.39
5231,양미리조림,65,9.09,5.76,0.66,2.8,100,2.2
5232,애호박찜,181,21.18,9.5,6.48,2.2,100,1.81
5233,뚜레쥬르_야채빵_그냥먹어도맛있는햄야채롤(6개입),361,36.84,10.1,15.36,3.57,198,8.59
5234,송사부수제쌀고로케_야채빵_맛살크림 샐러드,333,33.98,7.78,14.17,3.29,90,8.89
5235,송사부수제쌀고로케_야채빵_야채 샐러드,197,20.1,4.17,8.38,1.95,120,8.33
5236,따삐오_야채빵_야채넣은 롤빵,332,33.88,12.0,14.12,3.28,317,8.0
5237,파리바게뜨_야채빵_양파꽃이피었습니다,368,37.55,7.86,15.66,3.63,140,6.43
5238,송사부수제쌀고로케_야채빵_에그마요 샐러드,245,25.0,8.33,10.42,2.42,120,4.17
5239,따삐오_야채빵_올리브야채 브레드,283,28.88,8.0,12.04,2.79,237,8.0
5240,뚜레쥬르_야채빵_햄야채롤 (6개입),354,36.12,10.61,15.06,3.5,198,2.53
5241,뚜레쥬르_야채빵_햄야채롤 (8개입),352,35.92,10.98,14.98,3.48,264,2.65
5242,약과,399,84.89,4.2,4.75,5.3,30,16.89
5243,던킨_약과_아카시아 허니 글레이즈드,379,38.68,7.58,16.12,3.74,66,12.12
5244,도미노피자_피자_치즈 피자 씬 (L),306,26.3,13.27,16.45,3.02,403,3.53
5245,애호박나물,37,5.51,1.3,1.44,2.2,100,2.64
5246,애호박볶음,59,5.3,1.32,3.62,2.4,50,0.42
5247,애호박부침개,159,19.42,4.6,6.56,1.6,100,1.2
5248,애호박부침개_새우,141,16.23,6.4,5.28,1.7,100,1.35
5249,애호박전,87,6.0,2.2,5.88,1.0,100,0.98
5250,애호박죽,77,15.0,1.4,0.96,0.6,100,0.43
5251,애호박찌개,17,3.54,0.9,0.17,1.6,100,1.53
5252,애호박찌개_감자,38,3.87,3.7,0.95,1.4,100,0.83
5253,애호박찌개_두부,39,3.79,3.7,1.04,1.4,100,0.76
5254,뚜레쥬르_앙금빵_앙 호두버터샌드,424,90.11,7.6,2.13,4.19,250,21.6
5255,커피베이_앙금빵_앙금빵의 정석 망고,298,63.33,6.67,1.5,2.94,60,53.33
5256,커피베이_앙금빵_앙금빵의 정석 메론,298,65.0,6.67,1.33,2.94,60,35.0
5257,뚜레쥬르_앙금빵_앙버터 라우겐,387,82.24,7.33,1.95,3.82,150,14.67
5258,뚜레쥬르_앙금빵_앙버터라우겐,354,75.23,6.12,1.78,3.5,147,14.67
5259,앙금빵_앙버터빵,372,41.64,7.0,19.72,4.1,100,16.29
5260,뚜레쥬르_앙금빵_완두 앙금빵,319,67.79,7.5,1.61,3.15,80,18.75
5261,파리바게뜨_앙금빵_완두앙금빵,255,54.19,7.0,1.28,2.52,100,19.0
5262,뚜레쥬르_앙금빵_완두앙금빵,306,65.03,7.5,1.54,3.02,80,18.75
5263,따삐오_앙금빵_완전소중한완두 앙금빵,281,59.72,7.19,1.41,2.78,139,27.34
5264,따삐오_앙금빵_적앙금트위스트(갈비빵),330,70.13,8.0,1.66,3.26,328,19.0
5265,파리바게뜨_앙금빵_찹쌀앙금빵,341,72.47,7.06,1.72,3.37,85,29.41
5266,애호박 감자된장국_바지락,24,3.39,1.9,0.33,1.0,100,0.69
5267,애호박 된장국,23,3.18,2.0,0.48,1.5,100,0.97
5268,애호박 볶음,64,4.25,1.1,4.95,1.8,100,0.42
5269,알밥,86,15.67,2.3,1.45,0.8,100,0.47
5270,GS 리테일 심플리쿡_알밥_간편조리세트_갑오징어알뚝밥,124,10.21,9.82,4.88,1.0,355,2.63
5271,알탕,39,1.74,6.37,0.74,1.6,520,0.0
5272,알탕_해물,46,2.29,6.82,1.03,0.8,100,0.55
5273,파리바게뜨_앙금빵_고구마앙금빵,253,53.77,5.26,1.27,2.5,95,12.63
5274,뚜레쥬르_앙금빵_라우겐(2개입),276,58.65,8.33,1.39,2.73,156,3.85
5275,뚜레쥬르_앙금빵_마구마구 고구마,248,52.7,5.1,1.25,2.45,353,17.85
5276,도미노피자_피자_치즈 피자 씬 (M),311,23.32,15.05,17.54,3.07,233,2.97
5277,커피마마_아이스크림_호키포키 바닐라 아이스크림,121,18.07,2.0,4.51,1.59,100,14.0
5278,요거프레소_아이스크림_홍시 아이스드림,176,26.28,2.0,6.56,2.31,300,11.33
5279,커피마마_아이스크림_화이트초콜릿라즈베리 아이스크림,114,17.02,2.0,4.25,1.5,100,11.0
5280,스트릿츄러스_아이스크림_흑당 아이스크림,162,34.19,1.94,1.74,2.13,100,25.16
5281,스트릿츄러스_아이스크림_흑당아츄 아이스크림,202,37.44,2.56,4.62,2.65,100,22.56
5282,요거트아이스크림의정석_아이스크림_흑백쿠키의 정석,239,36.9,2.95,8.86,3.14,271,28.04
5283,요거프레소_아이스크림_한입 요거트 딸기,153,22.85,2.0,5.7,2.01,100,3.33
5284,요거프레소_아이스크림_한입 요거트 마시멜로우,179,26.73,2.26,6.67,2.35,133,11.28
5285,요거프레소_아이스크림_한입 요거트 망고,181,27.03,2.0,6.75,2.38,100,8.0
5286,요거프레소_아이스크림_한입 요거트 복숭아,181,27.03,2.0,6.75,2.38,100,13.33
5287,요거프레소_아이스크림_한입 요거트 블루베리,155,23.15,2.0,5.78,2.04,100,8.0
5288,요거프레소_아이스크림_한입 요거트 자몽,135,20.16,1.79,5.03,1.77,193,9.3
5289,요거프레소_아이스크림_한입 요거트 초코,143,21.36,2.86,5.33,1.88,100,6.91
5290,요거프레소_아이스크림_한입 요거트 치즈,143,21.36,2.86,5.33,1.88,100,6.91
5291,요거프레소_아이스크림_한입 요거트 코코젤리,125,18.67,1.64,4.66,1.64,183,7.1
5292,요거프레소_아이스크림_한입 요거트 타피오카펄,160,23.89,1.64,5.97,2.1,183,7.1
5293,요거프레소_아이스크림_한입 요거트 트로피칼,181,27.03,2.0,6.75,2.38,150,14.67
5294,요거프레소_아이스크림_한입 요거트 파인애플,342,51.07,2.77,12.75,4.49,193,40.2
5295,요거프레소_아이스크림_한입 요거트 홍시,162,24.19,1.72,6.04,2.13,193,2.9
5296,요거트아이스크림의정석_아이스크림_행운 찰떡의 정석,200,39.59,3.75,2.92,2.63,240,18.75
5297,카페띠아모_아이스크림_허니 레몬 젤라또,129,19.26,1.6,4.81,1.69,100,26.3
5298,배스킨라빈스_아이스크림_허니 크런치,230,34.35,3.48,8.58,3.02,115,23.48
5299,카페띠아모_아이스크림_헤이즐넛 초코렛 젤라또,193,28.82,4.2,7.2,2.53,100,24.1
5300,카페띠아모_아이스크림_헤이즐넛초콜렛 젤라또,193,28.82,4.2,7.2,2.53,100,24.1
5301,요거프레소_아이스크림_프루티 스트로베리,177,26.43,2.5,6.6,2.32,100,39.17
5302,커피마마_아이스크림_프룻포레스트 요거트 아이스크림,180,26.88,3.7,6.71,2.36,100,26.3
5303,배스킨라빈스_아이스크림_프릳츠 커피 아이스크림,227,26.96,4.35,11.3,2.98,115,20.0
5304,요거프레소_아이스크림_플레인 밀크 아이스크림,79,11.8,2.83,2.95,1.04,120,9.58
5305,요거프레소_아이스크림_플레인 요거트 아이스크림,183,27.33,1.82,6.82,2.4,110,40.0
5306,요거프레소_아이스크림_플레인 요거트 아이스크림 (2인),186,27.78,2.73,6.94,2.44,220,23.18
5307,요거프레소_아이스크림_플레인 요거트 아이스크림 (3인),186,27.78,2.73,6.94,2.44,330,23.33
5308,요거프레소_아이스크림_플레인 요거트 아이스크림(2인),170,25.39,2.5,6.34,2.23,240,23.18
5309,배스킨라빈스_아이스크림_피나콜라다 아이스크림,173,36.52,0.87,2.61,2.27,115,24.35
5310,카페띠아모_아이스크림_피넛버터 & 젤리 젤라또,202,30.17,5.4,7.53,2.65,100,23.6
5311,요거프레소_아이스크림_피넛카라멜 토핑요거트,335,50.03,5.3,12.49,4.4,100,15.6
5312,배스킨라빈스_아이스크림_피스타치오 아몬드,263,39.28,6.09,9.81,3.45,115,23.48
5313,파스쿠찌_아이스크림_피스타치오 젤라또,206,30.76,5.0,7.68,2.71,100,23.0
5314,배스킨라빈스_아이스크림_피스타치오아몬드 아이스크림,263,24.35,6.09,15.65,3.45,115,23.48
5315,배스킨라빈스_아이스크림_피치 Pang 망고 Pang,176,26.28,0.87,6.56,2.31,115,24.35
5316,배스킨라빈스_아이스크림_피치 요거트,192,28.67,1.74,7.16,2.52,115,31.31
5317,배스킨라빈스_아이스크림_피치 요거트 아이스크림,192,38.26,1.74,3.57,2.52,115,31.3
5318,마이요거트립_아이스크림_하루한번하늘 그릭요거트,247,36.89,20.36,9.21,3.24,165,25.39
5319,요거프레소_아이스크림_토핑요거트 플레인 (M),171,25.54,2.4,6.38,2.25,350,3.86
5320,요거프레소_아이스크림_토핑요거트 플레인 (S),171,25.54,2.4,6.38,2.25,200,3.86
5321,요거프레소_아이스크림_토핑요거트 홍시,179,26.73,1.76,6.67,2.35,300,2.57
5322,배스킨라빈스_아이스크림_투둠초콜릿 프레첼 아이스크림,237,30.43,3.48,11.3,3.11,115,22.61
5323,배스킨라빈스_아이스크림_트로피컬 썸머 플레이,162,24.19,0.87,6.04,2.13,115,22.61
5324,배스킨라빈스_아이스크림_트로피컬 콜라다,110,16.43,0.87,4.1,1.44,115,13.91
5325,배스킨라빈스_아이스크림_트리플민초 아이스크림 레디팩,203,30.32,3.9,7.57,2.67,100,13.47
5326,요거트아이스크림의정석_아이스크림_트윈베리 아사이볼,151,33.21,2.14,2.86,1.98,280,16.07
5327,요거프레소_아이스크림_티라미수 밀크 아이스크림,100,14.93,2.5,3.73,1.31,100,9.17
5328,파스쿠찌_아이스크림_티라미수 젤라또,207,30.91,4.0,7.72,2.72,100,21.0
5329,카페띠아모_아이스크림_티라미수 젤라또,165,24.64,4.2,6.15,2.17,100,23.8
5330,파스쿠찌_아이스크림_파인애플 젤라또,133,19.86,0.0,4.96,1.75,100,30.0
5331,배스킨라빈스_아이스크림_파핑파핑 바나나 아이스크림,205,25.22,2.61,10.43,2.69,115,20.87
5332,배스킨라빈스_아이스크림_팝핑 스타 라이즈 아이스크림,210,33.04,1.74,7.83,2.76,115,23.48
5333,배스킨라빈스_아이스크림_팥있는 말차당,210,31.36,3.48,7.83,2.76,115,24.35
5334,청자다방_아이스크림_퐁스크림,175,26.13,2.46,6.52,2.3,100,25.15
5335,요거프레소_아이스크림_프루티 망고,173,25.84,2.5,6.45,2.27,100,36.67
5336,요거프레소_아이스크림_프루티 블루베리,151,22.55,1.48,5.63,1.98,100,32.59
5337,배스킨라빈스_아이스크림_탕탕 스트로베리,186,27.78,1.74,6.94,2.44,115,27.83
5338,롯데리아_아이스크림_토네이도더블초코,186,27.78,2.74,6.94,2.44,190,21.58
5339,롯데리아_아이스크림_토네이도망고젤리,155,23.15,2.0,5.78,2.04,190,22.11
5340,롯데리아_아이스크림_토네이도스트로베리,157,23.45,2.25,5.85,2.06,177,20.91
5341,롯데리아_아이스크림_토네이도요거트맛 망고젤리,153,22.85,1.91,5.7,2.01,200,21.5
5342,롯데리아_아이스크림_토네이도요거트맛 스트로베리,155,23.15,2.15,5.78,2.04,187,20.32
5343,롯데리아_아이스크림_토네이도요거트맛 초코쿠키,176,26.28,2.68,6.56,2.31,185,18.92
5344,롯데리아_아이스크림_토네이도초코쿠키,179,26.73,2.82,6.67,2.35,175,19.43
5345,요거프레소_아이스크림_토핑요거트 딸기,147,21.95,1.89,5.48,1.93,315,9.12
5346,요거프레소_아이스크림_토핑요거트 망고,155,23.15,1.85,5.78,2.04,315,11.69
5347,요거프레소_아이스크림_토핑요거트 복숭아,148,22.1,1.68,5.52,1.94,315,10.89
5348,요거프레소_아이스크림_토핑요거트 블루베리,148,22.1,1.73,5.52,1.94,315,10.46
5349,요거프레소_아이스크림_토핑요거트 자몽,149,22.25,1.83,5.56,1.96,300,9.89
5350,요거프레소_아이스크림_토핑요거트 초코브라우니,206,30.76,2.83,7.68,2.71,230,8.57
5351,요거프레소_아이스크림_토핑요거트 치즈,208,31.06,3.39,7.76,2.73,230,4.99
5352,요거프레소_아이스크림_토핑요거트 파인애플,333,49.73,2.67,12.42,4.37,300,34.57
5353,요거프레소_아이스크림_토핑요거트 플레인 (L),171,25.54,2.4,6.38,2.25,500,3.86
5354,7번가피자_피자_치즈 피자 씬바샤삭 (L),360,36.73,16.67,15.31,3.56,455,3.51
5355,요거트아이스크림의정석_아이스크림_카카오맘보 아사이볼,182,33.99,2.64,5.61,2.39,303,17.16
5356,카페띠아모_아이스크림_카페 모카 젤라또,159,23.74,3.3,5.93,2.09,100,23.1
5357,커피마마_아이스크림_카페 에스프레소 아이스크림,126,18.82,2.0,4.7,1.65,100,12.0
5358,배스킨라빈스_아이스크림_카페오레 초코 크런치,250,37.33,3.48,9.32,3.28,115,22.61
5359,배스킨라빈스_아이스크림_캠핑 앤 스모어 아이스크림,244,32.17,3.48,11.3,3.2,115,22.61
5360,츄러스1500_아이스크림_컬러후레이크 아이스크림,398,61.46,5.21,14.58,5.23,96,19.06
5361,마이요거트립_아이스크림_코코넛허니시트러스 요거트아이스크림,141,21.06,2.67,5.26,1.85,330,18.82
5362,츄러스1500_아이스크림_콘 아이스크림,323,49.9,5.31,11.33,4.24,98,10.31
5363,카페베네_아이스크림_콜드브루 리코타치즈 아포가토 디카페인,155,23.15,1.95,5.78,2.04,205,13.17
5364,카페베네_아이스크림_콜드브루 바닐라 아포가토 디카페인,159,23.74,1.95,5.93,2.09,205,13.66
5365,카페띠아모_아이스크림_쿠키 & 크림 젤라또,168,25.09,3.6,6.26,2.21,100,23.9
5366,청자다방_아이스크림_쿠키 아이스크림,187,27.93,2.92,6.97,2.46,100,17.32
5367,배스킨라빈스_아이스크림_쿠키앤크림 아이스크림,198,21.74,4.35,10.43,2.6,115,15.65
5368,커피마마_아이스크림_쿠키앤크림 아이스크림,130,19.41,2.0,4.85,1.71,100,12.0
5369,카페띠아모_아이스크림_크리미 요거트 젤라또,172,25.69,3.2,6.41,2.26,100,24.5
5370,크리스피크림도넛_아이스크림_크리스피 아이스크림 콘,172,25.69,3.03,6.41,2.26,165,23.64
5371,배스킨라빈스_아이스크림_키세스 브라우니 초콜릿,243,36.29,4.35,9.06,3.19,115,23.48
5372,요거프레소_아이스크림_키위 아이스드림,169,25.24,2.0,6.3,2.22,300,9.67
5373,스타벅스_아이스크림_초콜릿 아포가토,216,32.26,3.74,8.05,2.84,107,20.56
5374,배스킨라빈스_아이스크림_초콜릿 칩 아이스크림,233,23.48,3.48,13.91,3.06,115,20.0
5375,배스킨라빈스_아이스크림_초콜릿무스,277,41.37,4.35,10.33,3.64,115,23.48
5376,배스킨라빈스_아이스크림_초콜릿무스 아이스크림,277,29.57,4.35,15.65,3.64,115,23.48
5377,투썸플레이스_아이스크림_초콜릿파르페 아이스(ICED) (Short),259,38.68,3.27,9.66,3.4,245,16.73
5378,배스킨라빈스_아이스크림_춘식이가 반할수박에 아이스크림,143,33.91,0.0,0.87,1.88,115,24.35
5379,배스킨라빈스_아이스크림_춘식이의 고구마얌,201,30.02,2.61,7.49,2.64,115,20.0
5380,파스쿠찌_아이스크림_츄로 젤라또,214,31.96,4.0,7.98,2.81,100,26.0
5381,배스킨라빈스_아이스크림_치즈 고구마구마,213,31.81,3.48,7.94,2.8,115,18.26
5382,배스킨라빈스_아이스크림_치즈가 브러우니,206,30.76,3.48,7.68,2.71,115,18.26
5383,마이요거트립_아이스크림_치즈케이크마카롱판타지 요거트아이스크림,222,33.15,4.46,8.28,2.92,296,23.92
5384,요거프레소_아이스크림_치즈큐브 블루베리,193,28.82,2.78,7.2,2.53,100,32.64
5385,요거프레소_아이스크림_치즈큐브 스트로베리,179,26.73,2.48,6.67,2.35,100,29.19
5386,배스킨라빈스_아이스크림_치토스 밀크쉐이크 아이스크림 아이스크림,216,32.26,3.48,8.05,2.84,115,20.87
5387,츄러스1500_아이스크림_카라멜 아이스크림,387,50.41,5.51,18.06,5.08,98,13.27
5388,카페띠아모_아이스크림_카라멜 젤라또,171,25.54,3.2,6.38,2.25,100,23.1
5389,카페띠아모_아이스크림_카초멜리아 젤라또,182,27.18,3.7,6.79,2.39,100,22.8
5390,파스쿠찌_아이스크림_카카오골드 젤라또,187,27.93,85.0,6.97,2.46,100,25.0
5391,파스쿠찌_아이스크림_초코 코코넛 젤라또,214,31.96,4.0,7.98,2.81,100,26.0
5392,요거프레소_아이스크림_초코 티라미스크림,277,41.37,3.16,10.33,3.64,172,15.34
5393,배스킨라빈스_아이스크림_초코 퐁당 쿠키런 아이스크림,280,31.3,3.48,15.65,3.68,115,22.61
5394,배스킨라빈스_아이스크림_초코  우리 이제 헤이즐넛,239,35.69,4.35,8.91,3.14,115,21.74
5395,배스킨라빈스_아이스크림_초코나무 숲,262,39.13,3.48,9.77,3.44,115,25.22
5396,배스킨라빈스_아이스크림_초코나무숲 아이스크림,252,29.57,6.09,12.17,3.31,115,20.0
5397,배스킨라빈스_아이스크림_초코넛 마카다미아 아이스크림,235,27.83,3.48,12.17,3.09,115,20.87
5398,카페띠아모_아이스크림_초코렛 젤라또,193,28.82,4.3,7.2,2.53,100,22.6
5399,커피마마_아이스크림_초코릿 엑스타시 아이스크림,132,19.71,2.0,4.92,1.73,100,15.0
5400,스트릿츄러스_아이스크림_초코아츄 아이스크림,201,30.3,3.64,7.27,2.64,100,17.58
5401,배스킨라빈스_아이스크림_초코야 민트해 아이스크림,283,32.17,3.48,15.65,3.72,115,26.09
5402,요거트아이스크림의정석_아이스크림_초코에 반한 딸기의 정석,204,25.33,3.0,10.0,2.68,300,23.0
5403,요거트아이스크림의정석_아이스크림_초코에 반한 오자몽의 정석,176,27.03,2.55,6.38,2.31,470,20.22
5404,요거트아이스크림의정석_아이스크림_초코자몽의 정석,144,27.42,1.94,2.58,1.89,310,20.0
5405,이디야_아이스크림_초코쿠키 아이스크림,186,27.78,3.43,6.94,2.44,146,19.18
5406,파스쿠찌_아이스크림_초코크런치 젤라또,243,36.29,2.86,9.06,3.19,140,19.29
5407,배스킨라빈스_아이스크림_초콜릿,238,35.54,4.35,8.87,3.13,115,20.87
5408,배스킨라빈스_아이스크림_초콜릿 아이스크림,238,27.83,4.35,12.17,3.13,115,20.87
5409,배스킨라빈스_아이스크림_쫀떡궁합,245,36.59,4.35,9.14,3.22,115,24.35
5410,배스킨라빈스_아이스크림_쫀떡궁합 아이스크림,245,29.57,4.35,12.17,3.22,115,24.35
5411,배스킨라빈스_아이스크림_찰떡꽁떡 아이스크림,140,20.91,3.0,5.22,1.84,100,10.0
5412,배스킨라빈스_아이스크림_찰떡이구마,214,31.96,3.48,7.98,2.81,115,20.87
5413,배스킨라빈스_아이스크림_찰떡이구마 아이스크림,210,31.3,3.48,7.83,2.76,115,21.74
5414,카페베네_아이스크림_찰떡팥 젤라또 (더블),146,21.8,1.11,5.44,1.92,180,22.78
5415,카페베네_아이스크림_찰떡팥 젤라또 (싱글),147,21.95,1.11,5.48,1.93,90,22.22
5416,배스킨라빈스_아이스크림_청포도 샤베트,152,22.7,0.0,5.67,2.0,115,24.35
5417,청자다방_아이스크림_청포도 아이스크림,146,21.8,1.82,5.44,1.92,100,21.11
5418,파스쿠찌_아이스크림_체리 크림 젤라또,206,30.76,3.0,7.68,2.71,100,23.0
5419,파스쿠찌_아이스크림_체리&딸기 코파 젤라또,180,26.88,1.74,6.71,2.36,100,25.26
5420,배스킨라빈스_아이스크림_체리쥬빌레,208,31.06,2.61,7.76,2.73,115,24.35
5421,배스킨라빈스_아이스크림_체리쥬빌레 아이스크림,208,27.83,2.61,9.57,2.73,115,24.35
5422,배스킨라빈스_아이스크림_체리쥬빌레 아이스크림 레디팩,187,27.93,2.58,6.97,2.46,100,14.65
5423,배스킨라빈스_아이스크림_초코 아몬드 봉봉 아이스크림,268,30.43,5.22,13.91,3.52,115,22.61
5424,츄러스1500_아이스크림_초코 아이스크림,350,53.66,6.95,11.83,4.6,82,12.2
5425,청자다방_아이스크림_초코 아이스크림,165,24.64,3.06,6.15,2.17,100,18.54
5426,스트릿츄러스_아이스크림_초코 아이스크림,152,24.0,3.2,4.8,2.0,100,19.2
5427,또래오래_피자_페퍼로니 피자,184,18.78,10.0,7.83,1.82,100,1.88
5428,치킨플러스_피자_페퍼로니 피자,243,24.8,12.63,10.34,2.4,100,1.95
5429,고피자_피자_페퍼로니 피자,275,28.06,12.9,11.7,2.72,283,6.57
5430,빅스타피자_피자_페퍼로니 피자,303,25.34,15.07,13.01,2.99,1170,0.68
5431,자담치킨_피자_페퍼로니 피자 (12인치),250,25.51,11.33,10.63,2.47,100,4.67
5432,자담치킨_피자_페퍼로니 피자 (7인치),267,27.24,13.33,11.36,2.64,180,5.56
5433,파파존스_피자_페퍼로니 피자 (F),281,28.67,11.11,11.95,2.78,863,4.63
5434,피자플래넷_피자_페퍼로니 피자 (L),352,35.92,7.67,14.97,3.48,805,2.55
5435,오구쌀피자_피자_페퍼로니 피자 (L),277,28.27,15.23,11.78,2.74,604,5.3
5436,반올림피자_피자_페퍼로니 피자 (L),262,26.73,12.15,11.14,2.59,100,5.22
5437,피제이피자_피자_페퍼로니 피자 (L),279,32.59,14.92,8.9,2.76,832,6.76
5438,피자헤븐_피자_페퍼로니 피자 (L),289,29.49,16.04,12.29,2.86,844,2.83
5439,피자애_피자_페퍼로니 피자 (L),373,38.06,8.1,15.87,3.69,636,3.67
5440,피자알볼로_피자_페퍼로니 피자 (L),293,29.9,14.29,12.46,2.9,845,2.86
5441,피자나라치킨공주_피자_페퍼로니 피자 (L),289,29.49,15.33,12.29,2.86,600,2.67
5442,피굽남피자_피자_페퍼로니 피자 (L),311,31.73,17.82,13.23,3.07,652,2.62
5443,파파존스_피자_페퍼로니 피자 (L),282,28.78,11.25,12.0,2.79,641,5.0
5444,킹스타피자_피자_페퍼로니 피자 (L),271,27.65,13.09,11.53,2.68,605,4.61
5445,오르새피자_피자_페퍼로니 피자 (L),292,29.8,15.25,12.42,2.89,590,3.39
5446,피자알볼로_피자_전주불백피자 (L),219,22.35,10.33,9.32,2.16,950,3.26
5447,파파존스_피자_페퍼로니 스파이시 갈릭 치즈롤 (F),298,30.41,13.1,12.68,2.94,100,4.37
5448,파파존스_피자_페퍼로니 스파이시 갈릭 치즈롤 (L),297,30.31,13.38,12.63,2.93,100,3.82
5449,파파존스_피자_페퍼로니 스파이시 갈릭 치즈롤 (P),297,30.31,13.08,12.63,2.93,100,4.36
5450,굽네치킨_피자_페퍼로니 시카고 피자,318,24.48,13.99,13.53,3.14,100,2.8
5451,비비큐_피자_페퍼로니 시카고 피자,265,27.04,12.85,11.27,2.62,100,5.34
5452,파파존스_피자_페퍼로니 씬,315,32.14,12.25,13.4,3.11,100,1.89
5453,파파존스_피자_페퍼로니 치즈롤 (F),291,29.69,12.74,12.38,2.88,100,3.54
5454,파파존스_피자_페퍼로니 치즈롤 (L),291,29.69,13.18,12.38,2.88,100,3.77
5455,파파존스_피자_페퍼로니 치즈롤 (P),291,29.69,12.65,12.38,2.88,100,3.51
5456,파파존스_피자_페퍼로니 크루아상,336,34.29,11.39,14.29,3.32,100,3.62
5457,미스터피자_피자_페퍼로니 플러스 1인피자,319,32.55,14.83,13.57,3.15,187,4.59
5458,미스터피자_피자_페퍼로니 플러스 피자 오리진 (L),275,28.06,13.87,11.7,2.72,794,4.47
5459,미스터피자_피자_페퍼로니 플러스 피자 오리진 (M),288,29.39,15.42,12.25,2.85,508,4.36
5460,미스터피자_피자_페퍼로니 플러스 피자 오리진 (R),149,15.2,7.94,6.34,1.47,502,1.59
5461,미스터피자_피자_페퍼로니 플러스 피자 치즈캡 (L),274,27.96,15.13,11.66,2.71,100,3.87
5462,미스터피자_피자_페퍼로니 플러스 피자 치즈캡 (M),285,29.08,16.67,12.12,2.82,100,3.67
5463,미스터피자_피자_페퍼로니 플러스 피자 치즈캡 (R),296,30.2,17.45,12.59,2.92,598,2.68
5464,피자스쿨_피자_페퍼로니 피자,307,37.62,16.19,10.0,3.03,565,3.01
5465,지정환피자_피자_페파로니팬(L),250,25.51,13.23,10.63,2.47,865,3.14
5466,지정환피자_피자_페파로니팬(R),251,25.61,12.61,10.68,2.48,100,3.18
5467,지정환피자_피자_페파로니흑미스크린(L),241,24.59,13.08,10.25,2.38,100,4.77
5468,지정환피자_피자_페파로니흑미스크린(R),237,24.18,12.58,10.08,2.34,100,4.81
5469,지정환피자_피자_페파로니흑미치즈크러스트(L),233,23.78,13.34,9.91,2.3,100,4.51
5470,지정환피자_피자_페파로니흑미치즈크러스트(R),227,23.16,12.99,9.66,2.24,100,4.46
5471,업텐브로피자_피자_페파불나 피자 (L),288,29.39,17.0,12.25,2.85,1314,3.0
5472,비토랩_피자_페퍼디언스 피자 (L),257,26.22,13.71,10.93,2.54,990,4.27
5473,비토랩_피자_페퍼디언스 피자 (R),259,26.43,14.06,11.02,2.56,770,4.3
5474,파파존스_피자_페퍼로니 (F),282,28.78,11.13,12.0,2.79,100,4.64
5475,피자에땅_피자_페퍼로니 (L),322,32.86,12.87,13.7,3.18,810,5.94
5476,파파존스_피자_페퍼로니 (L),282,28.78,11.24,12.0,2.79,641,4.99
5477,파파존스_피자_페퍼로니 (P),282,28.78,10.94,12.0,2.79,100,4.56
5478,파파존스_피자_페퍼로니 (R),281,28.67,11.02,11.95,2.78,354,5.09
5479,파파존스_피자_페퍼로니 골드링 (F),299,30.51,12.87,12.72,2.95,100,7.15
5480,파파존스_피자_페퍼로니 골드링 (L),299,30.51,12.82,12.72,2.95,100,7.48
5481,파파존스_피자_페퍼로니 골드링 (P),299,30.51,12.56,12.72,2.95,100,7.27
5482,파파존스_피자_페퍼로니 골드링 씬,312,31.84,11.58,13.27,3.08,100,5.07
5483,고피자_피자_페퍼로니 마니아 피자,284,28.98,13.22,12.08,2.81,299,4.21
5484,지정환피자_피자_페파로니 피자 흑미스크린치즈크러스트 (R),227,23.16,12.35,9.66,2.24,486,4.94
5485,피자마루_피자_페파로니 피자바이트 (L),280,28.57,13.77,11.91,2.77,848,5.19
5486,지정환피자_피자_페파로니고구마크러스트(L),244,24.9,12.04,10.38,2.41,960,4.58
5487,지정환피자_피자_페파로니고구마크러스트(R),245,25.0,11.43,10.42,2.42,100,4.68
5488,지정환피자_피자_페파로니밀스크린(L),255,26.02,13.18,10.85,2.52,100,2.99
5489,지정환피자_피자_페파로니밀스크린(R),250,25.51,12.68,10.63,2.47,100,3.11
5490,지정환피자_피자_페파로니밀스크린치즈크러스트(L),246,25.1,13.42,10.46,2.43,100,2.92
5491,지정환피자_피자_페파로니밀스크린치즈크러스트(R),239,24.39,13.07,10.17,2.36,100,3.0
5492,지정환피자_피자_페파로니백미스크린(L),248,25.31,13.18,10.55,2.45,100,6.01
5493,지정환피자_피자_페파로니백미스크린(R),244,24.9,12.67,10.38,2.41,100,5.99
5494,지정환피자_피자_페파로니백미치즈크러스트(L),239,24.39,13.43,10.17,2.36,100,5.61
5495,지정환피자_피자_페파로니백미치즈크러스트(R),233,23.78,13.07,9.91,2.3,100,5.48
5496,지정환피자_피자_페파로니씬(L),260,26.53,14.14,11.06,2.57,600,3.3
5497,지정환피자_피자_페파로니씬(R),261,26.63,13.3,11.1,2.58,333,3.37
5498,지정환피자_피자_페파로니체다크림크러스트(L),246,25.1,12.54,10.46,2.43,965,5.12
5499,지정환피자_피자_페파로니체다크림크러스트(R),247,25.2,11.96,10.51,2.44,100,5.25
5500,지정환피자_피자_페파로니치즈크러스트(L),242,24.69,13.46,10.29,2.39,960,3.06
5501,지정환피자_피자_페파로니치즈크러스트(R),240,24.49,12.96,10.21,2.37,100,3.07
5502,지정환피자_피자_페파로니 피자 밀스크린체다크림크러스트 (R),246,25.1,12.2,10.46,2.43,492,4.88
5503,지정환피자_피자_페파로니 피자 밀스크린치즈크러스트 (L),244,24.9,12.93,10.38,2.41,928,2.59
5504,지정환피자_피자_페파로니 피자 밀스크린치즈크러스트 (R),237,24.18,13.1,10.08,2.34,504,2.38
5505,지정환피자_피자_페파로니 피자 백미스크린 (L),248,25.31,13.0,10.55,2.45,800,6.0
5506,지정환피자_피자_페파로니 피자 백미스크린 (R),243,24.8,12.86,10.34,2.4,420,5.71
5507,지정환피자_피자_페파로니 피자 백미스크린치즈크러스트 (L),238,24.29,13.39,10.12,2.35,896,5.36
5508,지정환피자_피자_페파로니 피자 백미스크린치즈크러스트 (R),232,23.67,12.35,9.87,2.29,486,4.94
5509,지정환피자_피자_페파로니 피자 씬 (L),260,26.53,13.33,11.06,2.57,600,2.67
5510,지정환피자_피자_페파로니 피자 씬 (R),259,26.43,12.5,11.02,2.56,336,3.57
5511,지정환피자_피자_페파로니 피자 체다크림크러스트 (L),245,25.0,12.4,10.42,2.42,968,4.96
5512,지정환피자_피자_페파로니 피자 체다크림크러스트 (R),248,25.31,11.96,10.55,2.45,552,5.43
5513,지정환피자_피자_페파로니 피자 치즈크러스트 (L),241,24.59,13.33,10.25,2.38,960,3.33
5514,지정환피자_피자_페파로니 피자 치즈크러스트 (R),241,24.59,12.9,10.25,2.38,558,3.23
5515,지정환피자_피자_페파로니 피자 팬 (L),250,25.51,12.96,10.63,2.47,864,2.78
5516,지정환피자_피자_페파로니 피자 팬 (R),251,25.61,12.2,10.68,2.48,492,3.66
5517,지정환피자_피자_페파로니 피자 흑미스크린 (L),242,24.69,13.0,10.29,2.39,800,5.0
5518,지정환피자_피자_페파로니 피자 흑미스크린 (R),237,24.18,12.86,10.08,2.34,420,4.29
5519,지정환피자_피자_페파로니 피자 흑미스크린치즈크러스트 (L),233,23.78,13.39,9.91,2.3,896,4.46
5520,피자알볼로_피자_전주불백 피자 (R),221,22.55,12.79,9.4,2.18,685,3.49
5521,7번가피자_피자_페스티벌 피자 석쇠 (R),251,25.61,14.02,10.68,2.48,641,7.48
5522,7번가피자_피자_페스티벌 피자 씬바샤삭 (L),278,28.37,13.95,11.83,2.75,690,6.2
5523,7번가피자_피자_페스티벌 피자 씬바샤삭 (R),280,28.57,15.57,11.91,2.77,489,5.74
5524,7번가피자_피자_페스티벌 피자 치즈링 (L),250,25.51,14.78,10.63,2.47,916,6.09
5525,7번가피자_피자_페스티벌 피자 치즈링 (R),249,25.41,15.32,10.59,2.46,741,6.45
5526,고피자_피자_페이보릿포 피자,225,22.96,9.2,9.57,2.22,437,5.75
5527,고피자_피자_페이보릿포 피자 (L),256,26.12,10.64,10.89,2.53,750,5.32
5528,빅스타피자_피자_페파로니 시카고 피자,288,25.17,14.97,10.88,2.85,880,0.68
5529,피자마루_피자_페파로니 피자 (L),294,30.0,14.94,12.51,2.91,683,4.35
5530,네오피자_피자_페파로니 피자 (L),287,29.29,17.65,12.21,2.84,680,6.12
5531,난타5000피자_피자_페파로니 피자 (XL),273,27.86,10.61,11.61,2.7,1072,3.35
5532,지정환피자_피자_페파로니 피자 고구마크러스트 (L),244,24.9,11.67,10.38,2.41,960,4.17
5533,지정환피자_피자_페파로니 피자 고구마크러스트 (R),243,24.8,10.87,10.34,2.4,552,4.35
5534,지정환피자_피자_페파로니 피자 밀스크린 (L),254,25.92,13.46,10.8,2.51,832,2.88
5535,지정환피자_피자_페파로니 피자 밀스크린 (R),251,25.61,12.5,10.68,2.48,432,2.78
5536,지정환피자_피자_페파로니 피자 밀스크린고구마크러스트 (L),247,25.2,12.07,10.51,2.44,928,4.31
5537,지정환피자_피자_페파로니 피자 밀스크린고구마크러스트 (R),243,24.8,10.98,10.34,2.4,492,4.88
5538,지정환피자_피자_페파로니 피자 밀스크린체다크림크러스트 (L),251,25.61,12.93,10.68,2.48,928,5.17
5539,피자알볼로_피자_팔자피자 (L),256,26.12,10.98,10.89,2.53,1065,4.29
5540,피자알볼로_피자_팔자피자 (R),242,24.69,10.83,10.29,2.39,450,5.2
5541,피자알볼로_피자_팔자피자 (XL),270,27.55,10.98,11.48,2.67,1175,4.0
5542,프레드피자_피자_패티크러쉬 피자 (L),254,25.92,13.15,10.8,2.51,1004,4.04
5543,지정환피자_피자_퍼펙트골드 피자 고구마크러스트 (L),217,22.14,13.1,9.23,2.14,1160,6.21
5544,지정환피자_피자_퍼펙트골드 피자 고구마크러스트 (R),217,22.14,11.3,9.23,2.14,690,5.22
5545,지정환피자_피자_퍼펙트골드 피자 밀스크린고구마크러스트 (L),219,22.35,11.35,9.32,2.16,1128,4.96
5546,지정환피자_피자_퍼펙트골드 피자 밀스크린고구마크러스트 (R),213,21.73,11.43,9.06,2.1,630,4.76
5547,지정환피자_피자_퍼펙트골드고구마크러스트(L),215,21.94,11.39,9.15,2.12,1160,4.84
5548,지정환피자_피자_퍼펙트골드고구마크러스트(R),217,22.14,11.21,9.23,2.14,100,4.9
5549,지정환피자_피자_퍼펙트골드밀스크린고구마크러스트(L),217,22.14,11.3,9.23,2.14,100,4.78
5550,지정환피자_피자_퍼펙트골드밀스크린고구마크러스트(R),214,21.84,11.13,9.1,2.11,100,5.01
5551,네오피자_피자_펍스리라차 피자,241,24.59,12.36,10.25,2.38,1000,4.03
5552,7번가피자_피자_페스티벌 피자 골드스윗 (L),261,26.63,13.82,11.1,2.58,986,7.32
5553,7번가피자_피자_페스티벌 피자 골드스윗 (R),257,26.22,12.98,10.93,2.54,786,7.63
5554,7번가피자_피자_페스티벌 피자 리코타링 (L),260,26.53,14.29,11.06,2.57,896,7.14
5555,7번가피자_피자_페스티벌 피자 리코타링 (R),259,26.43,14.17,11.02,2.56,721,7.5
5556,7번가피자_피자_페스티벌 피자 석쇠 (L),251,25.61,14.0,10.68,2.48,796,7.0
5557,지정환피자_피자_트리플콤보흑미치즈크러스트(L),215,21.94,12.98,9.15,2.12,100,4.21
5558,지정환피자_피자_트리플콤보흑미치즈크러스트(R),211,21.53,11.1,8.98,2.08,100,3.53
5559,지정환피자_피자_트윈폴더 피자 씬 (L),241,24.59,13.53,10.25,2.38,1064,5.26
5560,지정환피자_피자_트윈폴더 피자 씬 (R),242,24.69,13.21,10.29,2.39,636,4.72
5561,피자애_피자_파스트라미 피자 (L),137,13.98,3.57,5.83,1.35,1769,1.9
5562,서오릉피자_피자_파인애플 (L),206,21.02,7.86,8.76,2.04,1028,8.57
5563,서오릉피자_피자_파인애플 (R),199,20.31,7.94,8.46,1.97,698,9.52
5564,선명희피자_피자_파인애플 피자,219,28.81,9.32,9.32,2.16,942,11.86
5565,오구쌀피자_피자_파인애플 피자 (L),241,24.59,12.79,10.25,2.38,688,6.98
5566,서오릉피자_피자_파인애플 피자 (L),235,23.98,8.66,10.0,2.32,100,8.97
5567,피자애_피자_파인애플 피자 (L),308,31.43,5.84,13.1,3.04,740,6.38
5568,서오릉피자_피자_파인애플 피자 (R),227,23.16,8.37,9.66,2.24,100,9.79
5569,피자알볼로_피자_파인애플떡갈비 피자 (L),241,24.59,11.89,10.25,2.38,1145,4.2
5570,피자알볼로_피자_파인애플떡갈비 피자 (R),240,24.49,12.2,10.21,2.37,735,8.94
5571,선명희피자_피자_파인애플피자,220,22.45,9.32,9.36,2.17,942,11.86
5572,피자알볼로_피자_팔도 피자 (L),226,23.06,13.68,9.61,2.23,1145,2.11
5573,피자알볼로_피자_팔도 피자 (R),226,23.06,13.15,9.61,2.23,972,2.37
5574,피자알볼로_피자_팔도피자 (L),226,23.06,13.16,9.61,2.23,972,2.11
5575,피자알볼로_피자_팔도피자 (XL),225,22.96,13.24,9.57,2.22,1145,2.41
5576,피자알볼로_피자_쟌슨빌콰트로피자 (R),282,28.78,13.16,12.0,2.79,522,3.75
5577,지정환피자_피자_트리플콤보밀스크린(L),231,23.57,12.83,9.83,2.28,100,2.96
5578,지정환피자_피자_트리플콤보밀스크린(R),228,23.27,10.66,9.7,2.25,100,2.32
5579,지정환피자_피자_트리플콤보밀스크린치즈크러스트(L),226,23.06,13.06,9.61,2.23,100,2.91
5580,지정환피자_피자_트리플콤보밀스크린치즈크러스트(R),221,22.55,11.21,9.4,2.18,100,2.32
5581,지정환피자_피자_트리플콤보백미스크린(L),225,22.96,12.82,9.57,2.22,100,5.37
5582,지정환피자_피자_트리플콤보백미스크린(R),222,22.65,10.59,9.44,2.19,100,4.64
5583,지정환피자_피자_트리플콤보백미치즈크러스트(L),220,22.45,13.05,9.36,2.17,100,5.11
5584,지정환피자_피자_트리플콤보백미치즈크러스트(R),215,21.94,11.16,9.15,2.12,100,4.37
5585,지정환피자_피자_트리플콤보씬(L),228,23.27,13.45,9.7,2.25,800,3.18
5586,지정환피자_피자_트리플콤보씬(R),231,23.57,10.66,9.83,2.28,100,2.34
5587,지정환피자_피자_트리플콤보체다크림크러스트(L),227,23.16,12.34,9.66,2.24,1165,4.73
5588,지정환피자_피자_트리플콤보체다크림크러스트(R),229,23.37,10.41,9.74,2.26,650,4.29
5589,지정환피자_피자_트리플콤보치즈크러스트(L),223,22.76,13.1,9.49,2.2,1160,3.02
5590,지정환피자_피자_트리플콤보치즈크러스트(R),224,22.86,11.29,9.53,2.21,100,2.45
5591,지정환피자_피자_트리플콤보팬(L),228,23.27,12.88,9.7,2.25,1065,3.08
5592,지정환피자_피자_트리플콤보팬(R),230,23.47,10.8,9.78,2.27,590,2.46
5593,지정환피자_피자_트리플콤보흑미스크린(L),220,22.45,12.74,9.36,2.17,100,4.38
5594,지정환피자_피자_트리플콤보흑미스크린(R),217,22.14,10.52,9.23,2.14,100,3.69
5595,지정환피자_피자_트리플콤보 피자 밀스크린치즈크러스트 (R),219,22.35,11.0,9.32,2.16,600,2.0
5596,지정환피자_피자_트리플콤보 피자 백미스크린 (L),225,22.96,12.8,9.57,2.22,1000,5.6
5597,지정환피자_피자_트리플콤보 피자 백미스크린 (R),221,22.55,10.47,9.4,2.18,516,4.65
5598,지정환피자_피자_트리플콤보 피자 백미스크린치즈크러스트 (L),219,22.35,13.14,9.32,2.16,1096,5.11
5599,지정환피자_피자_트리플콤보 피자 백미스크린치즈크러스트 (R),214,21.84,11.34,9.1,2.11,582,4.12
5600,지정환피자_피자_트리플콤보 피자 씬 (L),228,23.27,13.0,9.7,2.25,800,3.0
5601,지정환피자_피자_트리플콤보 피자 씬 (R),231,23.57,11.11,9.83,2.28,432,2.78
5602,지정환피자_피자_트리플콤보 피자 체다크림크러스트 (L),226,23.06,12.33,9.61,2.23,1168,4.79
5603,지정환피자_피자_트리플콤보 피자 체다크림크러스트 (R),230,23.47,10.19,9.78,2.27,648,4.63
5604,지정환피자_피자_트리플콤보 피자 치즈크러스트 (L),222,22.65,13.1,9.44,2.19,1160,2.76
5605,지정환피자_피자_트리플콤보 피자 치즈크러스트 (R),222,22.65,10.91,9.44,2.19,660,2.73
5606,지정환피자_피자_트리플콤보 피자 팬 (R),231,23.57,11.22,9.83,2.28,588,2.04
5607,지정환피자_피자_트리플콤보 피자 흑미스크린 (L),221,22.55,12.8,9.4,2.18,1000,4.8
5608,지정환피자_피자_트리플콤보 피자 흑미스크린 (R),217,22.14,10.47,9.23,2.14,516,3.49
5609,지정환피자_피자_트리플콤보 피자 흑미스크린치즈크러스트 (L),215,21.94,13.14,9.15,2.12,1096,4.38
5610,지정환피자_피자_트리플콤보 피자 흑미스크린치즈크러스트 (R),209,21.33,11.22,8.89,2.07,588,3.06
5611,지정환피자_피자_트리플콤보고구마크러스트(L),225,22.96,11.92,9.57,2.22,1160,4.28
5612,지정환피자_피자_트리플콤보고구마크러스트(R),227,23.16,9.95,9.66,2.24,647,3.8
5613,미스터피자_피자_트러플베지테리안 피자 치즈캡 (R),248,25.31,14.02,10.55,2.45,658,3.66
5614,피자스쿨_피자_트러플포테이토 피자,245,30.39,10.78,8.82,2.42,814,1.96
5615,피자스쿨_피자_트러플포테이토피자,245,25.0,10.94,10.42,2.42,814,1.96
5616,유로코피자_피자_트리플 치즈 비프 피자,303,30.92,14.14,12.89,2.99,1043,4.76
5617,피자헛_피자_트리플 치즈크래프티드 플래츠 (P),297,30.31,14.48,12.63,2.93,269,3.13
5618,킹스타피자_피자_트리플미트 피자 (L),199,20.31,9.12,8.46,1.97,1270,8.66
5619,피자나라치킨공주_피자_트리플바비큐 피자 (L),255,26.02,14.67,10.85,2.52,856,6.0
5620,피자에땅_피자_트리플치즈프라이 피자 (L),284,28.98,10.22,12.08,2.81,1092,4.38
5621,피자마루_피자_트리플치즈피자 (1인),268,27.35,14.87,11.4,2.65,216,4.2
5622,지정환피자_피자_트리플콤보 피자 고구마크러스트 (L),225,22.96,11.72,9.57,2.22,1160,4.14
5623,지정환피자_피자_트리플콤보 피자 고구마크러스트 (R),227,23.16,10.19,9.66,2.24,648,3.7
5624,지정환피자_피자_트리플콤보 피자 밀스크린 (L),231,23.57,13.18,9.83,2.28,1032,3.1
5625,지정환피자_피자_트리플콤보 피자 밀스크린 (R),228,23.27,10.23,9.7,2.25,528,2.27
5626,지정환피자_피자_트리플콤보 피자 밀스크린고구마크러스트 (L),227,23.16,12.06,9.66,2.24,1128,4.26
5627,지정환피자_피자_트리플콤보 피자 밀스크린고구마크러스트 (R),224,22.86,10.2,9.53,2.21,588,4.08
5628,지정환피자_피자_트리플콤보 피자 밀스크린체다크림크러스트 (L),230,23.47,12.06,9.78,2.27,1128,4.96
5629,지정환피자_피자_트리플콤보 피자 밀스크린체다크림크러스트 (R),228,23.27,10.2,9.7,2.25,588,4.08
5630,지정환피자_피자_트리플콤보 피자 밀스크린치즈크러스트 (L),224,22.86,12.77,9.53,2.21,1128,2.84
5631,피자마루_피자_투움바파스타 피자바이트 (L),233,23.78,10.42,9.91,2.3,933,4.51
5632,피자마루_피자_투움바피자,233,23.78,10.68,9.91,2.3,768,3.61
5633,피자마루_피자_투움바피자바이트,233,23.78,10.42,9.91,2.3,933,4.51
5634,피자헛_피자_트러플 불고기크래프티드 플래츠 (P),262,26.73,13.03,11.14,2.59,311,3.23
5635,피자스쿨_피자_트러플머쉬룸 피자,226,29.57,10.42,7.29,2.23,770,2.08
5636,피자스쿨_피자_트러플머쉬룸피자,218,22.24,10.47,9.27,2.15,774,2.08
5637,맘스피자_피자_트러플바질알리고피자 (L),262,26.73,12.33,11.14,2.59,843,3.68
5638,맘스피자_피자_트러플바질알리고피자 (M),256,26.12,11.7,10.89,2.53,598,4.05
5639,맘스피자_피자_트러플바질알리고피자 리치골드크러스트 (L),253,25.82,17.94,10.76,2.5,1067,4.17
5640,맘스피자_피자_트러플바질알리고피자 리치골드크러스트 (M),255,26.02,12.13,10.85,2.52,771,4.47
5641,맘스피자_피자_트러플바질알리고피자 치즈크러스트 (L),270,27.55,12.24,11.48,2.67,930,2.22
5642,맘스피자_피자_트러플바질알리고피자 치즈크러스트 (M),263,26.84,12.13,11.19,2.6,684,2.76
5643,피자마루_피자_트러플버섯 피자 (L),259,26.43,13.45,11.02,2.56,592,4.45
5644,피자마루_피자_트러플버섯 피자바이트 (L),253,25.82,12.53,10.76,2.5,757,5.37
5645,반올림피자_피자_트러플베이컨 피자 (L),275,28.06,11.58,11.7,2.72,100,6.86
5646,미스터피자_피자_트러플베지테리안 피자 오리진 (L),257,26.22,12.57,10.93,2.54,917,4.37
5647,미스터피자_피자_트러플베지테리안 피자 오리진 (R),243,24.8,12.06,10.34,2.4,562,4.26
5648,미스터피자_피자_트러플베지테리안 피자 치즈캡 (L),259,26.43,13.46,11.02,2.56,1040,3.85
5649,피자알볼로_피자_잠봉루꼴라피자,245,25.0,12.5,10.42,2.42,637,2.41
5650,피자파는집_피자_통마늘 불고기 피자밀도우(R),70,7.14,4.91,2.98,0.69,530,1.96
5651,피자파는집_피자_통마늘 불고기 피자씬도우(L),105,10.71,7.35,4.47,1.04,610,2.96
5652,피자파는집_피자_통마늘 불고기 피자씬도우(R),70,7.14,4.9,2.98,0.69,430,1.97
5653,피자탑_피자_통마늘불고기 피자 (L),184,18.78,11.74,7.83,1.82,1045,2.85
5654,반올림피자_피자_통마늘불고기 피자 (L),244,24.9,11.58,10.38,2.41,1070,6.27
5655,피자와썹_피자_통마늘소불고기피자씬(L),368,37.55,15.65,15.65,3.64,1022,2.04
5656,피자는치즈빨_피자_통베이컨할라피뇨 피자 (L),259,26.43,14.66,11.02,2.56,928,3.45
5657,피자는치즈빨_피자_통베이컨할라피뇨 피자 (M),258,26.33,15.05,10.97,2.55,558,3.23
5658,봉수아피자_피자_통삼겹파인(R),280,28.57,13.19,11.91,2.77,550,5.5
5659,봉수아피자_피자_통삼겹파인(XL),282,28.78,13.45,12.0,2.79,951,5.88
5660,봉수아피자_피자_통삽겹파인 피자,282,28.78,13.45,12.0,2.79,951,5.88
5661,오구쌀피자_피자_통새우 피자 (L),237,24.18,12.37,10.08,2.34,778,4.64
5662,피자나라치킨공주_피자_통새우불고기 피자 (L),219,22.35,13.33,9.32,2.16,856,5.33
5663,피자나라치킨공주_피자_통새우불고기(L),219,22.35,13.33,9.32,2.16,857,5.33
5664,피자나라치킨공주_피자_통새우불고기(M),219,22.35,13.33,9.32,2.16,600,5.33
5665,봉수아피자_피자_통새우불고기(R),225,22.96,14.17,9.57,2.22,692,3.74
5666,봉수아피자_피자_통새우불고기(XL),234,23.88,14.18,9.95,2.31,1130,3.69
5667,피자마루_피자_투움바파스타 피자 (L),233,23.78,10.68,9.91,2.3,768,3.61
5668,청년피자_피자_토핑농장 피자 (L),205,20.92,10.0,8.72,2.03,1328,7.95
5669,피자헛_피자_토핑킹 피자 더블치즈크러스트 (L),257,26.22,14.46,10.93,2.54,1333,2.95
5670,피자헛_피자_토핑킹 피자 더블치즈크러스트 (M),264,26.94,15.08,11.23,2.61,795,2.95
5671,피자헛_피자_토핑킹 피자 리치골드 (L),253,25.82,12.73,10.76,2.5,1379,4.19
5672,피자헛_피자_토핑킹 피자 리치골드 M,258,26.33,12.88,10.97,2.55,835,4.6
5673,피자헛_피자_토핑킹 피자 프리미엄 오리지널 (L),257,26.22,13.59,10.93,2.54,1030,3.67
5674,피자헛_피자_토핑킹 피자 프리미엄 오리지널 (M),260,26.53,13.76,11.06,2.57,582,3.56
5675,피자헛_피자_토핑킹 피자 프리첼 치즈 (L),255,26.02,11.32,10.85,2.52,1276,6.29
5676,피자헛_피자_토핑킹 피자 프리첼 치즈 (M),262,26.73,11.28,11.14,2.59,751,6.64
5677,피자헛_피자_토핑킹&수퍼슈프림 피자 더블치즈크러스트 (L),252,25.71,13.95,10.72,2.49,1261,2.61
5678,피자헛_피자_토핑킹&수퍼슈프림 피자 리치골드 (L),249,25.41,12.15,10.59,2.46,1307,3.93
5679,피자헛_피자_토핑킹&수퍼슈프림 피자 프리미엄 오리지널 (L),250,25.51,12.83,10.63,2.47,962,3.17
5680,피자헛_피자_토핑킹&수퍼슈프림 피자 프리첼 치즈 (L),251,25.61,10.6,10.68,2.48,1204,6.07
5681,피자파는집_피자_통마늘 불고기 피자 밀도우 (L),104,10.61,7.37,4.42,1.03,820,2.98
5682,피자파는집_피자_통마늘 불고기 피자 밀도우 (R),70,7.14,4.91,2.98,0.69,530,1.96
5683,피자파는집_피자_통마늘 불고기 피자 씬도우 (L),105,10.71,7.35,4.47,1.04,610,2.96
5684,피자파는집_피자_통마늘 불고기 피자 씬도우 (R),70,7.14,4.9,2.98,0.69,430,1.97
5685,피자파는집_피자_통마늘 불고기 피자밀도우(L),104,10.61,7.37,4.42,1.03,820,2.98
5686,피자마루_피자_이탈리안치즈 피자 바이트 (L),272,27.76,15.45,11.57,2.69,765,4.92
5687,미스터피자_피자_킹 브레드 쉬림프 골드 피자 크림치즈 (M),244,24.9,14.39,10.38,2.41,100,4.03
5688,미스터피자_피자_킹 브레드 쉬림프 골드 피자 크림치즈 (R),290,29.59,17.39,12.34,2.87,738,4.35
5689,오구쌀피자_피자_킹새우통치킨 피자 (L),246,25.1,12.45,10.46,2.43,965,4.56
5690,피자스쿨_피자_킹소시지 피자,260,26.53,12.72,11.06,2.57,928,3.02
5691,서오릉피자_피자_킹쉬림프 (L),213,21.73,9.16,9.06,2.1,964,3.82
5692,서오릉피자_피자_킹쉬림프 (R),198,20.2,8.2,8.42,1.96,621,3.28
5693,서오릉피자_피자_킹쉬림프 피자 (L),233,23.78,10.06,9.91,2.3,100,4.0
5694,서오릉피자_피자_킹쉬림프 피자 (R),234,23.88,10.18,9.95,2.31,100,4.0
5695,난타5000피자_피자_킹크래미 피자 (XL),273,27.86,11.56,11.61,2.7,880,3.4
5696,피굽남피자_피자_타코골드 피자 (L),286,29.18,16.67,12.17,2.83,881,3.69
5697,피자파는집_피자_탄탄불고기 피자 밀도우 (L),103,10.51,8.19,4.38,1.02,860,2.88
5698,피자파는집_피자_탄탄불고기 피자 밀도우 (R),68,6.94,5.44,2.89,0.67,540,1.93
5699,피자파는집_피자_탄탄불고기 피자 씬도우 (L),103,10.51,8.19,4.38,1.02,650,2.87
5700,피자파는집_피자_탄탄불고기 피자 씬도우 (R),68,6.94,5.46,2.89,0.67,440,1.91
5701,피자탑_피자_탑치즈 피자 (L),327,33.37,17.67,13.91,3.23,760,4.05
5702,피자탑_피자_탑콤비네이션 피자 (L),219,22.35,10.02,9.32,2.16,962,3.46
5703,피자스톰_피자_텍사스 폴드포크 (R),269,27.45,15.93,11.44,2.66,582,5.79
5704,피자스톰_피자_텍사스 풀드포크 피자 (XL),259,26.43,15.32,11.02,2.56,835,5.57
5705,미스터피자_피자_킹 브레드 쉬림프 골드 칠리 피자 에그타르트 (M),250,25.51,14.6,10.63,2.47,100,5.2
5706,미스터피자_피자_킹 브레드 쉬림프 골드 칠리 피자 치즈캡 (L),233,23.78,14.69,9.91,2.3,100,2.73
5707,미스터피자_피자_킹 브레드 쉬림프 골드 칠리 피자 치즈캡 (M),245,25.0,16.99,10.42,2.42,100,2.45
5708,미스터피자_피자_킹 브레드 쉬림프 골드 칠리 피자 크림치즈 (L),234,23.88,12.33,9.95,2.31,100,4.27
5709,미스터피자_피자_킹 브레드 쉬림프 골드 칠리 피자 크림치즈 (M),244,24.9,14.37,10.38,2.41,100,4.04
5710,미스터피자_피자_킹 브레드 쉬림프 골드 피자 골드 (L),233,23.78,13.38,9.91,2.3,100,3.71
5711,미스터피자_피자_킹 브레드 쉬림프 골드 피자 골드 (M),243,24.8,15.41,10.34,2.4,100,3.55
5712,미스터피자_피자_킹 브레드 쉬림프 골드 피자 골드 (R),280,28.57,17.39,11.91,2.77,738,4.35
5713,미스터피자_피자_킹 브레드 쉬림프 골드 피자 노엣지 (L),229,23.37,13.74,9.74,2.26,1130,3.03
5714,미스터피자_피자_킹 브레드 쉬림프 골드 피자 노엣지 (M),242,24.69,16.16,10.29,2.39,738,2.77
5715,미스터피자_피자_킹 브레드 쉬림프 골드 피자 노엣지 (R),242,24.69,16.22,10.29,2.39,738,2.7
5716,미스터피자_피자_킹 브레드 쉬림프 골드 피자 에그타르트 (L),239,24.39,12.54,10.17,2.36,100,5.36
5717,미스터피자_피자_킹 브레드 쉬림프 골드 피자 에그타르트 (M),250,25.51,14.62,10.63,2.47,100,5.17
5718,미스터피자_피자_킹 브레드 쉬림프 골드 피자 에그타르트 (R),287,29.29,16.3,12.21,2.84,738,5.43
5719,미스터피자_피자_킹 브레드 쉬림프 골드 피자 치즈캡 (L),233,23.78,14.68,9.91,2.3,100,2.73
5720,미스터피자_피자_킹 브레드 쉬림프 골드 피자 치즈캡 (M),245,25.0,16.98,10.42,2.42,100,2.45
5721,미스터피자_피자_킹 브레드 쉬림프 골드 피자 치즈캡 (R),245,25.0,17.31,10.42,2.42,834,2.88
5722,미스터피자_피자_킹 브레드 쉬림프 골드 피자 크림치즈 (L),234,23.88,12.34,9.95,2.31,100,4.25
5723,7번가피자_피자_크림치즈볼 피자 리코타링 (L),275,28.06,11.97,11.7,2.72,1139,7.75
5724,7번가피자_피자_크림치즈볼 피자 리코타링 (R),275,28.06,10.78,11.7,2.72,819,7.84
5725,7번가피자_피자_크림치즈볼 피자 석쇠 (L),269,27.45,11.54,11.44,2.66,1039,7.69
5726,7번가피자_피자_크림치즈볼 피자 석쇠 (R),269,27.45,11.35,11.44,2.66,739,7.57
5727,7번가피자_피자_크림치즈볼 피자 씬바샤삭 (L),297,30.31,10.19,12.63,2.93,861,6.48
5728,7번가피자_피자_크림치즈볼 피자 씬바샤삭 (R),293,29.9,10.39,12.46,2.9,616,7.14
5729,7번가피자_피자_크림치즈볼 피자 치즈링 (L),266,27.14,12.41,11.31,2.63,1159,6.9
5730,7번가피자_피자_크림치즈볼 피자 치즈링 (R),265,27.04,12.38,11.27,2.62,839,6.67
5731,피자에땅_피자_크림치즈포테이토 (L),275,28.06,7.1,11.7,2.72,1240,7.74
5732,피자에땅_피자_크림치즈포테이토 피자 (L),246,25.1,7.59,10.46,2.43,1260,7.59
5733,고피자_피자_클래식치즈 피자,279,28.47,14.71,11.87,2.76,250,4.64
5734,프레드피자_피자_킬바사소세지 피자 (L),285,29.08,12.83,12.12,2.82,1087,4.55
5735,프레드피자_피자_킬바사소세지피자오리지널(L),285,29.08,12.83,12.12,2.82,1087,4.55
5736,미스터피자_피자_킹 브레드 쉬림프 골드 칠리 피자 골드 칠리 (L),233,23.78,13.38,9.91,2.3,100,3.72
5737,미스터피자_피자_킹 브레드 쉬림프 골드 칠리 피자 골드 칠리 (M),243,24.8,15.4,10.34,2.4,100,3.56
5738,미스터피자_피자_킹 브레드 쉬림프 골드 칠리 피자 노엣지 (L),229,23.37,13.74,9.74,2.26,1114,3.03
5739,미스터피자_피자_킹 브레드 쉬림프 골드 칠리 피자 노엣지 (M),242,24.69,16.16,10.29,2.39,728,2.77
5740,미스터피자_피자_킹 브레드 쉬림프 골드 칠리 피자 에그타르트 (L),239,24.39,12.52,10.17,2.36,100,5.39
5741,피자마루_피자_이탈리안미트피자,273,27.86,11.02,11.61,2.7,322,3.72
5742,지정환피자_피자_크런치골드 피자 씬 (L),250,25.51,12.16,10.63,2.47,1184,3.38
5743,지정환피자_피자_크런치골드 피자 씬 (R),251,25.61,12.17,10.68,2.48,690,3.48
5744,지정환피자_피자_크런치골드씬(L),251,25.61,12.16,10.68,2.48,1180,3.46
5745,지정환피자_피자_크런치골드씬(R),251,25.61,11.82,10.68,2.48,689,3.49
5746,피자마루_피자_크레이지불새 피자 (L),241,24.59,15.29,10.25,2.38,834,5.14
5747,피자마루_피자_크레이지불새피자,241,24.59,15.29,10.25,2.38,834,5.15
5748,피굽남피자_피자_크로스포테이토 피자 (L),263,26.84,12.19,11.19,2.6,871,3.36
5749,피자파는집_피자_크리스피 더블치즈 디트로이트,235,23.98,11.94,10.0,2.32,550,3.55
5750,파파존스_피자_크리스피 치즈 트리플 피자 씬 (F),342,34.9,15.94,14.55,3.38,577,2.08
5751,파파존스_피자_크리스피 치즈 페퍼로니,323,32.96,14.64,13.74,3.19,655,2.44
5752,파파존스_피자_크리스피 치즈 페퍼로니 피자 씬 (F),324,33.06,14.66,13.78,3.2,655,2.44
5753,파파존스_피자_크리스피 치즈트리플,342,34.9,15.97,14.55,3.38,577,2.08
5754,피굽남피자_피자_크리스피핫치킨 피자 (L),255,26.02,17.17,10.85,2.52,783,4.19
5755,업텐브로피자_피자_크림치즈고구마 피자 (L),288,29.39,19.0,12.25,2.85,1290,4.0
5756,피자플래넷_피자_크림치즈고르곤졸라 피자 (L),323,32.96,3.15,13.74,3.19,750,1.62
5757,피자파는집_피자_크림치즈마르게리따,137,13.98,6.12,5.83,1.35,785,2.04
5758,7번가피자_피자_크림치즈볼 피자 골드스윗 (L),273,27.86,11.69,11.61,2.7,1229,7.79
5759,7번가피자_피자_크림치즈볼 피자 골드스윗 (R),269,27.45,10.81,11.44,2.66,884,8.11
5760,선명희피자_피자_큐브스테이크피자,257,26.22,16.15,10.93,2.54,1036,5.38
5761,도미노피자_피자_크랩&립하우스 피자 나폴리 (L),290,29.3,11.91,13.92,2.87,746,4.18
5762,도미노피자_피자_크랩&립하우스 피자 나폴리 (M),276,28.22,11.43,13.08,2.73,480,3.53
5763,도미노피자_피자_크랩&립하우스 피자 더블치즈 엣지 (L),277,29.6,12.46,12.06,2.74,1123,2.78
5764,도미노피자_피자_크랩&립하우스 피자 더블치즈 엣지 (M),279,28.39,12.55,12.76,2.76,692,2.29
5765,도미노피자_피자_크랩&립하우스 피자 더블치즈 페퍼로니 엣지 (L),280,26.34,12.92,13.8,2.77,1163,2.69
5766,도미노피자_피자_크랩&립하우스 피자 더블치즈 페퍼로니 엣지 (M),281,26.0,12.92,13.7,2.78,712,2.23
5767,도미노피자_피자_크랩&립하우스 피자 슈퍼시드 화이버 버스트 오리지널 (L),322,29.61,13.75,12.1,3.18,1095,6.42
5768,도미노피자_피자_크랩&립하우스 피자 슈퍼시드 화이버 오리지널 (L),270,33.73,11.0,10.0,2.67,909,5.6
5769,도미노피자_피자_크랩&립하우스 피자 슈퍼시드 화이버 오리지널 (M),271,34.63,11.0,9.88,2.68,536,4.8
5770,도미노피자_피자_크랩&립하우스 피자 슈화 더블 치즈 페퍼로니 엣지 (L),321,28.33,14.3,13.0,3.17,1106,5.51
5771,도미노피자_피자_크랩&립하우스 피자 슈화 더블 치즈 페퍼로니 엣지 (M),332,28.4,14.89,13.29,3.28,672,4.8
5772,도미노피자_피자_크랩&립하우스 피자 씬 (L),322,24.25,11.7,19.72,3.18,619,7.69
5773,도미노피자_피자_크랩&립하우스 피자 씬 (M),314,23.55,12.13,19.01,3.1,353,7.43
5774,도미노피자_피자_크랩&립하우스 피자 오리지널 (L),275,31.67,11.4,11.37,2.72,946,3.84
5775,도미노피자_피자_크랩&립하우스 피자 오리지널 (M),279,32.59,12.13,11.08,2.76,552,3.6
5776,도미노피자_피자_크랩&립하우스 피자 치즈버스트 나폴리 (L),289,23.67,12.83,15.92,2.86,994,3.03
5777,도미노피자_피자_크랩&립하우스 피자 치즈버스트 오리지널 (L),281,28.77,11.92,13.09,2.78,1173,3.72
5778,피자알볼로_피자_이탈리안 페페로니피자,269,27.45,12.71,11.44,2.66,507,2.27
5779,맘스피자_피자_콤비네이션피자 치즈크러스트 (M),274,27.96,13.82,11.66,2.71,605,1.95
5780,피자나라치킨공주_피자_콤비네이션피자(L),248,25.31,12.67,10.55,2.45,706,5.33
5781,피자나라치킨공주_피자_콤비네이션피자(M),248,25.31,12.67,10.55,2.45,450,5.33
5782,피자와썹_피자_콤비네이션피자씬(L),260,26.53,15.43,11.06,2.57,100,4.28
5783,뽕뜨락피자_피자_콰트로 피자 (L),227,23.16,11.39,9.66,2.24,1020,4.1
5784,뽕뜨락피자_피자_콰트로 피자 (M),236,24.08,12.83,10.04,2.33,627,4.27
5785,빅스타피자_피자_콰트로디트로이트 피자,279,23.23,16.16,14.14,2.76,792,5.05
5786,노모어피자_피자_콰트로머쉬룸불고기피자(L),249,30.1,12.31,8.83,2.46,1010,2.89
5787,노모어피자_피자_콰트로머쉬룸불고기피자(P),249,30.1,12.31,8.83,2.46,410,2.89
5788,노모어피자_피자_콰트로머쉬룸불고기피자(R),249,30.1,12.31,8.83,2.46,650,2.89
5789,킹스타피자_피자_콰트로미트 피자 (L),232,23.67,11.93,9.87,2.29,1020,7.18
5790,선명희피자_피자_콰트로치즈베이컨피자,294,30.0,17.98,12.51,2.91,709,3.37
5791,노모어피자_피자_콰트로치즈피자(L),291,27.57,13.62,14.04,2.88,900,1.25
5792,노모어피자_피자_콰트로치즈피자(P),291,27.57,13.62,14.04,2.88,330,1.25
5793,노모어피자_피자_콰트로치즈피자(R),291,27.57,13.62,14.04,2.88,580,1.25
5794,피자알볼로_피자_콰트로피자 (L),315,32.14,15.72,13.4,3.11,515,4.02
5795,피자알볼로_피자_콰트로피자 (R),315,32.14,15.72,13.4,3.11,309,4.02
5796,피자알볼로_피자_콰트로피자 (XL),315,32.14,15.72,13.4,3.11,767,4.02
5797,피자헛_피자_콤비네이션치즈크러스트 (L),250,25.51,12.2,10.63,2.47,988,1.95
5798,피자헛_피자_콤비네이션치즈크러스트 (M),263,26.84,13.4,11.19,2.6,601,1.8
5799,피자헛_피자_콤비네이션치즈크러스트 골드 (L),256,26.12,12.76,10.89,2.53,1020,1.81
5800,피자헛_피자_콤비네이션치즈크러스트 골드 (M),267,27.24,13.79,11.36,2.64,619,1.75
5801,피자헛_피자_콤비네이션팬 (L),280,28.57,10.84,11.91,2.77,857,2.52
5802,피자_콤비네이션피자,274,25.54,10.68,14.36,2.6,200,4.85
5803,선명희피자_피자_콤비네이션피자,249,25.41,14.52,10.59,2.46,991,4.84
5804,피자마루_피자_콤비네이션피자,245,25.0,13.32,10.42,2.42,726,3.7
5805,피자스쿨_피자_콤비네이션피자,249,25.41,13.09,10.59,2.46,710,2.53
5806,피자마루_피자_콤비네이션피자 (1인),249,25.41,13.24,10.59,2.46,267,4.39
5807,맘스피자_피자_콤비네이션피자 (L),257,26.22,14.02,10.93,2.54,764,1.07
5808,피자알볼로_피자_콤비네이션피자 (L),243,24.8,12.19,10.34,2.4,780,1.2
5809,맘스피자_피자_콤비네이션피자 (M),272,27.76,13.84,11.57,2.69,530,2.14
5810,피자알볼로_피자_콤비네이션피자 (R),243,24.8,12.13,10.34,2.4,455,1.18
5811,피자알볼로_피자_콤비네이션피자 (XL),243,24.8,12.29,10.34,2.4,1005,1.22
5812,맘스피자_피자_콤비네이션피자 리치골드크러스트 (L),261,26.63,13.95,11.1,2.58,964,1.18
5813,맘스피자_피자_콤비네이션피자 리치골드크러스트 (M),272,27.76,13.81,11.57,2.69,630,2.05
5814,맘스피자_피자_콤비네이션피자 치즈크러스트 (L),261,26.63,13.98,11.1,2.58,864,1.02
5815,피자마루_피자_점보꿀고구마 피자,251,25.61,14.05,10.68,2.48,1712,7.18
5816,미스터피자_피자_콤비네이션 피자 치즈캡 (R),261,26.63,14.29,11.1,2.58,755,3.7
5817,봉수아피자_피자_콤비네이션(R),189,19.29,12.1,8.04,1.87,745,2.26
5818,봉수아피자_피자_콤비네이션(XL),251,25.61,16.1,10.68,2.48,1128,2.84
5819,피자헛_피자_콤비네이션+LA BBQ불고기 피자 씬 (L),301,30.71,15.51,12.8,2.97,555,3.33
5820,피자헛_피자_콤비네이션+LA BBQ불고기 피자 오리지날 (L),280,28.57,13.8,11.91,2.77,799,2.95
5821,피자헛_피자_콤비네이션+LA BBQ불고기 피자 오리지널 파마산엣지 (L),267,27.24,13.72,11.36,2.64,861,2.84
5822,피자헛_피자_콤비네이션+LA BBQ불고기 피자 팬 (L),294,30.0,12.33,12.51,2.91,895,2.87
5823,피자헛_피자_콤비네이션+페페로니 피자 씬 (L),318,32.45,14.96,13.53,3.14,476,3.45
5824,피자헛_피자_콤비네이션+페페로니 피자 오리지널 (L),269,27.45,12.73,11.44,2.66,777,2.89
5825,피자헛_피자_콤비네이션+페페로니 피자 오리지널 파마산엣지 (L),269,27.45,12.95,11.44,2.66,799,2.8
5826,피자헛_피자_콤비네이션+페페로니 피자 팬 (L),297,30.31,11.49,12.63,2.93,833,2.79
5827,피자헛_피자_콤비네이션리치골드 (L),252,25.71,11.47,10.72,2.49,1147,3.43
5828,피자헛_피자_콤비네이션리치골드 (M),261,26.63,12.18,11.1,2.58,716,3.78
5829,피자마루_피자_콤비네이션바이트 피자,243,24.8,12.57,10.34,2.4,891,4.64
5830,피자마루_피자_콤비네이션바이트피자,243,24.8,12.57,10.34,2.4,891,4.64
5831,피자헛_피자_콤비네이션씬 (L),278,28.37,13.08,11.83,2.75,520,2.85
5832,피자헛_피자_콤비네이션오리지널 (L),246,25.1,11.91,10.46,2.43,776,2.58
5833,피자헛_피자_콤비네이션오리지널 (M),258,26.33,12.58,10.97,2.55,491,2.33
5834,피자알볼로_피자_전주불백피자 (XL),218,22.24,10.36,9.27,2.15,1105,3.37
5835,난타5000피자_피자_콤비네이션 피자 (L),301,31.36,17.65,11.69,2.97,570,3.24
5836,왕손피자_피자_콤비네이션 피자 (L),262,26.73,15.5,11.14,2.59,1053,3.42
5837,피굽남피자_피자_콤비네이션 피자 (L),251,25.61,11.66,10.68,2.48,793,2.72
5838,피자나라치킨공주_피자_콤비네이션 피자 (L),248,25.31,12.67,10.55,2.45,712,5.33
5839,피자마루_피자_콤비네이션 피자 (L),245,25.0,13.31,10.42,2.42,726,3.7
5840,피자알볼로_피자_콤비네이션 피자 (L),244,24.9,11.9,10.38,2.41,1005,1.2
5841,피자애_피자_콤비네이션 피자 (L),326,33.27,7.9,13.87,3.22,802,3.6
5842,네오피자_피자_콤비네이션 피자 (L),259,26.43,15.0,11.02,2.56,752,6.32
5843,오르새피자_피자_콤비네이션 피자 (L),240,24.49,14.1,10.21,2.37,780,2.56
5844,피자알볼로_피자_콤비네이션 피자 (R),244,24.9,12.82,10.38,2.41,620,1.18
5845,봉수아피자_피자_콤비네이션 피자 (XL),251,25.61,16.1,10.68,2.48,1128,2.84
5846,난타5000피자_피자_콤비네이션 피자 (XL),272,27.76,13.16,11.57,2.69,1140,3.68
5847,피자마루_피자_콤비네이션 피자 바이트 (L),243,24.8,12.57,10.34,2.4,891,4.64
5848,미스터피자_피자_콤비네이션 피자 오리진 (L),243,24.8,10.98,10.34,2.4,1066,5.05
5849,미스터피자_피자_콤비네이션 피자 오리진 (M),258,26.33,13.33,10.97,2.55,636,3.25
5850,미스터피자_피자_콤비네이션 피자 오리진 (R),261,26.63,13.33,11.1,2.58,659,4.24
5851,미스터피자_피자_콤비네이션 피자 치즈캡 (L),245,25.0,12.25,10.42,2.42,100,4.53
5852,미스터피자_피자_콤비네이션 피자 치즈캡 (M),259,26.43,14.63,11.02,2.56,100,2.83
5853,서오릉피자_피자_콘치즈 피자 (R),314,32.04,10.01,13.36,3.1,100,4.48
5854,선명희피자_피자_콘치즈피자,269,27.45,13.39,11.44,2.66,892,5.36
5855,피자파는집_피자_콘콘콘,88,8.98,4.22,3.74,0.87,951,2.11
5856,피자스톰_피자_콤비X콤비네이션 피자 (XL),259,26.43,14.17,11.02,2.56,1016,5.32
5857,피자헛_피자_콤비네이션 1958 피자 씬 (L),302,30.82,15.19,12.85,2.98,535,3.16
5858,피자헛_피자_콤비네이션 1958 피자 오리지널 (L),267,27.24,13.33,11.36,2.64,818,2.84
5859,피자헛_피자_콤비네이션 1958 피자 오리지널 (M),281,28.67,14.45,11.95,2.78,465,2.58
5860,피자헛_피자_콤비네이션 1958 피자 오리지널 파마산 치즈 (L),271,27.65,13.9,11.53,2.68,840,2.76
5861,피자헛_피자_콤비네이션 1958 피자 오리지널 파마산 치즈 (M),287,29.29,15.09,12.21,2.84,479,2.52
5862,피자헛_피자_콤비네이션 1958 피자 팬 (L),294,30.0,12.11,12.51,2.91,873,2.75
5863,미스터피자_피자_콤비네이션 1인피자,252,25.71,12.78,10.72,2.49,252,4.03
5864,또래오래_피자_콤비네이션 피자,263,26.84,10.79,11.19,2.6,100,4.06
5865,비비큐_피자_콤비네이션 피자,258,26.33,12.56,10.97,2.55,100,20.19
5866,따삐오_피자_콤비네이션 피자,226,23.06,12.0,9.61,2.23,1081,3.0
5867,빅스타피자_피자_콤비네이션 피자,260,21.02,13.64,10.23,2.57,1410,0.57
5868,피자스쿨_피자_콤비네이션 피자,252,42.61,14.77,5.68,2.49,710,2.53
5869,선명희피자_피자_콤비네이션 피자,249,27.42,14.52,10.59,2.46,991,4.84
5870,피자마루_피자_콤비네이션 피자 (J),232,23.67,14.17,9.87,2.29,1631,7.06
5871,오구쌀피자_피자_콤비네이션 피자 (L),237,24.18,13.79,10.08,2.34,696,4.6
5872,피자알볼로_피자_전주불백피자 (R),220,22.45,12.3,9.36,2.17,525,3.49
5873,피자헛_피자_케이준더블쉬림프 피자 프리미엄 오리지널 (L),218,22.24,12.52,9.27,2.15,986,3.33
5874,피자헛_피자_케이준더블쉬림프 피자 프리미엄 오리지널 (M),220,22.45,12.84,9.36,2.17,551,3.28
5875,피자헛_피자_케이준더블쉬림프 피자 프리첼 치즈 (L),225,22.96,10.46,9.57,2.22,1230,6.14
5876,피자헛_피자_케이준더블쉬림프 피자 프리첼 치즈 (M),232,23.67,10.5,9.87,2.29,718,6.55
5877,봉수아피자_피자_케이준소시지 피자 (XL),262,26.73,14.74,11.14,2.59,1280,2.32
5878,임실N치즈피자_피자_케이준쉬림프골드 피자 (F),242,24.69,16.14,10.29,2.39,1824,4.02
5879,임실N치즈피자_피자_케이준쉬림프골드 피자 (L),258,26.33,16.05,10.97,2.55,1330,2.81
5880,임실N치즈피자_피자_케이준쉬림프골드 피자 (R),263,26.84,16.34,11.19,2.6,748,2.7
5881,왕손피자_피자_케이준치즈후라이 피자 (L),253,25.82,11.59,10.76,2.5,1118,2.43
5882,업텐브로피자_피자_케이준포테이토쉬림프 피자 (L),293,29.9,18.0,12.46,2.9,1372,2.0
5883,뽕뜨락피자_피자_코코에그마요 피자 (L),257,26.22,11.23,10.93,2.54,998,5.61
5884,뽕뜨락피자_피자_코코에그마요 피자 (M),267,27.24,12.38,11.36,2.64,614,5.87
5885,탐앤탐스_피자_콘 크림 피자,183,14.99,10.09,8.65,1.81,347,2.31
5886,반올림피자_피자_콘마요 피자 (L),279,28.47,10.56,11.87,2.76,1080,6.36
5887,선명희피자_피자_콘마요피자,294,30.0,17.98,12.51,2.91,709,3.37
5888,피자마루_피자_콘마요피자,289,29.49,10.15,12.29,2.86,362,3.93
5889,선명희피자_피자_콘치즈 피자,269,33.04,13.39,11.44,2.66,892,5.36
5890,서오릉피자_피자_콘치즈 피자 (L),307,31.33,9.89,13.06,3.03,100,4.47
5891,피자마루_피자_칠리하와이안피자 (1인),242,24.69,10.28,10.29,2.39,269,7.79
5892,임실N치즈피자_피자_캐리비안플러스 피자 (F),246,25.1,15.44,10.46,2.43,1588,3.18
5893,임실N치즈피자_피자_캐리비안플러스 피자 (L),246,25.1,15.51,10.46,2.43,1132,3.14
5894,임실N치즈피자_피자_캐리비안플러스 피자 (R),250,25.51,13.46,10.63,2.47,641,3.06
5895,피자헛_피자_케미콤보 피자,274,27.96,12.82,11.66,2.71,468,2.91
5896,피자헛_피자_케미콤보 피자 씬 (L),282,28.78,12.75,12.0,2.79,480,3.58
5897,피자헛_피자_케이준더블쉬림프 포켓 피자 노엣지 (L),231,23.57,11.59,9.83,2.28,1060,3.48
5898,피자헛_피자_케이준더블쉬림프 포켓 피자 노엣지 (M),235,23.98,11.66,10.0,2.32,563,3.37
5899,피자헛_피자_케이준더블쉬림프 포켓 피자 리치골드 (L),258,26.33,12.24,10.97,2.55,1255,3.65
5900,피자헛_피자_케이준더블쉬림프 포켓 피자 리치골드 (M),251,25.61,12.16,10.68,2.48,752,4.48
5901,피자헛_피자_케이준더블쉬림프 포켓 피자 치즈크러스트 (L),239,24.39,12.69,10.17,2.36,1167,3.24
5902,피자헛_피자_케이준더블쉬림프 피자 더블치즈크러스트 (L),228,23.27,13.75,9.7,2.25,1287,2.75
5903,피자헛_피자_케이준더블쉬림프 피자 더블치즈크러스트 (M),234,23.88,14.41,9.95,2.31,762,2.68
5904,피자헛_피자_케이준더블쉬림프 피자 리치골드 (L),226,23.06,12.05,9.61,2.23,1333,4.04
5905,피자헛_피자_케이준더블쉬림프 피자 리치골드 M,232,23.67,12.26,9.87,2.29,802,4.44
5906,피자헛_피자_케이준더블쉬림프 피자 포켓 피자 치즈크러스트 (M),247,25.2,12.65,10.51,2.44,681,3.01
5907,피자헛_피자_케이준더블쉬림프 피자 포켓 피자 콘치즈포켓 (L),249,25.41,11.05,10.59,2.46,1216,4.14
5908,피자헛_피자_케이준더블쉬림프 피자 포켓 피자 콘치즈포켓 (M),262,26.73,11.68,11.14,2.59,719,4.62
5909,7번가피자_피자_칠리새우 피자 석쇠 (L),271,27.65,13.39,11.53,2.68,896,4.46
5910,7번가피자_피자_칠리새우 피자 석쇠 (R),271,27.65,13.16,11.53,2.68,606,4.61
5911,7번가피자_피자_칠리새우 피자 씬도우 (L),300,30.61,12.57,12.76,2.96,732,6.01
5912,7번가피자_피자_칠리새우 피자 씬도우 (R),290,29.59,12.93,12.34,2.87,588,5.44
5913,7번가피자_피자_칠리새우 피자 치즈링 (L),268,27.35,14.17,11.4,2.65,1016,3.94
5914,7번가피자_피자_칠리새우 피자 치즈링 (R),267,27.24,14.12,11.36,2.64,706,3.95
5915,봉수아피자_피자_칠리새우베이컨 피자 (XL),252,25.71,19.27,10.72,2.49,1200,4.07
5916,봉수아피자_피자_칠리새우베이컨(R),189,19.29,14.47,8.04,1.87,792,3.11
5917,봉수아피자_피자_칠리새우베이컨(XL),252,25.71,19.27,10.72,2.49,1200,4.07
5918,피자파는집_피자_칠리쉬림프 피자 밀도우 (L),106,10.82,5.68,4.51,1.05,950,2.02
5919,피자파는집_피자_칠리쉬림프 피자 밀도우 (R),71,7.24,3.76,3.02,0.7,548,1.35
5920,지정환피자_피자_칠리쉬림프 피자 씬 (L),234,23.88,13.25,9.95,2.31,664,3.61
5921,지정환피자_피자_칠리쉬림프 피자 씬 (R),234,23.88,12.9,9.95,2.31,372,4.84
5922,피자파는집_피자_칠리쉬림프 피자 씬도우 (L),106,10.82,5.67,4.51,1.05,740,2.01
5923,피자파는집_피자_칠리쉬림프 피자 씬도우 (R),71,7.24,3.78,3.02,0.7,448,1.34
5924,지정환피자_피자_칠리쉬림프씬(L),234,23.88,13.03,9.95,2.31,665,4.09
5925,지정환피자_피자_칠리쉬림프씬(R),234,23.88,12.2,9.95,2.31,372,4.21
5926,스타벅스_아이스크림_유기농 아이스크림 바닐라,169,25.24,2.5,6.3,2.22,120,14.17
5927,스타벅스_아이스크림_유기농 아이스크림 초콜릿,183,27.33,3.33,6.82,2.4,120,18.33
5928,배스킨라빈스_아이스크림_이상한 나라의 슈팅스타,240,35.84,3.48,8.95,3.15,115,27.83
5929,배스킨라빈스_아이스크림_이상한나라의솜사탕,250,37.33,4.35,9.32,3.28,115,26.96
5930,배스킨라빈스_아이스크림_이상한나라의솜사탕 아이스크림,250,28.7,4.35,13.04,3.28,115,26.96
5931,청자다방_아이스크림_인절미 아이스크림,159,23.74,4.01,5.93,2.09,100,17.52
5932,츄러스1500_아이스크림_인절미 아츄,298,44.59,6.36,8.52,3.91,305,22.95
5933,배스킨라빈스_아이스크림_자모카아몬드훠지,237,35.39,4.35,8.84,3.11,115,21.74
5934,배스킨라빈스_아이스크림_자모카아몬드훠지 아이스크림,237,29.57,4.35,11.3,3.11,115,21.74
5935,요거트아이스크림의정석_아이스크림_자몽허니콤보초코링 아사이볼,131,23.33,1.67,3.33,1.72,300,13.67
5936,스타벅스_아이스크림_자바 칩 바닐라 아포가토,222,33.15,3.42,8.28,2.92,117,18.8
5937,스타벅스_아이스크림_자바 칩 유기농 아이스크림 바닐라,266,39.72,4.17,9.92,3.49,96,22.92
5938,스타벅스_아이스크림_자바 칩 유기농 아이스크림 초콜릿,290,43.31,5.21,10.81,3.81,96,28.13
5939,스타벅스_아이스크림_자바 칩 초콜릿 아포가토,242,36.14,4.27,9.02,3.18,117,23.08
5940,배스킨라빈스_아이스크림_저니 오브 모나크,223,33.3,4.35,8.31,2.93,115,20.0
5941,카페베네_아이스크림_제주녹차 (더블),194,28.97,3.33,7.23,2.55,180,17.22
5942,카페베네_아이스크림_제주녹차 (싱글),194,28.97,3.33,7.23,2.55,90,16.67
5943,7번가피자_피자_치즈 피자 씬바샤삭 (R),363,37.04,13.33,15.44,3.59,320,4.17
5944,배스킨라빈스_아이스크림_와사비 아이스크림,198,29.57,3.48,7.38,2.6,115,18.26
5945,마이요거트립_아이스크림_와이키키망고비치 요거트아이스크림,144,21.5,2.93,5.37,1.89,375,21.12
5946,카페베네_아이스크림_요거트 (더블),154,23.0,2.78,5.74,2.02,180,22.22
5947,카페베네_아이스크림_요거트 (싱글),154,23.0,2.22,5.74,2.02,90,22.22
5948,요거프레소_아이스크림_요거트 아이스크림 (3인),171,25.54,2.5,6.38,2.25,360,21.39
5949,카페띠아모_아이스크림_요거트 젤라또,150,22.4,2.6,5.59,1.97,100,5.0
5950,파스쿠찌_아이스크림_요거트 젤라또,271,40.47,2.0,10.1,3.56,100,27.0
5951,마이요거트립_아이스크림_요거트아이스크림,123,18.37,3.61,4.59,1.62,180,18.22
5952,요거트아이스크림의정석_아이스크림_요아 팥빙의 정석,216,47.35,3.53,2.35,2.84,340,32.06
5953,요거트아이스크림의정석_아이스크림_요아정 스쿱볼의 정석,122,23.18,1.82,2.73,1.6,220,21.82
5954,요거트아이스크림의정석_아이스크림_요아정 시그니처 벌집꿀+그래놀라,206,41.31,2.17,3.48,2.71,230,26.96
5955,요거트아이스크림의 정석_아이스크림_요아정 아이스크림,123,23.4,3.11,1.83,1.62,150,19.69
5956,배스킨라빈스_아이스크림_우주 라이크 봉봉,254,37.93,4.35,9.47,3.34,115,20.87
5957,배스킨라빈스_아이스크림_월넛,240,35.84,7.83,8.95,3.15,115,24.35
5958,배스킨라빈스_아이스크림_월넛 아이스크림,240,28.7,7.83,10.43,3.15,115,24.35
5959,커피마마_아이스크림_월넛버터 스카치 아이스크림,265,39.57,4.5,9.88,3.48,100,22.5
5960,배스킨라빈스_아이스크림_위대한 비쵸비,250,37.33,3.48,9.32,3.28,115,20.0
5961,배스킨라빈스_아이스크림_윈터 민트 초콜릿 칩,250,37.33,3.48,9.32,3.28,115,22.61
5962,카페베네_아이스크림_에스프레소 (더블),156,23.3,2.78,5.82,2.05,180,17.78
5963,카페베네_아이스크림_에스프레소 (싱글),156,23.3,2.22,5.82,2.05,90,17.78
5964,배스킨라빈스_아이스크림_에스프레소 앤 크림,178,26.58,4.35,6.64,2.34,115,20.87
5965,배스킨라빈스_아이스크림_에스프레소 앤 크림 아이스크림,178,22.61,4.35,7.83,2.34,115,20.87
5966,마이요거트립_아이스크림_연유꿀자몽플라츠 요거트아이스크림,130,19.41,2.76,4.85,1.71,340,19.79
5967,마이요거트립_아이스크림_연유베리플라츠 요거트아이스크림,136,20.31,2.88,5.07,1.79,320,21.0
5968,요거프레소_아이스크림_오란다 요거트,326,48.68,4.81,12.16,4.28,130,46.62
5969,츄러스1500_아이스크림_오레오 아츄,345,55.87,5.4,11.0,4.53,315,24.13
5970,배스킨라빈스_아이스크림_오레오 쿠키 앤 콜드브루,250,37.33,2.61,9.32,3.28,115,20.0
5971,배스킨라빈스_아이스크림_오레오 쿠키 앤 크림,221,33.0,3.48,8.24,2.9,115,17.39
5972,배스킨라빈스_아이스크림_오레오 쿠키 앤 크림치즈 아이스크림,265,28.7,4.35,14.78,3.48,115,16.52
5973,배스킨라빈스_아이스크림_오레오쿠키앤카라멜 아이스크림 레디팩,199,29.72,2.76,7.42,2.61,100,18.0
5974,배스킨라빈스_아이스크림_오레오쿠키앤크림 아이스크림 레디팩,191,28.52,2.97,7.12,2.51,100,16.0
5975,요거트아이스크림의정석_아이스크림_오렌지말차초코링 아사이볼,129,20.7,1.76,4.21,1.69,285,11.93
5976,요거트아이스크림의정석_아이스크림_오망고볼의 정석,125,25.71,2.0,1.43,1.64,350,18.0
5977,요거트아이스크림의정석_아이스크림_오몽코코 아사이볼,131,29.15,1.7,2.71,1.72,295,16.95
5978,요거트아이스크림의정석_아이스크림_오자몽의 정석,98,20.53,2.11,1.08,1.29,380,17.11
5979,파스쿠찌_아이스크림_와르르 베리 젤라또,268,40.02,2.5,9.99,3.52,160,31.25
5980,배스킨라빈스_아이스크림_아이스죠리퐁 아이스크림 레디팩,173,25.84,2.57,6.45,2.27,100,17.23
5981,스트릿츄러스_아이스크림_아이스크림,113,20.0,2.5,2.92,1.48,100,17.5
5982,던킨_아이스크림_아이스크림,172,25.69,2.34,6.41,2.26,128,17.19
5983,배스킨라빈스_아이스크림_아이스크림 스틱바 민트쿠앤크,265,39.57,3.0,9.88,3.48,100,25.0
5984,배스킨라빈스_아이스크림_아이스크림 스틱바 초코그린티,225,33.6,3.65,8.39,2.95,100,16.0
5985,배스킨라빈스_아이스크림_아이스크림롤 바닐라,328,48.98,6.25,12.23,4.31,32,31.25
5986,배스킨라빈스_아이스크림_아이스크림롤 초콜릿,328,48.98,6.25,12.23,4.31,32,31.25
5987,츄러스1500_아이스크림_아이스크림츄러스,189,29.49,3.7,6.2,2.48,297,7.78
5988,마이요거트립_아이스크림_아임베리파인 요거트아이스크림,134,20.01,3.09,5.0,1.76,320,18.31
5989,스트릿츄러스_아이스크림_아츄 아이스크림,173,27.5,3.13,5.63,2.27,100,16.25
5990,탐앤탐스_아이스크림_아포가토,97,8.89,1.67,6.11,1.27,180,7.78
5991,배스킨라빈스_아이스크림_알폰소 망고,215,32.11,2.61,8.02,2.82,115,23.48
5992,배스킨라빈스_아이스크림_알폰소 망고 아이스크림,215,29.57,2.61,9.57,2.82,115,23.48
5993,배스킨라빈스_아이스크림_애망빙,170,25.39,1.74,6.34,2.23,115,23.48
5994,배스킨라빈스_아이스크림_애플 민트,164,24.49,5.22,6.11,2.15,115,19.13
5995,배스킨라빈스_아이스크림_애플 민트 아이스크림,164,26.09,5.22,4.35,2.15,115,19.13
5996,배스킨라빈스_아이스크림_엄마는외계인,257,38.38,4.35,9.58,3.37,115,20.0
5997,배스킨라빈스_아이스크림_엄마는외계인 아이스크림,257,28.7,4.35,13.91,3.37,115,20.0
5998,피자마루_피자_골드바베큐치킨피자,252,25.71,13.15,10.72,2.49,881,6.07
5999,지정환피자_피자_슈퍼슈프림백미치즈크러스트(R),231,23.57,12.08,9.83,2.28,100,4.81
6000,지정환피자_피자_슈퍼슈프림씬(L),256,26.12,12.81,10.89,2.53,605,2.42
6001,지정환피자_피자_슈퍼슈프림씬(R),258,26.33,11.87,10.97,2.55,336,2.42
6002,지정환피자_피자_슈퍼슈프림체다크림크러스트(L),244,24.9,11.72,10.38,2.41,970,4.57
6003,지정환피자_피자_슈퍼슈프림체다크림크러스트(R),245,25.0,11.1,10.42,2.42,100,4.67
6004,지정환피자_피자_슈퍼슈프림치즈크러스트(L),240,24.49,12.63,10.21,2.37,965,2.51
6005,지정환피자_피자_슈퍼슈프림치즈크러스트(R),238,24.29,12.11,10.12,2.35,100,2.51
6006,지정환피자_피자_슈퍼슈프림팬(L),248,25.31,12.31,10.55,2.45,870,2.53
6007,지정환피자_피자_슈퍼슈프림팬(R),248,25.31,11.65,10.55,2.45,100,2.54
6008,도미노피자_피자_슈퍼슈프림하이프로틴도우(M),233,23.78,12.67,9.91,2.3,583,3.33
6009,지정환피자_피자_슈퍼슈프림흑미스크린(L),239,24.39,12.09,10.17,2.36,100,4.1
6010,지정환피자_피자_슈퍼슈프림흑미스크린(R),235,23.98,11.45,10.0,2.32,100,4.05
6011,지정환피자_피자_슈퍼슈프림흑미치즈크러스트(L),231,23.57,12.45,9.83,2.28,100,3.91
6012,지정환피자_피자_슈퍼슈프림흑미치즈크러스트(R),225,22.96,12.01,9.57,2.22,100,3.81
6013,유로코피자_피자_슈퍼치즈 피자,282,28.78,17.64,12.0,2.79,816,2.78
6014,빅스타피자_피자_슈퍼콤비네이션 피자,254,20.92,13.27,9.69,2.51,1570,1.53
6015,고피자_피자_슈퍼콤비네이션 피자,244,24.9,10.92,10.38,2.41,272,4.26
6016,프레드피자_피자_슈퍼콤비네이션 피자 (L),262,26.73,15.65,11.14,2.59,777,4.17
6017,지정환피자_피자_슈퍼슈프림 피자 팬 (R),247,25.2,12.05,10.51,2.44,498,2.41
6018,임실N치즈피자_피자_슈퍼슈프림 피자 팬 (R),273,27.86,16.28,11.61,2.7,482,2.97
6019,임실N치즈피자_피자_슈퍼슈프림 피자 팬(L),272,27.76,16.25,11.57,2.69,942,3.0
6020,지정환피자_피자_슈퍼슈프림 피자 흑미스크린 (L),240,24.49,11.88,10.21,2.37,808,3.96
6021,지정환피자_피자_슈퍼슈프림 피자 흑미스크린 (R),237,24.18,11.43,10.08,2.34,420,4.29
6022,지정환피자_피자_슈퍼슈프림 피자 흑미스크린치즈크러스트 (L),230,23.47,12.39,9.78,2.27,904,3.54
6023,지정환피자_피자_슈퍼슈프림 피자 흑미스크린치즈크러스트 (R),224,22.86,12.2,9.53,2.21,492,3.66
6024,지정환피자_피자_슈퍼슈프림고구마크러스트(L),242,24.69,11.21,10.29,2.39,965,4.02
6025,지정환피자_피자_슈퍼슈프림고구마크러스트(R),243,24.8,10.57,10.34,2.4,100,4.1
6026,도미노피자_피자_슈퍼슈프림나폴리(L),223,22.76,12.0,9.49,2.2,866,3.33
6027,도미노피자_피자_슈퍼슈프림더블치즈엣지오리지널 (M),253,25.82,12.67,10.76,2.5,694,2.0
6028,지정환피자_피자_슈퍼슈프림밀스크린(L),252,25.71,12.22,10.72,2.49,100,2.35
6029,지정환피자_피자_슈퍼슈프림밀스크린(R),248,25.31,11.59,10.55,2.45,100,2.38
6030,지정환피자_피자_슈퍼슈프림밀스크린치즈크러스트(L),244,24.9,12.56,10.38,2.41,100,2.35
6031,지정환피자_피자_슈퍼슈프림밀스크린치즈크러스트(R),237,24.18,12.12,10.08,2.34,100,2.37
6032,지정환피자_피자_슈퍼슈프림백미스크린(L),246,25.1,12.18,10.46,2.43,100,5.33
6033,지정환피자_피자_슈퍼슈프림백미스크린(R),241,24.59,11.53,10.25,2.38,100,5.22
6034,지정환피자_피자_슈퍼슈프림백미치즈크러스트(L),237,24.18,12.54,10.08,2.34,100,5.01
6035,도미노피자_피자_슈퍼슈프림 피자 슈화 더블 치즈 페퍼로니 엣지 (M),271,22.21,13.93,11.27,2.68,813,3.04
6036,지정환피자_피자_슈퍼슈프림 피자 씬 (L),255,26.02,13.16,10.85,2.52,608,2.63
6037,도미노피자_피자_슈퍼슈프림 피자 씬 (L),232,23.67,10.56,12.4,2.29,827,4.22
6038,도미노피자_피자_슈퍼슈프림 피자 씬 (M),231,21.69,10.88,12.93,2.28,442,4.44
6039,지정환피자_피자_슈퍼슈프림 피자 씬 (R),257,26.22,12.5,10.93,2.54,336,1.79
6040,도미노피자_피자_슈퍼슈프림 피자 오리지널 (L),212,25.44,9.69,7.92,2.09,1060,3.58
6041,도미노피자_피자_슈퍼슈프림 피자 오리지널 (M),227,26.72,10.7,8.64,2.24,675,2.38
6042,지정환피자_피자_슈퍼슈프림 피자 체다크림크러스트 (L),245,25.0,11.57,10.42,2.42,968,4.96
6043,지정환피자_피자_슈퍼슈프림 피자 체다크림크러스트 (R),244,24.9,10.75,10.38,2.41,558,4.3
6044,도미노피자_피자_슈퍼슈프림 피자 치즈버스트 나폴리 (L),229,23.37,10.7,12.38,2.26,1186,4.07
6045,도미노피자_피자_슈퍼슈프림 피자 치즈버스트 오리지널 (L),226,23.28,10.12,10.26,2.23,1390,5.72
6046,임실N치즈피자_피자_슈퍼슈프림 피자 치즈크러스트 (F),262,26.73,16.51,11.14,2.59,1340,2.7
6047,지정환피자_피자_슈퍼슈프림 피자 치즈크러스트 (L),238,24.29,12.4,10.12,2.35,968,2.48
6048,임실N치즈피자_피자_슈퍼슈프림 피자 치즈크러스트 (L),273,27.86,15.96,11.61,2.7,1242,2.43
6049,임실N치즈피자_피자_슈퍼슈프림 피자 치즈크러스트 (R),279,28.47,17.17,11.87,2.76,622,2.58
6050,지정환피자_피자_슈퍼슈프림 피자 치즈크러스트 (R),237,24.18,11.7,10.08,2.34,564,2.13
6051,임실N치즈피자_피자_슈퍼슈프림 피자 팬 (F),269,27.45,16.21,11.44,2.66,1310,3.05
6052,지정환피자_피자_슈퍼슈프림 피자 팬 (L),247,25.2,11.93,10.51,2.44,872,2.75
6053,지정환피자_피자_슈퍼슈프림 피자 밀스크린고구마크러스트 (L),247,25.2,11.21,10.51,2.44,928,4.31
6054,지정환피자_피자_슈퍼슈프림 피자 밀스크린고구마크러스트 (R),243,24.8,10.98,10.34,2.4,492,3.66
6055,지정환피자_피자_슈퍼슈프림 피자 밀스크린체다크림크러스트 (L),248,25.31,11.97,10.55,2.45,936,4.27
6056,지정환피자_피자_슈퍼슈프림 피자 밀스크린체다크림크러스트 (R),243,24.8,10.84,10.34,2.4,498,4.82
6057,지정환피자_피자_슈퍼슈프림 피자 밀스크린치즈크러스트 (L),243,24.8,12.07,10.34,2.4,928,2.59
6058,지정환피자_피자_슈퍼슈프림 피자 밀스크린치즈크러스트 (R),236,24.08,11.9,10.04,2.33,504,2.38
6059,지정환피자_피자_슈퍼슈프림 피자 백미스크린 (L),247,25.2,12.0,10.51,2.44,800,5.0
6060,지정환피자_피자_슈퍼슈프림 피자 백미스크린 (R),241,24.59,11.43,10.25,2.38,420,5.71
6061,지정환피자_피자_슈퍼슈프림 피자 백미스크린치즈크러스트 (L),202,20.61,12.5,8.59,2.0,896,5.36
6062,지정환피자_피자_슈퍼슈프림 피자 백미스크린치즈크러스트 (R),228,23.27,12.2,9.7,2.25,492,4.88
6063,임실N치즈피자_피자_슈퍼슈프림 피자 석쇠 (F),261,26.63,15.99,11.1,2.58,1210,3.01
6064,임실N치즈피자_피자_슈퍼슈프림 피자 석쇠 (L),267,27.24,16.15,11.36,2.64,882,2.98
6065,임실N치즈피자_피자_슈퍼슈프림 피자 석쇠 (R),267,27.24,16.11,11.36,2.64,452,2.93
6066,도미노피자_피자_슈퍼슈프림 피자 슈퍼시드 화이버 버스트 오리지널 (L),264,25.65,11.98,9.81,2.61,1385,3.44
6067,도미노피자_피자_슈퍼슈프림 피자 슈퍼시드 화이버 오리지널 (L),223,28.16,9.8,7.86,2.2,1199,2.8
6068,도미노피자_피자_슈퍼슈프림 피자 슈퍼시드 화이버 오리지널 (M),220,25.9,10.7,8.16,2.17,677,3.0
6069,도미노피자_피자_슈퍼슈프림 피자 슈퍼시드함유도우 (M),226,23.06,10.3,9.61,2.23,660,6.06
6070,도미노피자_피자_슈퍼슈프림 피자 슈화 더블 치즈 페퍼로니 엣지 (L),264,24.67,12.45,10.54,2.61,1396,2.81
6071,피자헤븐_피자_슈퍼슈프림 피자 (L),263,26.84,12.69,11.19,2.6,1074,5.22
6072,피자애_피자_슈퍼슈프림 피자 (L),324,33.06,7.17,13.78,3.2,738,3.7
6073,지정환피자_피자_슈퍼슈프림 피자 고구마크러스트 (L),245,25.0,11.57,10.42,2.42,968,4.13
6074,지정환피자_피자_슈퍼슈프림 피자 고구마크러스트 (R),243,24.8,10.87,10.34,2.4,552,4.35
6075,도미노피자_피자_슈퍼슈프림 피자 나폴리 (L),211,22.09,10.74,8.86,2.08,970,3.48
6076,도미노피자_피자_슈퍼슈프림 피자 나폴리 (M),225,26.88,11.13,8.49,2.22,535,3.59
6077,도미노피자_피자_슈퍼슈프림 피자 더블치즈 엣지 (L),239,23.26,11.49,11.08,2.36,1360,2.98
6078,도미노피자_피자_슈퍼슈프림 피자 더블치즈 엣지 (M),228,22.88,12.11,9.73,2.25,795,2.23
6079,도미노피자_피자_슈퍼슈프림 피자 더블치즈 엣지 오리지널 (M),224,22.86,12.44,9.53,2.21,773,2.59
6080,도미노피자_피자_슈퍼슈프림 피자 더블치즈 페퍼로니 엣지 (L),243,24.8,11.9,9.78,2.4,1400,2.9
6081,도미노피자_피자_슈퍼슈프림 피자 더블치즈 페퍼로니 엣지 (M),231,22.77,12.45,11.62,2.28,815,2.18
6082,임실N치즈피자_피자_슈퍼슈프림 피자 라이스골드 (F),257,26.22,16.24,10.93,2.54,1633,3.34
6083,임실N치즈피자_피자_슈퍼슈프림 피자 라이스골드 (L),273,27.86,15.96,11.61,2.7,1242,2.43
6084,임실N치즈피자_피자_슈퍼슈프림 피자 라이스골드 (R),278,28.37,16.35,11.83,2.75,702,2.37
6085,임실N치즈피자_피자_슈퍼슈프림 피자 라이스바이트 (F),264,26.94,15.06,11.23,2.61,1715,2.67
6086,임실N치즈피자_피자_슈퍼슈프림 피자 라이스바이트 (L),275,28.06,15.58,11.7,2.72,1322,3.07
6087,지정환피자_피자_슈퍼슈프림 피자 밀스크린 (L),253,25.82,12.5,10.76,2.5,832,1.92
6088,지정환피자_피자_슈퍼슈프림 피자 밀스크린 (R),247,25.2,10.96,10.51,2.44,438,2.74
6089,도미노피자_피자_슈퍼디럭스 피자 슈퍼시드 화이버 오리지널 (M),234,31.78,10.8,8.91,2.31,617,1.8
6090,도미노피자_피자_슈퍼디럭스 피자 슈퍼시드함유도우 (M),228,23.27,10.46,9.7,2.25,610,3.92
6091,도미노피자_피자_슈퍼디럭스 피자 슈화 더블 치즈 페퍼로니 엣지 (L),273,22.21,13.44,12.0,2.7,1291,1.94
6092,도미노피자_피자_슈퍼디럭스 피자 슈화 더블 치즈 페퍼로니 엣지 (M),289,26.74,14.28,12.13,2.86,753,1.88
6093,도미노피자_피자_슈퍼디럭스 피자 씬 (L),245,25.0,12.09,14.09,2.42,765,2.66
6094,도미노피자_피자_슈퍼디럭스 피자 씬 (M),275,22.37,12.57,15.73,2.72,389,2.63
6095,도미노피자_피자_슈퍼디럭스 피자 오리지널 (L),236,26.19,11.01,9.67,2.33,1084,2.2
6096,도미노피자_피자_슈퍼디럭스 피자 오리지널 (M),237,30.77,10.96,9.56,2.34,614,1.65
6097,도미노피자_피자_슈퍼디럭스 피자 치즈버스트 나폴리 (L),235,23.98,11.95,12.74,2.32,1123,2.55
6098,도미노피자_피자_슈퍼디럭스 피자 치즈버스트 오리지널 (L),237,21.57,11.9,11.43,2.34,1337,2.88
6099,도미노피자_피자_슈퍼디럭스나폴리(L),267,27.24,14.67,11.36,2.64,781,2.0
6100,도미노피자_피자_슈퍼디럭스나폴리하이프로틴도우(M),250,25.51,14.0,10.63,2.47,513,2.0
6101,빽보이피자_피자_슈퍼빽보이 피자 (L),287,28.02,17.09,12.21,2.84,685,3.26
6102,빽보이피자_피자_슈퍼빽보이 피자 (R),284,32.37,13.9,12.08,2.81,475,3.05
6103,피자와치킨의러브레터_피자_슈퍼슈프림 피자,244,24.9,12.55,10.38,2.41,850,3.77
6104,유로코피자_피자_슈퍼슈프림 피자,233,23.78,10.74,9.91,2.3,880,5.6
6105,피제이피자_피자_슈퍼슈프림 피자 (L),266,28.78,12.26,8.64,2.63,900,5.33
6106,청년피자_피자_슈퍼슈프림 피자 (L),266,27.14,15.15,11.31,2.63,882,2.13
6107,도미노피자_피자_슈퍼 디럭스 히어로 피자 씬 (M),291,23.3,12.0,16.43,2.88,308,1.8
6108,도미노피자_피자_슈퍼 디럭스 히어로 피자 오리지널 (L),248,31.72,10.7,8.62,2.45,900,1.4
6109,도미노피자_피자_슈퍼 디럭스 히어로 피자 오리지널 (M),246,31.25,10.9,8.61,2.43,535,0.8
6110,도미노피자_피자_슈퍼 디럭스 히어로 피자 치즈버스트 나폴리 (L),255,23.47,11.6,12.77,2.52,904,2.0
6111,도미노피자_피자_슈퍼 디럭스 히어로 피자 치즈버스트 오리지널 (L),257,27.2,11.8,11.25,2.54,1106,1.8
6112,도미노피자_피자_슈퍼 디럭스 히어로 피자 화이버 버스트 오리지널 (L),255,26.34,11.9,11.35,2.52,1103,1.5
6113,도미노피자_피자_슈퍼 디럭스 히어로 피자 화이버 엣지 오리지널 (L),257,28.66,11.0,10.87,2.54,1034,2.0
6114,도미노피자_피자_슈퍼 디럭스 히어로 피자 화이버 엣지 오리지널 (M),253,27.3,11.5,10.89,2.5,662,1.5
6115,고피자_피자_슈퍼 콤비네이션 피자,228,23.27,10.67,9.7,2.25,375,4.26
6116,고피자_피자_슈퍼 콤비네이션 피자 (L),266,27.14,12.05,11.31,2.63,665,3.61
6117,도미노피자_피자_슈퍼디럭스 피자 나폴리 (L),226,21.7,11.55,10.34,2.23,863,2.37
6118,도미노피자_피자_슈퍼디럭스 피자 나폴리 (M),246,27.69,12.26,11.33,2.43,475,2.22
6119,도미노피자_피자_슈퍼디럭스 피자 더블치즈 엣지 (L),245,21.52,11.48,12.56,2.42,1254,2.24
6120,도미노피자_피자_슈퍼디럭스 피자 더블치즈 엣지 (M),239,20.41,12.8,11.79,2.36,753,1.68
6121,도미노피자_피자_슈퍼디럭스 피자 더블치즈 페퍼로니 엣지 (L),249,22.46,11.92,12.19,2.46,1294,2.17
6122,도미노피자_피자_슈퍼디럭스 피자 더블치즈 페퍼로니 엣지 (M),243,25.12,13.14,12.3,2.4,773,1.64
6123,도미노피자_피자_슈퍼디럭스 피자 슈퍼시드 화이버 버스트 오리지널 (L),272,23.25,12.95,11.21,2.69,1280,2.6
6124,도미노피자_피자_슈퍼디럭스 피자 슈퍼시드 화이버 오리지널 (L),228,25.6,10.6,9.32,2.25,1094,1.9
6125,또래오래_피자_쉬림프크림 피자,225,22.96,13.64,9.57,2.22,100,5.34
6126,피자마루_피자_쉬림프투움바피자 (1인),243,24.8,12.41,10.34,2.4,307,4.08
6127,지정환피자_피자_쉬림프페스츄리 피자,289,29.49,13.33,12.29,2.86,279,4.67
6128,프레드피자_피자_쉬림플렉스 피자 (L),200,20.41,13.95,8.51,1.98,1107,3.09
6129,프레드피자_피자_쉬림플렉스피자오리지널(L),200,20.41,13.94,8.51,1.98,1107,3.09
6130,파파존스_피자_슈림프 알프레도 피자 씬 (F),238,24.29,12.67,10.12,2.35,821,0.97
6131,파파존스_피자_슈림프 알프레도(TH),238,24.29,12.67,10.12,2.35,821,0.97
6132,도미노피자_피자_슈퍼 디럭스 히어로 피자 나폴리 (L),250,26.51,12.0,10.64,2.47,698,1.0
6133,도미노피자_피자_슈퍼 디럭스 히어로 피자 나폴리 (M),250,25.0,12.6,11.08,2.47,399,1.4
6134,도미노피자_피자_슈퍼 디럭스 히어로 피자 더블치즈 엣지 (L),246,27.04,11.0,10.19,2.43,1033,1.0
6135,도미노피자_피자_슈퍼 디럭스 히어로 피자 더블치즈 엣지 (M),254,24.53,12.0,11.79,2.51,648,0.8
6136,도미노피자_피자_슈퍼 디럭스 히어로 피자 더블치즈 페퍼로니 엣지 (L),251,27.23,11.55,12.16,2.48,1073,0.97
6137,도미노피자_피자_슈퍼 디럭스 히어로 피자 더블치즈 페퍼로니 엣지 (M),257,25.81,12.41,12.34,2.54,668,0.78
6138,도미노피자_피자_슈퍼 디럭스 히어로 피자 슈퍼시드 화이버 오리지널 (L),247,32.18,10.0,8.47,2.44,903,1.0
6139,도미노피자_피자_슈퍼 디럭스 히어로 피자 슈퍼시드 화이버 오리지널 (M),246,30.38,11.0,8.88,2.43,524,1.0
6140,도미노피자_피자_슈퍼 디럭스 히어로 피자 슈화 더블 치즈 페퍼로니 엣지 (L),262,27.68,11.55,12.05,2.59,1074,1.93
6141,도미노피자_피자_슈퍼 디럭스 히어로 피자 슈화 더블 치즈 페퍼로니 엣지 (M),257,24.11,11.92,12.15,2.54,682,1.46
6142,도미노피자_피자_슈퍼 디럭스 히어로 피자 씬 (L),294,23.09,12.8,16.67,2.91,528,2.8
6143,페이스트리,457,46.45,8.56,26.28,3.0,70,8.21
6144,지정환피자_피자_쉬림프골드 피자 밀스크린 (R),290,29.59,17.71,12.34,2.87,576,3.13
6145,지정환피자_피자_쉬림프골드 피자 백미스크린 (L),243,24.8,12.6,10.34,2.4,1016,4.72
6146,지정환피자_피자_쉬림프골드 피자 백미스크린 (R),287,29.29,17.2,12.21,2.84,558,5.38
6147,지정환피자_피자_쉬림프골드 피자 씬 (L),250,25.51,13.73,10.63,2.47,816,2.94
6148,지정환피자_피자_쉬림프골드 피자 씬 (R),306,31.22,18.99,13.02,3.02,474,3.8
6149,지정환피자_피자_쉬림프골드 피자 흑미스크린 (L),239,24.39,12.6,10.17,2.36,1016,3.94
6150,지정환피자_피자_쉬림프골드 피자 흑미스크린 (R),281,28.67,17.02,11.95,2.78,564,4.26
6151,지정환피자_피자_쉬림프골드밀스크린(L),248,25.31,12.78,10.55,2.45,100,2.66
6152,지정환피자_피자_쉬림프골드밀스크린(R),242,24.69,12.42,10.29,2.39,100,2.71
6153,지정환피자_피자_쉬림프골드백미스크린(L),243,24.8,12.77,10.34,2.4,100,5.03
6154,지정환피자_피자_쉬림프골드백미스크린(R),237,24.18,12.4,10.08,2.34,100,4.86
6155,지정환피자_피자_쉬림프골드씬(L),250,25.51,13.38,10.63,2.47,815,2.79
6156,지정환피자_피자_쉬림프골드씬(R),249,25.41,12.8,10.59,2.46,100,2.81
6157,지정환피자_피자_쉬림프골드흑미스크린(L),237,24.18,12.7,10.08,2.34,100,4.05
6158,지정환피자_피자_쉬림프골드흑미스크린(R),233,23.78,12.33,9.91,2.3,100,3.98
6159,피자헤븐_피자_쉬림프디럭스 피자 (L),227,23.16,10.87,9.66,2.24,1106,5.07
6160,킹스타피자_피자_쉬림프콤비 피자 (L),214,21.84,11.52,9.1,2.11,765,4.43
6161,킹스타피자_피자_쉬림프콤비 피자 (M),205,20.92,11.2,8.72,2.03,569,4.73
6162,미스터피자_피자_쉬림프 피자 치즈캡 (R),230,23.47,14.13,9.78,2.27,736,4.35
6163,미스터피자_피자_쉬림프 피자 크림치즈 (L),232,23.67,10.57,9.87,2.29,1226,5.69
6164,미스터피자_피자_쉬림프 피자 크림치즈 (R),231,23.57,11.34,9.83,2.28,777,6.19
6165,피자알볼로_피자_쉬림프&핫치킨골드 피자 (L),235,23.98,13.91,10.0,2.32,1380,1.74
6166,피자알볼로_피자_쉬림프&핫치킨피자 (L),237,24.18,16.28,10.08,2.34,1016,4.3
6167,피자알볼로_피자_쉬림프&핫치킨피자 (R),235,23.98,16.86,10.0,2.32,562,3.99
6168,피자알볼로_피자_쉬림프&핫치킨피자 (XL),235,23.98,14.01,10.0,2.32,1206,1.99
6169,봉수아피자_피자_쉬림프(R),201,20.51,13.64,8.55,1.99,726,3.55
6170,봉수아피자_피자_쉬림프(XL),116,11.84,7.89,4.93,1.15,1100,1.67
6171,선명희피자_피자_쉬림프(새우) 피자,226,25.19,14.07,9.61,2.23,1082,4.44
6172,선명희피자_피자_쉬림프(새우)피자,226,23.06,14.07,9.61,2.23,1082,4.44
6173,유로코피자_피자_쉬림프갈릭스노윙 피자,244,24.9,14.18,10.38,2.41,928,3.88
6174,비비큐_피자_쉬림프고르곤졸라 피자,423,43.16,23.13,17.99,4.18,100,6.18
6175,피자와치킨의러브레터_피자_쉬림프골드 피자,279,28.47,11.34,11.87,2.76,1088,3.09
6176,선명희피자_피자_쉬림프골드 피자,248,25.0,14.29,10.55,2.45,1342,5.36
6177,피굽남피자_피자_쉬림프골드 피자 (L),291,29.69,14.57,12.38,2.88,912,4.32
6178,네오피자_피자_쉬림프골드 피자 (L),259,26.43,12.45,11.02,2.56,1080,9.36
6179,지정환피자_피자_쉬림프골드 피자 밀스크린 (L),247,25.2,12.98,10.51,2.44,1048,2.29
6180,팥죽,81,16.66,3.17,0.19,2.1,400,0.02
6181,미스터피자_피자_쉬림프 골드 피자 (M),222,22.65,11.7,9.44,2.19,100,3.19
6182,미스터피자_피자_쉬림프 골드 피자 에그타르트 (L),247,25.2,9.74,10.51,2.44,100,6.95
6183,미스터피자_피자_쉬림프 골드 피자 에그타르트 (M),229,23.37,10.82,9.74,2.26,100,5.0
6184,미스터피자_피자_쉬림프 골드 피자 오리진 (L),238,24.29,10.65,10.12,2.35,998,4.58
6185,미스터피자_피자_쉬림프 골드 피자 오리진 (M),217,22.14,11.93,9.23,2.14,646,2.23
6186,미스터피자_피자_쉬림프 골드 피자 치즈캡 (L),242,24.69,12.04,10.29,2.39,100,4.08
6187,미스터피자_피자_쉬림프 골드 피자 치즈캡 (M),223,22.76,13.4,9.49,2.2,100,1.94
6188,미스터피자_피자_쉬림프 골드 피자 크림치즈 (L),242,24.69,9.64,10.29,2.39,100,5.67
6189,미스터피자_피자_쉬림프 골드 피자 크림치즈 (M),224,22.86,10.69,9.53,2.21,100,3.73
6190,네오피자_피자_쉬림프 피자 (L),224,22.86,13.98,9.53,2.21,944,9.25
6191,봉수아피자_피자_쉬림프 피자 (XL),116,11.84,7.89,4.93,1.15,1100,1.67
6192,미스터피자_피자_쉬림프 피자 골드 (L),241,24.59,10.69,10.25,2.38,100,5.12
6193,미스터피자_피자_쉬림프 피자 골드 (R),229,23.37,12.3,9.74,2.26,749,5.35
6194,미스터피자_피자_쉬림프 피자 에그타르트 (L),238,24.29,11.02,10.12,2.35,1181,6.78
6195,미스터피자_피자_쉬림프 피자 에그타르트 (R),236,24.08,11.23,10.04,2.33,749,7.49
6196,미스터피자_피자_쉬림프 피자 오리진 (L),226,23.06,11.76,9.61,2.23,1017,4.9
6197,미스터피자_피자_쉬림프 피자 오리진 (R),225,22.96,12.5,9.57,2.22,640,5.0
6198,미스터피자_피자_쉬림프 피자 치즈캡 (L),232,23.67,13.16,9.87,2.29,1140,4.39
6199,피자헛_피자_수퍼슈프림치즈크러스트 (M),262,26.73,13.83,11.14,2.59,647,1.78
6200,피자헛_피자_수퍼슈프림치즈크러스트 골드 (L),253,25.82,13.07,10.76,2.5,1096,1.83
6201,피자헛_피자_수퍼슈프림치즈크러스트 골드 (M),265,27.04,14.18,11.27,2.62,665,1.73
6202,파파존스_피자_수퍼파파스 (R),241,24.59,11.19,10.25,2.38,430,4.2
6203,파파존스_피자_수퍼파파스 피자 (F),240,24.49,10.69,10.21,2.37,1047,3.82
6204,파파존스_피자_수퍼파파스 피자 (L),240,24.49,10.77,10.21,2.37,778,4.1
6205,파파존스_피자_수퍼파파스 피자 (P),241,24.59,11.28,10.25,2.38,1331,3.76
6206,파파존스_피자_수퍼파파스 피자 (R),241,24.59,11.19,10.25,2.38,430,4.2
6207,피자헛_피자_순삭 크런치 포테이토 피자 씬 (L),291,29.69,10.06,12.38,2.88,694,4.1
6208,피자헛_피자_순삭 크런치 포테이토 피자 오리지널 (L),260,26.53,9.84,11.06,2.57,996,3.47
6209,피자헛_피자_순삭 크런치 포테이토 피자 오리지널 (M),262,26.73,10.0,11.14,2.59,597,3.3
6210,피자헛_피자_순삭 크런치 포테이토 피자 오리지널 파마산 치즈 (L),265,27.04,10.31,11.27,2.62,1018,3.39
6211,피자헛_피자_순삭 크런치 포테이토 피자 오리지널 파마산 치즈 (M),270,27.55,10.69,11.48,2.67,611,3.27
6212,피자헛_피자_순삭 크런치 포테이토 피자 팬 (L),285,29.08,9.08,12.12,2.82,1042,3.46
6213,피자헛_피자_순삭포테이토 피자,348,35.51,10.28,14.8,3.44,577,2.36
6214,피자마루_피자_숯불포크피자 (1인),265,27.04,14.69,11.27,2.62,229,8.87
6215,비토랩_피자_쉬림드보니토 피자 (L),235,23.98,15.56,10.0,2.32,1080,3.11
6216,비토랩_피자_쉬림드보니토 피자 (R),236,24.08,15.63,10.04,2.33,770,3.13
6217,호밀호두_팥빵_호밀찰보리빵,332,46.18,5.5,12.44,3.28,20,28.0
6218,킹스타피자_피자_수퍼슈프림 피자 (L),224,22.86,11.9,9.53,2.21,800,4.7
6219,킹스타피자_피자_수퍼슈프림 피자 (M),217,22.14,11.78,9.23,2.14,574,4.36
6220,피자헛_피자_수퍼슈프림 피자 더블치즈크러스트 (L),254,25.92,13.91,10.8,2.51,1208,2.19
6221,피자헛_피자_수퍼슈프림 피자 더블치즈크러스트 (M),264,26.94,14.75,11.23,2.61,721,2.17
6222,피자헛_피자_수퍼슈프림 피자 리치골드(L),252,25.71,12.12,10.72,2.49,1254,3.59
6223,피자헛_피자_수퍼슈프림 피자 리치골드(M),260,26.53,12.54,11.06,2.57,761,4.05
6224,피자헛_피자_수퍼슈프림 피자 치즈크러스트 (L),245,25.0,12.84,10.42,2.42,1134,2.13
6225,피자헛_피자_수퍼슈프림 피자 치즈크러스트 (M),251,25.61,13.71,10.68,2.48,679,1.95
6226,피자헛_피자_수퍼슈프림 피자 팬 (L),265,27.04,11.13,11.27,2.62,988,2.42
6227,피자헛_피자_수퍼슈프림 피자 프리미엄 오리지널 (L),252,25.71,12.72,10.72,2.49,912,2.63
6228,피자헛_피자_수퍼슈프림 피자 프리미엄 오리지널 (M),260,26.53,13.12,11.06,2.57,512,2.53
6229,피자헛_피자_수퍼슈프림 피자 프리첼 치즈 (L),254,25.92,10.49,10.8,2.51,1151,5.8
6230,피자헛_피자_수퍼슈프림 피자 프리첼 치즈 (M),264,26.94,10.71,11.23,2.61,677,6.25
6231,피자헛_피자_수퍼슈프림리치골드 (L),251,25.61,11.91,10.68,2.48,1223,3.29
6232,피자헛_피자_수퍼슈프림리치골드 (M),259,26.43,12.52,11.02,2.56,762,3.62
6233,피자헛_피자_수퍼슈프림오리지널 (L),244,24.9,12.55,10.38,2.41,843,2.45
6234,피자헛_피자_수퍼슈프림오리지널 (M),256,26.12,13.15,10.89,2.53,534,2.25
6235,피자헛_피자_수퍼슈프림치즈크러스트 (L),249,25.41,12.65,10.59,2.46,1063,1.89
6236,파리바게뜨_팥빵_호두단팥빵,261,45.22,6.96,6.09,2.58,115,16.52
6237,파파존스_피자_수퍼 파파스 치즈롤 (L),257,26.22,12.17,10.93,2.54,920,2.61
6238,파파존스_피자_수퍼 파파스 치즈롤 (P),258,26.33,12.15,10.97,2.55,100,2.89
6239,파파존스_피자_수퍼 파파스 크루아상,287,29.29,11.15,12.21,2.84,100,2.99
6240,파파존스_피자_수퍼 파파스 피자 골드링 (F),266,27.14,11.78,11.31,2.63,100,4.71
6241,파파존스_피자_수퍼 파파스 피자 골드링 (L),265,27.04,11.17,11.27,2.62,859,4.66
6242,파파존스_피자_수퍼 파파스 피자 골드링 (P),265,27.04,11.44,11.27,2.62,100,4.9
6243,파파존스_피자_수퍼 파파스 피자 골드링씬 (F),276,28.16,11.16,11.74,2.73,1004,3.98
6244,파파존스_피자_수퍼 파파스 피자 씬 (F),282,28.78,11.86,12.0,2.79,776,1.55
6245,파파존스_피자_수퍼 파파스 피자 오리지널 (F),241,24.59,10.7,10.25,2.38,100,3.82
6246,파파존스_피자_수퍼 파파스 피자 오리지널 (L),240,24.49,10.79,10.21,2.37,778,4.11
6247,파파존스_피자_수퍼 파파스 피자 오리지널 (P),240,24.49,11.27,10.21,2.37,100,3.76
6248,파파존스_피자_수퍼 파파스 피자 오리지널 (R),241,24.59,11.16,10.25,2.38,100,4.18
6249,파파존스_피자_수퍼 파파스 피자 치즈롤 (F),257,26.22,11.66,10.93,2.54,100,2.92
6250,파파존스_피자_수퍼 파파스 피자 치즈롤 (L),257,26.22,12.17,10.93,2.54,920,2.61
6251,파파존스_피자_수퍼 파파스 피자 치즈롤 (P),258,26.33,12.15,10.97,2.55,100,2.89
6252,파파존스_피자_수퍼 파파스 하트씬,242,24.69,8.51,10.29,2.39,1077,4.86
6253,피자에땅_피자_수퍼수프림 (L),264,26.94,10.57,11.23,2.61,984,5.69
6254,피자에땅_피자_수퍼수프림 피자 (L),288,29.39,11.11,12.25,2.85,1004,4.76
6255,코코호도_팥빵_호두과자,258,43.33,15.0,3.33,2.55,240,23.33
6256,피자파는집_피자_수제불고기 피자 씬도우 (L),107,10.92,7.35,4.55,1.06,740,3.57
6257,피자파는집_피자_수제불고기 피자 씬도우 (R),71,7.24,4.89,3.02,0.7,540,2.37
6258,피자파는집_피자_수제불고기 피자밀도우(L),107,10.92,7.37,4.55,1.06,950,3.58
6259,피자파는집_피자_수제불고기 피자밀도우(R),71,7.24,4.91,3.02,0.7,640,2.38
6260,피자파는집_피자_수제불고기 피자씬도우(L),107,10.92,7.35,4.55,1.06,740,3.57
6261,피자파는집_피자_수제불고기 피자씬도우(R),71,7.24,4.89,3.02,0.7,540,2.37
6262,파파존스_피자_수퍼 파파스 (F),241,24.59,10.7,10.25,2.38,100,3.82
6263,파파존스_피자_수퍼 파파스 (L),241,24.59,10.79,10.25,2.38,778,4.11
6264,파파존스_피자_수퍼 파파스 (P),240,24.49,11.27,10.21,2.37,100,3.76
6265,파파존스_피자_수퍼 파파스 골드링 (F),266,27.14,11.78,11.31,2.63,100,4.71
6266,파파존스_피자_수퍼 파파스 골드링 (L),265,27.04,11.17,11.27,2.62,859,4.66
6267,파파존스_피자_수퍼 파파스 골드링 (P),265,27.04,11.44,11.27,2.62,100,4.9
6268,파파존스_피자_수퍼 파파스 골드링 씬,276,28.16,11.16,11.74,2.73,1004,3.98
6269,파파존스_피자_수퍼 파파스 스파이시 갈릭 치즈롤 (F),254,25.92,12.59,10.8,2.51,100,3.6
6270,파파존스_피자_수퍼 파파스 스파이시 갈릭 치즈롤 (L),254,25.92,12.51,10.8,2.51,959,3.34
6271,파파존스_피자_수퍼 파파스 스파이시 갈릭 치즈롤 (P),254,25.92,12.58,10.8,2.51,100,3.59
6272,파파존스_피자_수퍼 파파스 씬,282,28.78,11.86,12.0,2.79,776,1.55
6273,파파존스_피자_수퍼 파파스 치즈롤 (F),257,26.22,11.66,10.93,2.54,100,2.92
6274,호밀호두_팥빵_호두과자,290,40.34,7.5,10.86,2.86,20,3.5
6275,업텐브로피자_피자_소고기로제스테이크커리 피자 (L),275,28.06,18.0,11.7,2.72,1127,2.0
6276,왕손피자_피자_소베페 피자 (L),279,28.47,15.94,11.87,2.76,1179,2.44
6277,선명희피자_피자_소불고기 피자,243,24.59,17.21,10.34,2.4,976,5.74
6278,선명희피자_피자_소불고기피자,243,24.8,17.21,10.34,2.4,976,5.74
6279,피자애_피자_소세지 피자 (L),305,31.12,7.79,12.97,3.01,904,3.63
6280,봉수아피자_피자_소시지 피자 (XL),218,22.24,13.5,9.27,2.15,978,3.71
6281,도미노피자_피자_소시지맥스나폴리(L),303,30.92,15.33,12.89,2.99,635,2.67
6282,피자파는집_피자_소프트포테이토무스 피자 밀도우 (L),107,10.92,4.88,4.55,1.06,1140,0.84
6283,피자파는집_피자_소프트포테이토무스 피자 밀도우 (R),71,7.24,3.26,3.02,0.7,760,0.58
6284,피자파는집_피자_소프트포테이토무스 피자 씬도우 (L),107,10.92,4.89,4.55,1.06,930,0.85
6285,피자파는집_피자_소프트포테이토무스 피자 씬도우 (R),71,7.24,3.26,3.02,0.7,660,0.57
6286,피자파는집_피자_소프트포테이토무스 피자밀도우(L),107,10.92,4.88,4.55,1.06,1140,0.84
6287,피자파는집_피자_소프트포테이토무스 피자밀도우(R),71,7.24,3.26,3.02,0.7,760,0.58
6288,피자파는집_피자_소프트포테이토무스 피자씬도우(L),107,10.92,4.89,4.55,1.06,930,0.85
6289,피자파는집_피자_소프트포테이토무스 피자씬도우(R),71,7.24,3.26,3.02,0.7,660,0.57
6290,피자에땅_피자_속풀이해장 피자 (L),262,26.73,13.01,11.14,2.59,1166,5.48
6291,피자파는집_피자_수제불고기 피자 밀도우 (L),107,10.92,7.37,4.55,1.06,950,3.58
6292,피자파는집_피자_수제불고기 피자 밀도우 (R),71,7.24,4.91,3.02,0.7,640,2.38
6293,더벤티_팥빵_호두과자,304,42.28,6.15,11.39,3.0,130,26.92
6294,7번가피자_피자_샘스테이크 피자 골드스윗 (L),280,28.57,14.38,11.91,2.77,1224,7.19
6295,7번가피자_피자_샘스테이크 피자 골드스윗 (R),279,28.47,14.56,11.87,2.76,824,7.77
6296,7번가피자_피자_샘스테이크 피자 리코타링 (L),280,28.57,14.79,11.91,2.77,1134,7.04
6297,7번가피자_피자_샘스테이크 피자 리코타링 (R),281,28.67,15.26,11.95,2.78,759,7.37
6298,7번가피자_피자_샘스테이크 피자 석쇠 (L),278,28.37,14.73,11.83,2.75,1034,6.98
6299,7번가피자_피자_샘스테이크 피자 석쇠 (R),277,28.27,15.29,11.78,2.74,679,7.06
6300,7번가피자_피자_샘스테이크 피자 씬도우 (L),278,28.37,13.37,11.83,2.75,686,6.98
6301,7번가피자_피자_샘스테이크 피자 씬도우 (R),263,26.84,13.08,11.19,2.6,520,7.69
6302,7번가피자_피자_샘스테이크 피자 씬바샤삭 (L),278,28.37,13.37,11.83,2.75,686,6.98
6303,7번가피자_피자_샘스테이크 피자 씬바샤삭 (R),263,26.84,13.08,11.19,2.6,520,7.69
6304,7번가피자_피자_샘스테이크 피자 치즈링 (L),274,27.96,15.28,11.66,2.71,1154,6.25
6305,7번가피자_피자_샘스테이크 피자 치즈링 (R),272,27.76,15.9,11.57,2.69,779,6.15
6306,서오릉피자_피자_서오릉갈비 (L),244,24.9,11.29,10.38,2.41,915,4.03
6307,서오릉피자_피자_서오릉갈비 (R),247,25.2,11.77,10.51,2.44,566,3.92
6308,서오릉피자_피자_서오릉갈비 피자 (L),259,26.43,11.96,11.02,2.56,100,4.5
6309,서오릉피자_피자_서오릉갈비 피자 (R),261,26.63,12.34,11.1,2.58,100,4.53
6310,킹스타피자_피자_세뇨리따 피자 (L),188,19.18,10.79,8.0,1.86,940,4.26
6311,킹스타피자_피자_세뇨리따 피자 (M),179,18.27,10.92,7.61,1.77,706,4.39
6312,뚜레쥬르_팥빵_호두가오독오독씹히는단팥빵,407,56.61,10.28,15.25,4.02,107,26.17
6313,미스터피자_피자_새우천왕 피자 치즈캡 (M),225,22.96,13.68,9.57,2.22,100,2.98
6314,미스터피자_피자_새우천왕 피자 치즈캡 (R),250,25.51,13.5,10.63,2.47,799,5.0
6315,미스터피자_피자_새우천왕 피자 크림치즈 (L),224,22.86,11.26,9.53,2.21,100,4.03
6316,미스터피자_피자_새우천왕 피자 크림치즈 (M),225,22.96,11.05,9.57,2.22,100,4.65
6317,미스터피자_피자_새우천왕 피자 크림치즈 (R),223,22.76,11.43,9.49,2.2,840,6.67
6318,오르새피자_피자_새우콤비네이션 피자 (L),239,24.39,5.32,10.17,2.36,790,2.53
6319,7번가피자_피자_새우파티 피자 골드스윗 (L),230,23.47,12.9,9.78,2.27,1242,6.45
6320,7번가피자_피자_새우파티 피자 골드스윗 (R),241,24.59,12.63,10.25,2.38,793,7.07
6321,7번가피자_피자_새우파티 피자 리코타링 (L),226,23.06,13.19,9.61,2.23,1152,6.25
6322,7번가피자_피자_새우파티 피자 리코타링 (R),240,24.49,13.19,10.21,2.37,728,7.14
6323,7번가피자_피자_새우파티 피자 석쇠 (L),217,22.14,12.88,9.23,2.14,1052,6.06
6324,7번가피자_피자_새우파티 피자 석쇠 (R),231,23.57,12.96,9.83,2.28,648,6.79
6325,7번가피자_피자_새우파티 피자 씬도우 (L),253,25.82,11.52,10.76,2.5,762,3.66
6326,7번가피자_피자_새우파티 피자 씬도우 (R),249,25.41,12.12,10.59,2.46,526,3.03
6327,7번가피자_피자_새우파티 피자 씬바샤삭 (L),253,25.82,11.52,10.76,2.5,762,3.66
6328,7번가피자_피자_새우파티 피자 씬바샤삭 (R),249,25.41,12.12,10.59,2.46,526,3.03
6329,7번가피자_피자_새우파티 피자 치즈링 (L),219,22.35,13.61,9.32,2.16,1172,5.44
6330,7번가피자_피자_새우파티 피자 치즈링 (R),232,23.67,13.9,9.87,2.29,748,5.88
6331,복호두_팥빵_팥호두과자(8개입),280,49.0,7.0,7.0,2.77,160,27.0
6332,피자애_피자_새우 피자 (L),303,30.92,6.38,12.89,2.99,753,3.83
6333,피제이피자_피자_새우리아 피자,275,29.45,8.75,11.11,2.72,880,6.31
6334,지정환피자_피자_새우세보래 피자 씬 (L),248,25.31,10.66,10.55,2.45,976,2.46
6335,지정환피자_피자_새우세보래 피자 씬 (R),246,25.1,10.1,10.46,2.43,594,2.02
6336,지정환피자_피자_새우세보래씬(L),248,25.31,10.33,10.55,2.45,974,2.18
6337,지정환피자_피자_새우세보래씬(R),248,25.31,10.5,10.55,2.45,100,2.18
6338,피자는치즈빨_피자_새우에빠진닭 피자 (L),239,24.39,13.68,10.17,2.36,936,5.13
6339,피자는치즈빨_피자_새우에빠진닭 피자 (M),238,24.29,13.59,10.12,2.35,618,4.85
6340,미스터피자_피자_새우천왕 피자 골드 (L),223,22.76,12.29,9.49,2.2,100,3.47
6341,미스터피자_피자_새우천왕 피자 골드 (M),223,22.76,12.04,9.49,2.2,100,4.16
6342,미스터피자_피자_새우천왕 피자 골드 (R),226,23.06,11.76,9.61,2.23,812,5.88
6343,미스터피자_피자_새우천왕 피자 노엣지 오리진 (L),217,22.14,12.5,9.23,2.14,1092,2.73
6344,미스터피자_피자_새우천왕 피자 노엣지 오리진 (M),219,22.35,12.32,9.32,2.16,674,3.4
6345,미스터피자_피자_새우천왕 피자 노엣지 오리진 (R),247,25.2,12.5,10.51,2.44,703,5.68
6346,미스터피자_피자_새우천왕 피자 에그타르트 (L),228,23.27,11.42,9.7,2.25,100,5.17
6347,미스터피자_피자_새우천왕 피자 에그타르트 (M),230,23.47,11.19,9.78,2.27,100,5.91
6348,미스터피자_피자_새우천왕 피자 에그타르트 (R),226,23.06,10.78,9.61,2.23,812,7.84
6349,미스터피자_피자_새우천왕 피자 치즈캡 (L),222,22.65,13.59,9.44,2.19,100,2.45
6350,복호두_팥빵_팥호두과자(20개입),280,49.0,7.0,7.0,2.77,400,27.0
6351,피자마루_피자_빙빙회오리감자피자 (1인),278,28.37,11.14,11.83,2.75,272,4.7
6352,피굽남피자_피자_빠새 피자 (L),278,28.37,10.15,11.83,2.75,916,3.75
6353,피자헛_피자_뿜뿜불고기 피자,303,30.92,12.69,12.89,2.99,478,4.37
6354,피자헤븐_피자_사대천왕 피자 (L),250,25.51,13.67,10.63,2.47,1114,3.6
6355,업텐브로피자_피자_사대천왕 피자 (L),329,33.57,15.0,13.99,3.25,2972,3.0
6356,비토랩_피자_사장의실수 피자 (L),279,28.47,15.44,11.87,2.76,1190,1.88
6357,비토랩_피자_사장의실수 피자 (R),279,28.47,15.23,11.87,2.76,905,1.92
6358,빽보이피자_피자_산체스타타코 피자 (L),245,28.64,12.14,10.42,2.42,822,4.08
6359,빽보이피자_피자_산체스타타코 피자 (R),246,28.73,12.15,10.46,2.43,633,4.05
6360,피자파는집_피자_살치스테이크 피자 밀도우 (L),111,11.33,9.06,4.72,1.1,870,2.07
6361,피자파는집_피자_살치스테이크 피자 밀도우 (R),74,7.55,6.04,3.15,0.73,540,1.37
6362,피자파는집_피자_살치스테이크 피자 씬도우 (L),111,11.33,9.05,4.72,1.1,660,2.05
6363,피자파는집_피자_살치스테이크 피자 씬도우 (R),74,7.55,6.03,3.15,0.73,440,1.37
6364,피자파는집_피자_살치스테이크 피자밀도우(L),111,11.33,9.06,4.72,1.1,870,2.07
6365,피자파는집_피자_살치스테이크 피자밀도우(R),74,7.55,6.04,3.15,0.73,540,1.37
6366,피자파는집_피자_살치스테이크 피자씬도우(L),111,11.33,9.05,4.72,1.1,660,2.05
6367,피자파는집_피자_살치스테이크 피자씬도우(R),74,7.55,6.03,3.15,0.73,440,1.37
6368,피자탑_피자_상큼하와이안 피자 (L),165,16.84,7.69,7.02,1.63,1131,3.91
6369,도미노피자_피자_블록버스터4 피자 더블치즈 페퍼로니 엣지 (L),248,24.39,12.32,11.5,2.45,1312,2.91
6370,도미노피자_피자_블록버스터4 피자 더블치즈 페퍼로니 엣지 (M),239,20.98,12.91,11.05,2.36,850,2.54
6371,도미노피자_피자_블록버스터4 피자 슈퍼시드 화이버 버스트 오리지널 (L),281,25.27,15.03,10.25,2.78,1241,3.42
6372,도미노피자_피자_블록버스터4 피자 슈퍼시드 화이버 오리지널 (L),236,28.06,12.6,8.11,2.33,1055,2.7
6373,도미노피자_피자_블록버스터4 피자 슈퍼시드 화이버 오리지널 (M),232,27.6,11.0,8.41,2.29,652,2.7
6374,도미노피자_피자_블록버스터4 피자 슈화 더블 치즈 페퍼로니 엣지 (L),281,24.18,15.47,11.06,2.78,1252,2.72
6375,도미노피자_피자_블록버스터4 피자 슈화 더블 치즈 페퍼로니 엣지 (M),285,23.5,14.32,11.57,2.82,788,2.75
6376,도미노피자_피자_블록버스터4 피자 씬 (L),250,20.0,13.0,13.08,2.47,753,5.0
6377,도미노피자_피자_블록버스터4 피자 씬 (M),245,25.0,14.0,13.74,2.42,462,4.6
6378,도미노피자_피자_블록버스터4 피자 오리지널 (L),239,28.35,11.0,8.86,2.36,1105,4.0
6379,도미노피자_피자_블록버스터4 피자 오리지널 (M),221,24.9,11.8,8.28,2.18,695,3.9
6380,도미노피자_피자_블록버스터4 피자 치즈버스트 나폴리 (L),245,25.0,13.0,12.8,2.42,1087,4.0
6381,도미노피자_피자_블록버스터4 피자 치즈버스트 오리지널 (L),243,23.41,12.0,11.17,2.4,1325,5.6
6382,피제이피자_피자_비프갈릭 피자 (L),262,24.7,13.62,8.67,2.59,939,5.63
6383,피자스쿨_피자_비프퀘사디아 피자,264,33.17,12.38,8.91,2.61,807,3.96
6384,피자스쿨_피자_비프퀘사디아피자,232,23.67,12.07,9.87,2.29,812,3.96
6385,청년피자_피자_비프홀리데이 피자(L),285,29.08,13.0,12.12,2.82,992,4.0
6386,오르새피자_피자_빅포 피자 (L),94,9.59,3.69,4.0,0.93,1220,1.89
6387,도미노피자_피자_블랙타이거 슈림프 피자 슈화 더블 치즈 페퍼로니 엣지 (M),302,27.1,15.33,11.02,2.98,698,3.63
6388,도미노피자_피자_블랙타이거 슈림프 피자 씬 (L),251,24.86,11.6,11.71,2.48,648,6.6
6389,도미노피자_피자_블랙타이거 슈림프 피자 씬 (M),254,23.32,12.0,11.02,2.51,385,5.9
6390,도미노피자_피자_블랙타이거 슈림프 피자 오리지널 (M),238,27.87,11.6,9.11,2.35,592,3.0
6391,도미노피자_피자_블랙타이거 슈림프 피자 치즈 엣지 (L),241,29.08,11.5,8.69,2.38,1145,4.0
6392,도미노피자_피자_블랙타이거 슈림프 피자 치즈 엣지 (M),248,24.86,12.7,10.9,2.45,727,3.7
6393,도미노피자_피자_블랙타이거 슈림프 피자 치즈버스트 나폴리 (L),243,23.17,11.6,11.52,2.4,1001,5.7
6394,도미노피자_피자_블랙타이거 슈림프 피자 치즈버스트 오리지널 (L),243,23.5,14.0,10.07,2.4,1225,3.6
6395,도미노피자_피자_블랙타이거슈림프 오리지널 트리플치즈버스트엣지 (L),257,26.22,12.67,10.93,2.54,1067,4.67
6396,피자와치킨의러브레터_피자_블랙타이거슈림프 피자,199,20.31,12.85,8.46,1.97,934,5.04
6397,도미노피자_피자_블랙타이거슈림프 피자 오리지널 (L),234,31.61,11.0,6.94,2.31,963,3.0
6398,도미노피자_피자_블랙타이거슈림프 피자 트리플치즈버스트 엣지 (L),241,24.59,12.0,10.25,2.38,1203,5.33
6399,굽네치킨_피자_블랙트러플 스테이크 시카고 피자,278,26.25,15.0,11.83,2.75,100,5.63
6400,도미노피자_피자_블록버스터4 피자 나폴리 (L),235,24.19,12.0,9.9,2.32,886,4.5
6401,도미노피자_피자_블록버스터4 피자 나폴리 (M),228,22.04,12.5,10.0,2.25,570,4.0
6402,도미노피자_피자_블록버스터4 피자 더블치즈 엣지 (L),244,25.91,11.9,10.25,2.41,1272,3.0
6403,도미노피자_피자_블록버스터4 피자 더블치즈 엣지 (M),236,22.65,12.6,10.53,2.33,830,2.6
6404,도미노피자_피자_블록버스터4 피자 더블치즈 엣지 오리지널 (L),237,24.18,12.5,10.08,2.34,1280,3.13
6405,따삐오_페이스트리_64겹페스트리,387,38.71,7.0,23.32,3.82,286,12.0
6406,도미노피자_피자_블랙앵거스 스테이크 피자 씬 (L),260,23.16,11.0,13.57,2.57,694,6.0
6407,도미노피자_피자_블랙앵거스 스테이크 피자 씬 (M),244,21.62,10.6,12.74,2.41,428,6.5
6408,도미노피자_피자_블랙앵거스 스테이크 피자 오리지널 (L),242,29.26,12.0,8.54,2.39,1017,4.0
6409,도미노피자_피자_블랙앵거스 스테이크 피자 치즈 엣지 (L),242,25.46,11.7,10.37,2.39,1238,4.5
6410,도미노피자_피자_블랙앵거스 스테이크 피자 치즈 엣지 (M),242,24.7,11.0,10.84,2.39,778,4.6
6411,도미노피자_피자_블랙앵거스 스테이크 피자 치즈버스트 나폴리 (L),243,23.2,11.6,11.5,2.4,1028,3.7
6412,도미노피자_피자_블랙앵거스 스테이크 피자 치즈버스트 오리지널 (L),248,25.97,11.6,10.86,2.45,1267,5.8
6413,도미노피자_피자_블랙앵거스 스테이크 피자 트리플치즈버스트 엣지 (L),239,24.39,11.18,10.17,2.36,1285,6.83
6414,유로코피자_피자_블랙청양페퍼로니 피자,279,28.47,18.52,11.87,2.76,720,1.49
6415,도미노피자_피자_블랙타이거 슈림프 피자 나폴리 (L),240,29.73,11.5,6.31,2.37,751,5.0
6416,도미노피자_피자_블랙타이거 슈림프 피자 나폴리 (M),236,25.98,12.0,9.2,2.33,473,4.0
6417,도미노피자_피자_블랙타이거 슈림프 피자 더블치즈 페퍼로니 엣지 (L),245,26.26,11.98,10.11,2.42,1185,3.87
6418,도미노피자_피자_블랙타이거 슈림프 피자 더블치즈 페퍼로니 엣지 (M),252,22.79,13.05,12.09,2.49,747,3.6
6419,도미노피자_피자_블랙타이거 슈림프 피자 슈퍼시드 화이버 버스트 오리지널 (L),292,29.74,13.38,9.64,2.89,1123,5.3
6420,도미노피자_피자_블랙타이거 슈림프 피자 슈퍼시드 화이버 오리지널 (L),242,33.77,10.7,7.12,2.39,937,4.5
6421,도미노피자_피자_블랙타이거 슈림프 피자 슈퍼시드 화이버 오리지널 (M),243,32.73,11.6,7.22,2.4,562,3.6
6422,도미노피자_피자_블랙타이거 슈림프 피자 슈화 더블 치즈 페퍼로니 엣지 (L),292,28.5,13.93,10.55,2.89,1134,4.46
6423,업텐브로피자_피자_브로스페셜콤비 피자 (L),279,28.47,15.0,11.87,2.76,1355,3.0
6424,피자헛_피자_브루클린 버거 피자 씬 (L),306,31.22,14.36,13.02,3.02,563,6.29
6425,피자헛_피자_브루클린 버거 피자 오리지널 (L),266,27.14,12.62,11.31,2.63,856,4.86
6426,피자헛_피자_브루클린 버거 피자 오리지널 (M),271,27.65,13.1,11.53,2.68,506,5.0
6427,피자헛_피자_브루클린 버거 피자 오리지널 파마산 치즈 (L),273,27.86,13.3,11.61,2.7,878,4.77
6428,피자헛_피자_브루클린 버거 피자 오리지널 파마산 치즈 (M),275,28.06,13.64,11.7,2.72,520,4.86
6429,피자헛_피자_브루클린 버거 피자 팬 (L),298,30.41,11.7,12.68,2.94,903,4.73
6430,빅스타피자_피자_브루클린스테이크 피자,125,12.76,6.17,5.32,1.24,720,3.7
6431,유로코피자_피자_블랙 페퍼 폭탄 피자,252,25.71,13.66,10.72,2.49,927,6.23
6432,유로코피자_피자_블랙소세지핫도그 피자,256,26.12,12.13,10.89,2.53,1156,4.73
6433,도미노피자_피자_블랙앵거스 스테이크 피자 나폴리 (L),233,26.17,11.5,9.11,2.3,822,5.8
6434,도미노피자_피자_블랙앵거스 스테이크 피자 나폴리 (M),231,24.25,11.0,9.83,2.28,520,6.0
6435,도미노피자_피자_블랙앵거스 스테이크 피자 더블치즈 페퍼로니 엣지 (L),246,23.81,12.14,10.94,2.43,1278,4.36
6436,도미노피자_피자_블랙앵거스 스테이크 피자 슈퍼시드 화이버 버스트 오리지널 (L),278,25.66,13.48,10.26,2.75,1217,5.33
6437,도미노피자_피자_블랙앵거스 스테이크 피자 슈퍼시드 화이버 오리지널 (L),232,28.58,11.0,8.08,2.29,1031,4.6
6438,도미노피자_피자_블랙앵거스 스테이크 피자 슈퍼시드 화이버 오리지널 (M),239,30.51,10.9,8.19,2.36,608,3.7
6439,도미노피자_피자_블랙앵거스 스테이크 피자 슈화 더블 치즈 페퍼로니 엣지 (L),278,24.54,13.98,11.09,2.75,1228,4.56
6440,도미노피자_피자_블랙앵거스 스테이크 피자 슈화 더블 치즈 페퍼로니 엣지 (M),295,25.64,14.42,11.58,2.92,744,3.73
6441,파리바게뜨_페이스트리_64겹골든페스츄리,385,38.51,7.0,23.2,3.8,392,14.0
6442,빽보이피자_피자_불닭발레전드 피자 (R),292,39.0,12.0,12.42,2.89,483,5.0
6443,피자파는집_피자_불닭쉬림프 피자 밀도우 (L),104,10.61,8.6,4.42,1.03,860,2.14
6444,피자파는집_피자_불닭쉬림프 피자 밀도우 (R),69,7.04,5.74,2.94,0.68,554,1.44
6445,피자파는집_피자_불닭쉬림프 피자 씬도우 (L),104,10.61,8.6,4.42,1.03,650,2.16
6446,피자파는집_피자_불닭쉬림프 피자 씬도우 (R),69,7.04,5.73,2.94,0.68,454,1.44
6447,피자파는집_피자_불닭쉬림프 피자밀도우(L),104,10.61,8.6,4.42,1.03,860,2.14
6448,피자파는집_피자_불닭쉬림프 피자밀도우(R),69,7.04,5.74,2.94,0.68,554,1.44
6449,피자파는집_피자_불닭쉬림프 피자씬도우(L),104,10.61,8.6,4.42,1.03,650,2.16
6450,피자파는집_피자_불닭쉬림프 피자씬도우(R),69,7.04,5.73,2.94,0.68,454,1.44
6451,피자마루_피자_불닭치킨피자 (1인),253,25.82,16.49,10.76,2.5,238,6.4
6452,왕손피자_피자_불닭핫치킨 피자 (L),225,22.96,15.18,9.57,2.22,1175,4.9
6453,반올림피자_피자_불벅 피자 (L),270,27.55,13.15,11.48,2.67,100,6.82
6454,반올림피자_피자_불벅치즈링 피자 (R),264,26.94,12.64,11.23,2.61,100,6.59
6455,청년피자_피자_불사조쉬림프 피자 (L),231,23.57,14.44,9.83,2.28,952,4.02
6456,고피자_피자_불새 피자 (L),210,21.43,8.89,8.93,2.08,719,4.44
6457,고피자_피자_불새피자,186,18.98,8.14,7.91,1.84,432,4.65
6458,오구쌀피자_피자_불새피자 불고기새우 피자 (L),226,23.06,12.77,9.61,2.23,752,4.79
6459,비비큐_피자_브라운비프 피자,257,26.22,14.21,10.93,2.54,100,4.18
6460,지정환피자_피자_불고기흑미치즈크러스트(R),220,22.45,14.15,9.36,2.17,100,3.75
6461,비토랩_피자_불그닭 피자 (L),241,24.59,14.62,10.25,2.38,1040,4.69
6462,비토랩_피자_불그닭 피자 (R),241,24.59,14.84,10.25,2.38,770,4.69
6463,피자에땅_피자_불금 피자 (L),263,26.84,13.95,11.19,2.6,1028,5.43
6464,선명희피자_피자_불닭 피자,225,22.39,15.67,9.57,2.22,1074,4.48
6465,피제이피자_피자_불닭 피자 (L),246,25.1,14.92,10.46,2.43,1029,5.43
6466,네오피자_피자_불닭 피자 (L),244,24.9,15.53,10.38,2.41,872,8.83
6467,오르새피자_피자_불닭 피자 (L),228,23.27,12.5,9.7,2.25,720,1.39
6468,피자스쿨_피자_불닭고구마 피자,254,29.58,9.86,10.8,2.51,850,1.88
6469,피자스쿨_피자_불닭고구마피자,237,24.18,11.62,10.08,2.34,852,1.88
6470,피자파는집_피자_불닭바베큐 피자 밀도우 (L),114,11.63,8.93,4.85,1.13,990,1.66
6471,피자파는집_피자_불닭바베큐 피자 밀도우 (R),76,7.76,5.97,3.23,0.75,590,1.12
6472,피자파는집_피자_불닭바베큐 피자 씬도우 (L),114,11.63,8.95,4.85,1.13,780,1.68
6473,피자파는집_피자_불닭바베큐 피자 씬도우 (R),76,7.76,5.96,3.23,0.75,490,1.12
6474,피자파는집_피자_불닭바베큐밀도우(L),114,11.63,8.93,4.85,1.13,990,1.66
6475,피자파는집_피자_불닭바베큐밀도우(R),76,7.76,5.97,3.23,0.75,590,1.12
6476,피자파는집_피자_불닭바베큐씬도우(L),114,11.63,8.95,4.85,1.13,780,1.68
6477,피자파는집_피자_불닭바베큐씬도우(R),76,7.76,5.96,3.23,0.75,490,1.12
6478,빽보이피자_피자_불닭발레전드 피자 (L),313,33.81,15.71,13.31,3.09,675,5.71
6479,피자마루_피자_불고기피자,249,25.41,10.79,10.59,2.46,710,3.62
6480,피자_불고기피자,253,30.6,13.7,8.35,2.5,200,4.6
6481,피자스쿨_피자_불고기피자,237,24.18,13.29,10.08,2.34,715,2.8
6482,맘스피자_피자_불고기피자 (L),266,27.14,13.13,11.31,2.63,764,1.53
6483,피자알볼로_피자_불고기피자 (L),236,24.08,10.76,10.04,2.33,800,0.61
6484,맘스피자_피자_불고기피자 (M),270,27.55,12.54,11.48,2.67,567,1.13
6485,피자알볼로_피자_불고기피자 (R),237,24.18,10.72,10.08,2.34,448,0.61
6486,반올림피자_피자_불고기피자 (R),235,23.98,11.61,10.0,2.32,100,6.22
6487,피자알볼로_피자_불고기피자 (XL),236,24.08,10.83,10.04,2.33,960,0.63
6488,맘스피자_피자_불고기피자 리치골드크러스트 (L),267,27.24,13.24,11.36,2.64,964,1.54
6489,맘스피자_피자_불고기피자 리치골드크러스트 (M),270,27.55,12.71,11.48,2.67,667,1.2
6490,맘스피자_피자_불고기피자 치즈크러스트 (L),268,27.35,13.19,11.4,2.65,864,1.43
6491,맘스피자_피자_불고기피자 치즈크러스트 (M),272,27.76,12.68,11.57,2.69,642,1.07
6492,피자마루_피자_불고기피자바이트,245,25.0,10.46,10.42,2.42,875,4.57
6493,비스트로피자_피자_불고기피자오리지널,320,32.65,14.82,13.61,3.16,485,6.17
6494,지정환피자_피자_불고기흑미스크린(L),233,23.78,14.26,9.91,2.3,100,4.03
6495,지정환피자_피자_불고기흑미스크린(R),228,23.27,13.95,9.7,2.25,100,3.97
6496,지정환피자_피자_불고기흑미치즈크러스트(L),227,23.16,14.39,9.66,2.24,100,3.85
6497,지정환피자_피자_불고기밀스크린(L),246,25.1,14.31,10.46,2.43,100,2.36
6498,지정환피자_피자_불고기밀스크린(R),241,24.59,14.01,10.25,2.38,100,2.39
6499,지정환피자_피자_불고기밀스크린치즈크러스트(L),238,24.29,14.43,10.12,2.35,100,2.36
6500,지정환피자_피자_불고기밀스크린치즈크러스트(R),231,23.57,14.2,9.83,2.28,100,2.38
6501,지정환피자_피자_불고기백미스크린(L),240,24.49,14.36,10.21,2.37,100,5.2
6502,지정환피자_피자_불고기백미스크린(R),234,23.88,14.04,9.95,2.31,100,5.07
6503,지정환피자_피자_불고기백미치즈크러스트(L),232,23.67,14.47,9.87,2.29,100,4.91
6504,지정환피자_피자_불고기백미치즈크러스트(R),225,22.96,14.23,9.57,2.22,100,4.71
6505,지정환피자_피자_불고기씬(L),248,25.31,15.61,10.55,2.45,645,2.42
6506,지정환피자_피자_불고기씬(R),248,25.31,14.95,10.55,2.45,360,2.43
6507,피자는치즈빨_피자_불고기의정석 피자 (L),248,25.31,13.33,10.55,2.45,840,5.71
6508,피자는치즈빨_피자_불고기의정석 피자 (M),247,25.2,14.14,10.51,2.44,594,5.05
6509,지정환피자_피자_불고기체다크림크러스트(L),239,24.39,13.55,10.17,2.36,1010,4.48
6510,지정환피자_피자_불고기체다크림크러스트(R),240,24.49,13.04,10.21,2.37,100,4.58
6511,지정환피자_피자_불고기치즈크러스트(L),235,23.98,14.43,10.0,2.32,1005,2.51
6512,지정환피자_피자_불고기치즈크러스트(R),233,23.78,13.99,9.91,2.3,100,2.51
6513,지정환피자_피자_불고기팬(L),242,24.69,14.32,10.29,2.39,910,2.53
6514,지정환피자_피자_불고기팬(R),242,24.69,13.79,10.29,2.39,100,2.54
6515,미스터피자_피자_불고기 피자 치즈캡 (M),270,27.55,16.96,11.48,2.67,100,5.0
6516,미스터피자_피자_불고기 피자 치즈캡 (R),259,26.43,14.19,11.02,2.56,619,3.87
6517,지정환피자_피자_불고기 피자 치즈크러스트 (L),233,23.78,14.29,9.91,2.3,1008,2.38
6518,지정환피자_피자_불고기 피자 치즈크러스트 (R),233,23.78,14.29,9.91,2.3,588,2.04
6519,지정환피자_피자_불고기 피자 팬 (L),241,24.59,14.04,10.25,2.38,912,2.63
6520,지정환피자_피자_불고기 피자 팬 (R),241,24.59,13.79,10.25,2.38,522,2.3
6521,지정환피자_피자_불고기 피자 흑미스크린 (L),233,23.78,14.15,9.91,2.3,848,3.77
6522,지정환피자_피자_불고기 피자 흑미스크린 (R),227,23.16,13.33,9.66,2.24,450,4.0
6523,지정환피자_피자_불고기 피자 흑미스크린치즈크러스트 (L),225,22.96,14.41,9.57,2.22,944,4.24
6524,지정환피자_피자_불고기 피자 흑미스크린치즈크러스트 (R),219,22.35,13.95,9.32,2.16,516,3.49
6525,봉수아피자_피자_불고기(R),182,18.57,12.76,7.74,1.8,700,2.5
6526,봉수아피자_피자_불고기(XL),243,24.8,17.2,10.34,2.4,1060,3.33
6527,유로코피자_피자_불고기BBQ 피자,241,24.59,11.28,10.25,2.38,952,4.74
6528,봉수아피자_피자_불고기감자 피자 (XL),249,25.41,17.45,10.59,2.46,1130,3.26
6529,봉수아피자_피자_불고기감자(R),187,19.08,13.15,7.95,1.85,746,2.5
6530,봉수아피자_피자_불고기감자(XL),249,25.41,17.45,10.59,2.46,1130,3.26
6531,지정환피자_피자_불고기고구마크러스트(L),237,24.18,13.08,10.08,2.34,1005,3.96
6532,지정환피자_피자_불고기고구마크러스트(R),237,24.18,12.54,10.08,2.34,100,4.03
6533,롤링핀_팥빵_호두통팥,362,42.3,9.7,17.1,3.58,110,17.9
6534,7번가피자_피자_불고기 피자 석쇠 (G),278,28.37,14.5,11.83,2.75,1310,3.05
6535,7번가피자_피자_불고기 피자 석쇠 (L),278,28.37,15.06,11.83,2.75,664,3.01
6536,7번가피자_피자_불고기 피자 석쇠 (R),278,28.37,14.63,11.83,2.75,490,3.25
6537,지정환피자_피자_불고기 피자 씬 (L),247,25.2,16.05,10.51,2.44,648,2.47
6538,지정환피자_피자_불고기 피자 씬 (R),248,25.31,15.0,10.55,2.45,360,1.67
6539,7번가피자_피자_불고기 피자 씬도우 (L),287,29.29,13.99,12.21,2.84,573,3.5
6540,7번가피자_피자_불고기 피자 씬도우 (R),300,30.61,14.0,12.76,2.96,400,3.0
6541,7번가피자_피자_불고기 피자 씬바샤삭 (L),287,29.29,13.99,12.21,2.84,573,3.5
6542,7번가피자_피자_불고기 피자 씬바샤삭 (R),300,30.61,14.0,12.76,2.96,400,3.0
6543,미스터피자_피자_불고기 피자 오리진 (L),259,26.43,11.15,11.02,2.56,856,5.83
6544,미스터피자_피자_불고기 피자 오리진 (M),270,27.55,15.79,11.48,2.67,516,5.93
6545,미스터피자_피자_불고기 피자 오리진 (R),257,26.22,12.98,10.93,2.54,523,4.58
6546,지정환피자_피자_불고기 피자 체다크림크러스트 (L),240,24.49,13.49,10.21,2.37,1008,4.76
6547,지정환피자_피자_불고기 피자 체다크림크러스트 (R),239,24.39,13.4,10.17,2.36,582,4.12
6548,7번가피자_피자_불고기 피자 치즈링 (G),273,27.86,15.69,11.61,2.7,1530,2.61
6549,7번가피자_피자_불고기 피자 치즈링 (L),272,27.76,16.33,11.57,2.69,784,2.55
6550,7번가피자_피자_불고기 피자 치즈링 (R),272,27.76,15.54,11.57,2.69,590,2.7
6551,미스터피자_피자_불고기 피자 치즈캡 (L),260,26.53,12.67,11.06,2.57,100,5.1
6552,7번가피자_피자_불고기 피자 골드스윗 (L),281,28.67,14.02,11.95,2.78,854,3.74
6553,7번가피자_피자_불고기 피자 골드스윗 (R),281,28.67,13.84,11.95,2.78,635,4.4
6554,7번가피자_피자_불고기 피자 리코타링 (G),283,28.88,14.09,12.04,2.8,1490,3.36
6555,7번가피자_피자_불고기 피자 리코타링 (L),283,28.88,14.66,12.04,2.8,764,3.66
6556,7번가피자_피자_불고기 피자 리코타링 (R),283,28.88,14.69,12.04,2.8,570,4.2
6557,지정환피자_피자_불고기 피자 밀스크린 (L),247,25.2,14.68,10.51,2.44,872,2.75
6558,지정환피자_피자_불고기 피자 밀스크린 (R),240,24.49,14.29,10.21,2.37,462,2.6
6559,지정환피자_피자_불고기 피자 밀스크린고구마크러스트 (L),241,24.59,13.22,10.25,2.38,968,4.13
6560,지정환피자_피자_불고기 피자 밀스크린고구마크러스트 (R),236,24.08,12.79,10.04,2.33,516,4.65
6561,지정환피자_피자_불고기 피자 밀스크린체다크림크러스트 (L),243,24.8,13.11,10.34,2.4,976,4.1
6562,지정환피자_피자_불고기 피자 밀스크린체다크림크러스트 (R),237,24.18,12.64,10.08,2.34,522,4.6
6563,지정환피자_피자_불고기 피자 밀스크린치즈크러스트 (L),238,24.29,14.05,10.12,2.35,968,2.48
6564,지정환피자_피자_불고기 피자 밀스크린치즈크러스트 (R),231,23.57,13.64,9.83,2.28,528,2.27
6565,피자마루_피자_불고기 피자 바이트 (L),245,25.0,10.46,10.42,2.42,875,4.57
6566,지정환피자_피자_불고기 피자 백미스크린 (L),241,24.59,14.29,10.25,2.38,840,4.76
6567,지정환피자_피자_불고기 피자 백미스크린 (R),235,23.98,13.51,10.0,2.32,444,5.41
6568,지정환피자_피자_불고기 피자 백미스크린치즈크러스트 (L),232,23.67,14.53,9.87,2.29,936,5.13
6569,지정환피자_피자_불고기 피자 백미스크린치즈크러스트 (R),223,22.76,13.95,9.49,2.2,516,4.65
6570,오구쌀피자_피자_불고기 피자 (L),216,22.04,13.81,9.19,2.13,724,4.97
6571,피제이피자_피자_불고기 피자 (L),252,26.1,14.79,6.47,2.49,949,6.52
6572,피자헤븐_피자_불고기 피자 (L),248,25.31,14.81,10.55,2.45,1080,3.7
6573,피자에땅_피자_불고기 피자 (L),299,30.51,15.65,12.72,2.95,914,5.22
6574,피자애_피자_불고기 피자 (L),306,31.22,7.34,13.02,3.02,755,2.45
6575,피자알볼로_피자_불고기 피자 (L),238,24.29,11.25,10.12,2.35,960,0.61
6576,피자마루_피자_불고기 피자 (L),249,25.41,10.79,10.59,2.46,710,3.62
6577,킹스타피자_피자_불고기 피자 (L),234,23.88,13.06,9.95,2.31,775,4.74
6578,오르새피자_피자_불고기 피자 (L),244,24.9,13.7,10.38,2.41,730,2.74
6579,뽕뜨락피자_피자_불고기 피자 (L),234,23.88,12.47,9.95,2.31,804,5.82
6580,네오피자_피자_불고기 피자 (L),240,24.49,16.0,10.21,2.37,840,7.49
6581,난타5000피자_피자_불고기 피자 (L),314,39.12,15.25,10.77,3.1,600,3.41
6582,킹스타피자_피자_불고기 피자 (M),220,22.45,12.77,9.36,2.17,571,4.2
6583,뽕뜨락피자_피자_불고기 피자 (M),243,24.8,14.04,10.34,2.4,495,6.07
6584,피자알볼로_피자_불고기 피자 (R),232,23.67,10.14,9.87,2.29,550,0.61
6585,봉수아피자_피자_불고기 피자 (XL),243,24.8,17.2,10.34,2.4,1060,3.33
6586,지정환피자_피자_불고기 피자 고구마크러스트 (L),237,24.18,12.7,10.08,2.34,1008,3.97
6587,지정환피자_피자_불고기 피자 고구마크러스트 (R),238,24.29,12.5,10.12,2.35,576,4.17
6588,7번가피자_피자_불고기 피자 골드스윗 (G),280,28.57,13.94,11.91,2.77,1645,4.24
6589,도미노피자_피자_불고기 체다 스타라이트 피자 슈화 더블치즈 페퍼로니 엣지 (L),268,26.25,12.51,11.43,2.65,1090,1.93
6590,도미노피자_피자_불고기 체다 스타라이트 피자 슈화 더블치즈 페퍼로니 엣지 (M),268,25.01,12.42,13.05,2.65,651,2.43
6591,도미노피자_피자_불고기 체다 스타라이트 피자 씬 (L),292,21.39,12.7,17.22,2.89,503,3.0
6592,도미노피자_피자_불고기 체다 스타라이트 피자 씬 (M),301,30.71,13.5,18.98,2.97,278,2.7
6593,도미노피자_피자_불고기 체다 스타라이트 피자 오리지널 (L),244,28.19,11.0,9.56,2.41,877,1.9
6594,도미노피자_피자_불고기 체다 스타라이트 피자 오리지널 (M),251,28.25,11.0,10.31,2.48,516,1.8
6595,도미노피자_피자_불고기 체다 스타라이트 피자 치즈버스트 나폴리 (L),262,20.84,12.8,14.12,2.59,886,3.0
6596,도미노피자_피자_불고기 체다 스타라이트 피자 치즈버스트 오리지널 (L),260,26.64,11.9,11.73,2.57,1077,2.7
6597,도미노피자_피자_불고기 체다 스타라이트 피자 화이버 버스트 오리지널 (L),254,26.96,11.6,11.06,2.51,1074,2.9
6598,도미노피자_피자_불고기 체다 스타라이트 피자 화이버 엣지 오리지널 (L),264,26.7,12.0,12.04,2.61,1050,2.0
6599,도미노피자_피자_불고기 체다 스타라이트 피자 화이버 엣지 오리지널 (M),264,26.44,12.0,12.18,2.61,631,2.5
6600,피자스쿨_피자_불고기 피자,247,28.65,14.04,8.43,2.44,715,2.8
6601,빅스타피자_피자_불고기 피자,255,26.02,11.92,10.88,2.52,1540,0.52
6602,따삐오_피자_불고기 피자,229,23.37,13.0,9.74,2.26,1110,4.0
6603,고피자_피자_불고기 피자,250,25.51,12.53,10.63,2.47,301,6.51
6604,치킨플러스_피자_불고기 피자,294,30.0,11.15,12.51,2.91,100,2.22
6605,또래오래_피자_불고기 피자,165,16.84,6.31,7.02,1.63,100,2.31
6606,피자플래넷_피자_불고기 피자 (L),245,25.0,5.63,10.42,2.42,920,3.07
6607,피자스톰_피자_보스 포테이토 (R),228,23.27,18.05,9.7,2.25,1032,2.67
6608,피자스톰_피자_보스 포테이토 피자 (XL),228,23.27,18.05,9.7,2.25,1696,2.67
6609,비스트로피자_피자_복성로 불고기 피자,391,41.64,20.31,16.0,3.86,515,6.25
6610,고피자_피자_부라타치즈 피자,246,25.1,11.88,10.46,2.43,267,3.97
6611,지정환피자_피자_부어스트 피자 씬 (L),230,23.47,13.18,9.78,2.27,1032,3.1
6612,비스트로피자_피자_북성로 불고기피자,286,29.18,14.29,12.17,2.83,500,4.76
6613,피자애_피자_불갈비 피자 (L),292,29.8,6.73,12.42,2.89,815,4.85
6614,봉수아피자_피자_불갈비 피자 (XL),335,34.18,18.9,14.25,3.31,1088,4.4
6615,피자에땅_피자_불고기 (L),274,27.96,15.18,11.66,2.71,894,6.25
6616,미스터피자_피자_불고기 1인피자,277,28.27,14.7,11.78,2.74,214,6.6
6617,도미노피자_피자_불고기 체다 스타라이트 피자 나폴리 (L),249,25.4,11.9,11.06,2.46,664,2.0
6618,도미노피자_피자_불고기 체다 스타라이트 피자 나폴리 (M),257,25.11,12.0,12.02,2.54,370,3.0
6619,도미노피자_피자_불고기 체다 스타라이트 피자 더블치즈 엣지 (L),263,26.24,11.8,12.28,2.6,1028,2.0
6620,도미노피자_피자_불고기 체다 스타라이트 피자 더블치즈 엣지 (M),269,25.82,12.7,12.72,2.66,615,1.0
6621,도미노피자_피자_불고기 체다 스타라이트 피자 더블치즈 페퍼로니 엣지 (L),267,23.78,12.32,12.81,2.64,1068,1.93
6622,도미노피자_피자_불고기 체다 스타라이트 피자 더블치즈 페퍼로니 엣지 (M),272,23.78,13.11,14.1,2.69,635,0.97
6623,도미노피자_피자_불고기 체다 스타라이트 피자 슈퍼시드 화이버 오리지널 (L),244,32.12,10.0,8.23,2.41,870,2.8
6624,도미노피자_피자_불고기 체다 스타라이트 피자 슈퍼시드 화이버 오리지널 (M),261,31.71,11.0,9.78,2.58,497,2.6
6625,피자파는집_피자_베이컨후라이 피자씬도우(R),70,7.14,5.09,2.98,0.69,440,0.28
6626,비토랩_피자_베이토 피자 (L),268,27.35,13.71,11.4,2.65,990,3.31
6627,비토랩_피자_베이토 피자 (R),268,27.35,13.93,11.4,2.65,730,3.28
6628,피자헛_피자_베지 러버씬 (L),257,26.22,10.8,10.93,2.54,450,3.13
6629,피자헛_피자_베지 러버치즈크러스트 (L),240,24.49,11.15,10.21,2.37,909,2.04
6630,피자헛_피자_베지 러버치즈크러스트 (M),252,25.71,12.35,10.72,2.49,549,1.97
6631,피자헛_피자_베지 러버치즈크러스트 골드 (L),246,25.1,11.71,10.46,2.43,942,1.97
6632,피자헛_피자_베지 러버치즈크러스트 골드 (M),258,26.33,12.86,10.97,2.55,567,1.85
6633,피자헛_피자_베지 러버치치골드 (L),244,24.9,10.53,10.38,2.41,1069,3.61
6634,피자헛_피자_베지 러버치치골드 (M),254,25.92,11.27,10.8,2.51,664,4.0
6635,피자헛_피자_베지 러버팬 (L),270,27.55,9.38,11.48,2.67,783,2.72
6636,피자헛_피자_베지러버오리지널 (L),230,23.47,10.4,9.78,2.27,702,2.8
6637,피자헛_피자_베지러버오리지널 (M),243,24.8,11.16,10.34,2.4,442,2.52
6638,미스터피자_피자_베지테리안 1인피자,230,23.47,11.76,9.78,2.27,222,4.12
6639,미스터피자_피자_베지테리안 피자 오리진 (L),219,22.35,11.19,9.32,2.16,998,2.75
6640,미스터피자_피자_베지테리안 피자 오리진 (M),214,21.84,12.37,9.1,2.11,598,3.26
6641,미스터피자_피자_베지테리안 피자 치즈캡 (L),224,22.86,12.52,9.53,2.21,100,2.45
6642,미스터피자_피자_베지테리안 피자 치즈캡 (M),221,22.55,13.88,9.4,2.18,100,2.81
6643,왕손피자_피자_베페로니 피자 (L),272,27.76,16.41,11.57,2.69,775,2.89
6644,피자헛_피자_베이컨포테이토 피자 프리첼 치즈 (M),266,27.14,9.19,11.31,2.63,669,6.49
6645,선명희피자_피자_베이컨포테이토피자,232,23.67,12.33,9.87,2.29,1168,4.11
6646,비스트로피자_피자_베이컨포테이토피자 오리지널,265,27.04,11.7,11.27,2.62,565,4.26
6647,노모어피자_피자_베이컨포테이토피자(L),234,22.97,13.58,9.77,2.31,1035,2.47
6648,노모어피자_피자_베이컨포테이토피자(P),234,22.97,13.58,9.77,2.31,395,2.47
6649,노모어피자_피자_베이컨포테이토피자(R),234,22.97,13.58,9.77,2.31,660,2.47
6650,선명희피자_피자_베이컨피자,290,29.59,17.48,12.34,2.87,826,4.86
6651,노모어피자_피자_베이컨하와이안피자(L),233,26.87,11.72,8.73,2.3,1090,3.91
6652,노모어피자_피자_베이컨하와이안피자(P),233,26.87,11.72,8.73,2.3,445,3.91
6653,노모어피자_피자_베이컨하와이안피자(R),233,26.87,11.72,8.73,2.3,690,3.91
6654,선명희피자_피자_베이컨할라피뇨 피자,236,22.9,14.5,10.04,2.33,1046,3.82
6655,피자파는집_피자_베이컨후라이 피자 밀도우 (L),106,10.82,7.65,4.51,1.05,920,0.43
6656,피자파는집_피자_베이컨후라이 피자 밀도우 (R),70,7.14,5.07,2.98,0.69,540,0.3
6657,피자파는집_피자_베이컨후라이 피자 씬도우 (L),106,10.82,7.64,4.51,1.05,710,0.42
6658,피자파는집_피자_베이컨후라이 피자 씬도우 (R),70,7.14,5.09,2.98,0.69,440,0.28
6659,피자파는집_피자_베이컨후라이 피자밀도우(L),106,10.82,7.65,4.51,1.05,920,0.43
6660,피자파는집_피자_베이컨후라이 피자밀도우(R),70,7.14,5.07,2.98,0.69,540,0.3
6661,피자파는집_피자_베이컨후라이 피자씬도우(L),106,10.82,7.64,4.51,1.05,710,0.42
6662,서오릉피자_피자_베이컨포테이토 (R),231,23.57,9.91,9.83,2.28,615,3.6
6663,고피자_피자_베이컨포테이토 피자,262,26.73,9.82,11.14,2.59,333,5.88
6664,선명희피자_피자_베이컨포테이토 피자,232,24.66,12.33,9.87,2.29,1168,4.11
6665,킹스타피자_피자_베이컨포테이토 피자 (L),202,20.61,10.58,8.59,2.0,865,4.95
6666,업텐브로피자_피자_베이컨포테이토 피자 (L),282,28.78,15.0,12.0,2.79,1338,3.0
6667,피자플래넷_피자_베이컨포테이토 피자 (L),218,22.24,4.97,9.27,2.15,1105,2.54
6668,오구쌀피자_피자_베이컨포테이토 피자 (L),260,26.53,14.23,11.06,2.57,956,1.67
6669,서오릉피자_피자_베이컨포테이토 피자 (L),266,27.14,9.66,11.31,2.63,100,4.4
6670,킹스타피자_피자_베이컨포테이토 피자 (M),212,21.63,11.0,9.02,2.09,620,4.35
6671,서오릉피자_피자_베이컨포테이토 피자 (R),276,28.16,9.95,11.74,2.73,100,4.35
6672,피자헛_피자_베이컨포테이토 피자 더블치즈크러스트 (L),257,26.22,12.47,10.93,2.54,1206,2.4
6673,피자헛_피자_베이컨포테이토 피자 더블치즈크러스트 (M),268,27.35,13.56,11.4,2.65,713,2.37
6674,피자헛_피자_베이컨포테이토 피자 리치골드 (L),254,25.92,10.71,10.8,2.51,1251,3.85
6675,피자헛_피자_베이컨포테이토 피자 리치골드 (M),262,26.73,11.2,11.14,2.59,753,4.24
6676,비스트로피자_피자_베이컨포테이토 피자 오리지널 (M),272,27.76,19.39,13.6,2.69,590,4.08
6677,피자헛_피자_베이컨포테이토 피자 치즈크러스트 (L),257,26.22,10.8,10.93,2.54,909,3.01
6678,피자헛_피자_베이컨포테이토 피자 치즈크러스트 (M),263,26.84,11.25,11.19,2.6,504,2.8
6679,피자헛_피자_베이컨포테이토 피자 프리첼 치즈 (L),257,26.22,8.88,10.93,2.54,1148,6.08
6680,도미노피자_피자_베이컨체더 피자 슈퍼시드 화이버 오리지널 (L),260,30.55,12.5,9.7,2.57,927,2.0
6681,도미노피자_피자_베이컨체더 피자 슈퍼시드 화이버 오리지널 (M),264,31.56,12.0,9.88,2.61,515,2.9
6682,도미노피자_피자_베이컨체더 피자 슈화 더블 치즈 페퍼로니 엣지 (L),310,25.79,15.7,12.71,3.06,1124,2.04
6683,도미노피자_피자_베이컨체더 피자 슈화 더블 치즈 페퍼로니 엣지 (M),327,25.77,15.99,13.4,3.23,651,2.96
6684,도미노피자_피자_베이컨체더치즈 피자 나폴리 (L),276,24.59,14.96,12.6,2.73,711,2.87
6685,도미노피자_피자_베이컨체더치즈 피자 나폴리 (M),273,25.2,14.48,12.69,2.7,401,3.15
6686,도미노피자_피자_베이컨체더치즈 피자 더블치즈 페퍼로니 엣지 (L),268,22.68,13.16,14.25,2.65,1151,2.3
6687,도미노피자_피자_베이컨체더치즈 피자 더블치즈 페퍼로니 엣지 (M),275,23.73,15.17,13.7,2.72,675,1.84
6688,도미노피자_피자_베이컨체더치즈 피자 씬 (L),310,31.63,15.71,19.46,3.06,578,3.31
6689,도미노피자_피자_베이컨체더치즈 피자 씬 (M),317,20.66,16.17,18.9,3.13,306,3.4
6690,도미노피자_피자_베이컨체더치즈 피자 오리지널 (L),275,28.2,12.77,12.31,2.72,902,2.69
6691,도미노피자_피자_베이컨체더치즈 피자 오리지널 (M),267,30.03,12.36,10.88,2.64,516,3.25
6692,도미노피자_피자_베이컨체더치즈 피자 치즈버스트 나폴리 (L),279,28.47,14.26,15.87,2.76,924,3.68
6693,도미노피자_피자_베이컨체더치즈씬(L),320,32.65,15.33,13.61,3.16,625,2.67
6694,도미노피자_피자_베이컨체더치즈피자오리지널(L),260,26.53,13.33,11.06,2.57,936,2.69
6695,피자탑_피자_베이컨치즈후라이 피자 (L),193,19.69,10.56,8.21,1.91,1118,2.51
6696,봉수아피자_피자_베이컨파인 피자 (XL),333,33.98,19.91,14.16,3.29,1070,3.95
6697,서오릉피자_피자_베이컨포테이토 (L),232,23.67,9.3,9.87,2.29,952,3.88
6698,피자파는집_피자_베이컨체다 피자씬도우(R),81,8.27,6.89,3.45,0.8,430,0.3
6699,유로코피자_피자_베이컨체다치즈 피자,277,28.27,14.18,11.78,2.74,800,3.4
6700,피자탑_피자_베이컨체다치즈 피자 (L),307,31.33,16.56,13.06,3.03,790,4.39
6701,킹스타피자_피자_베이컨체다치즈 피자 (L),244,24.9,14.55,10.38,2.41,770,4.3
6702,피굽남피자_피자_베이컨체다치즈 피자 (L),310,31.63,17.49,13.19,3.06,690,3.37
6703,피자알볼로_피자_베이컨체다치즈 피자 (L),253,25.82,15.29,10.76,2.5,1020,2.35
6704,킹스타피자_피자_베이컨체다치즈 피자 (M),257,26.22,12.85,10.93,2.54,575,4.66
6705,반올림피자_피자_베이컨체다치즈 피자 (R),247,25.2,11.23,10.51,2.44,100,4.86
6706,피자알볼로_피자_베이컨체다치즈 피자 (R),257,26.22,14.47,10.93,2.54,610,2.63
6707,피자알볼로_피자_베이컨체다치즈피자 (L),255,26.02,14.73,10.85,2.52,848,2.35
6708,피자알볼로_피자_베이컨체다치즈피자 (R),255,26.02,14.61,10.85,2.52,470,2.63
6709,피자알볼로_피자_베이컨체다치즈피자 (XL),256,26.12,14.88,10.89,2.53,1020,2.08
6710,피자와썹_피자_베이컨체다치즈피자씬(L),399,40.71,19.4,16.97,3.94,668,1.2
6711,비스트로피자_피자_베이컨체다치즈피자오리지널,289,29.49,17.57,12.29,2.86,485,4.05
6712,피자마루_피자_베이컨체다피자,268,27.35,13.54,11.4,2.65,290,3.17
6713,도미노피자_피자_베이컨체더 피자 더블치즈 엣지 (L),264,24.84,12.71,12.66,2.61,1111,2.38
6714,도미노피자_피자_베이컨체더 피자 더블치즈 엣지 (M),272,23.99,14.85,12.98,2.69,655,1.89
6715,도미노피자_피자_베이컨체더 피자 슈퍼시드 화이버 버스트 오리지널 (L),310,27.02,15.21,11.82,3.06,1113,2.8
6716,커피베이_팥빵_팥팥 붕어빵,249,34.63,4.29,9.33,2.46,140,28.57
6717,피자파는집_피자_베이컨쉬림프 피자 밀도우 (L),115,11.73,4.97,4.89,1.14,1160,0.72
6718,피자파는집_피자_베이컨쉬림프 피자 밀도우 (R),77,7.86,3.3,3.28,0.76,648,0.49
6719,피자파는집_피자_베이컨쉬림프 피자 씬도우 (L),115,11.73,4.98,4.89,1.14,950,0.74
6720,피자파는집_피자_베이컨쉬림프 피자 씬도우 (R),77,7.86,3.32,3.28,0.76,548,0.49
6721,피자파는집_피자_베이컨쉬림프 피자밀도우(L),115,11.73,4.97,4.89,1.14,1160,0.72
6722,피자파는집_피자_베이컨쉬림프 피자밀도우(R),77,7.86,3.3,3.28,0.76,648,0.49
6723,피자파는집_피자_베이컨쉬림프 피자씬도우(L),115,11.73,4.97,4.89,1.14,950,0.74
6724,피자파는집_피자_베이컨쉬림프 피자씬도우(R),77,7.86,3.32,3.28,0.76,548,0.49
6725,왕손피자_피자_베이컨왕손포테이토 피자 (L),238,24.29,10.29,10.12,2.35,1158,2.97
6726,뽕뜨락피자_피자_베이컨의꿈 피자 (L),274,27.96,16.38,11.66,2.71,780,3.74
6727,네오피자_피자_베이컨체다 피자,255,26.02,17.15,10.85,2.52,845,4.16
6728,피자파는집_피자_베이컨체다 피자 밀도우 (L),121,12.35,10.34,5.15,1.2,940,0.43
6729,피자파는집_피자_베이컨체다 피자 밀도우 (R),81,8.27,6.91,3.45,0.8,530,0.3
6730,피자파는집_피자_베이컨체다 피자 씬도우 (L),121,12.35,10.34,5.15,1.2,730,0.45
6731,피자파는집_피자_베이컨체다 피자 씬도우 (R),81,8.27,6.89,3.45,0.8,430,0.3
6732,피자파는집_피자_베이컨체다 피자밀도우(L),121,12.35,10.34,5.15,1.2,940,0.43
6733,피자파는집_피자_베이컨체다 피자밀도우(R),81,8.27,6.91,3.45,0.8,530,0.3
6734,피자파는집_피자_베이컨체다 피자씬도우(L),121,12.35,10.33,5.15,1.2,730,0.45
6735,복호두_팥빵_팥앙버터호두과자(8개입),320,46.5,7.0,11.5,3.16,168,27.0
6736,선명희피자_피자_베이컨 피자,290,29.13,17.48,12.34,2.87,826,4.86
6737,난타5000피자_피자_베이컨 피자 (L),308,40.43,13.75,10.16,3.04,516,4.14
6738,네오피자_피자_베이컨 피자 (L),266,27.14,15.52,11.31,2.63,800,6.35
6739,난타5000피자_피자_베이컨 피자 (XL),285,29.08,8.72,12.12,2.82,1032,4.07
6740,봉수아피자_피자_베이컨 피자 (XL),262,26.73,15.69,11.14,2.59,1152,2.99
6741,봉수아피자_피자_베이컨(R),198,20.2,11.83,8.42,1.96,761,2.3
6742,봉수아피자_피자_베이컨(XL),262,26.73,15.69,11.14,2.59,1152,2.99
6743,피자와썹_피자_베이컨고구마피자씬(L),375,38.27,13.76,15.95,3.71,100,3.23
6744,오구쌀피자_피자_베이컨듬뿍 피자 크림 (L),286,29.18,14.41,12.17,2.83,890,1.8
6745,오구쌀피자_피자_베이컨듬뿍 피자 토마토 (L),267,27.24,14.35,11.36,2.64,895,5.38
6746,프레드피자_피자_베이컨딥체다치즈 피자 (L),276,28.16,14.64,11.74,2.73,765,3.44
6747,프레드피자_피자_베이컨딥체다치즈피자오리지널(L),276,28.16,14.64,11.74,2.73,765,3.44
6748,선명희피자_피자_베이컨불고기 피자,242,25.74,14.71,10.29,2.39,1088,7.35
6749,선명희피자_피자_베이컨소세지 피자,264,23.48,14.39,11.23,2.61,1052,6.06
6750,선명희피자_피자_베이컨소세지피자,264,26.94,14.39,11.23,2.61,1052,6.06
6751,피제이피자_피자_베이컨소시지 피자 (L),268,27.35,11.57,11.4,2.65,996,5.97
6752,피자에땅_피자_베이컨쉬림프 (L),266,27.14,15.18,11.31,2.63,898,5.36
6753,반올림피자_피자_베이컨쉬림프 피자 (R),232,23.67,11.13,9.87,2.29,100,4.58
6754,뽕뜨락피자_피자_베이컨 포테이토 피자 (L),202,20.61,11.08,8.59,2.0,950,2.54
6755,뽕뜨락피자_피자_베이컨 포테이토 피자 (M),212,21.63,12.48,9.02,2.09,584,2.65
6756,피자파는집_피자_베이컨 포테이토 피자 밀도우 (L),110,11.22,5.98,4.68,1.09,1170,1.23
6757,피자파는집_피자_베이컨 포테이토 피자 밀도우 (R),74,7.55,3.98,3.15,0.73,664,0.81
6758,피자파는집_피자_베이컨 포테이토 피자 씬도우 (L),110,11.22,5.99,4.68,1.09,960,1.22
6759,피자파는집_피자_베이컨 포테이토 피자 씬도우 (R),74,7.55,3.99,3.15,0.73,564,0.81
6760,피자파는집_피자_베이컨 포테이토 피자밀도우(L),110,11.22,5.98,4.68,1.09,1170,1.23
6761,피자파는집_피자_베이컨 포테이토 피자밀도우(R),74,7.55,3.98,3.15,0.73,664,0.81
6762,피자파는집_피자_베이컨 포테이토 피자씬도우(L),110,11.22,5.99,4.68,1.09,960,1.22
6763,피자파는집_피자_베이컨 포테이토 피자씬도우(R),74,7.55,3.99,3.15,0.73,564,0.81
6764,피자헛_피자_베이컨 포테이토리치골드 (L),253,25.82,10.46,10.76,2.5,1222,3.55
6765,피자헛_피자_베이컨 포테이토리치골드 (M),264,26.94,11.27,11.23,2.61,758,3.81
6766,피자헛_피자_베이컨 포테이토오리지널 (L),250,25.51,10.57,10.63,2.47,847,2.86
6767,피자헛_피자_베이컨 포테이토오리지널 (M),263,26.84,11.36,11.19,2.6,530,2.56
6768,피자헛_피자_베이컨 포테이토치즈크러스트 (L),252,25.71,11.06,10.72,2.49,1062,2.12
6769,피자헛_피자_베이컨 포테이토치즈크러스트 (M),264,26.94,12.24,11.23,2.61,642,2.06
6770,피자헛_피자_베이컨 포테이토치즈크러스트 골드 (L),257,26.22,11.54,10.93,2.54,1095,2.06
6771,피자헛_피자_베이컨 포테이토치즈크러스트 골드 (M),268,27.35,12.73,11.4,2.65,660,2.0
6772,도미노피자_피자_베스트 콰트로 피자 나폴리 (M),221,20.08,10.9,10.82,2.18,623,4.0
6773,도미노피자_피자_베스트 콰트로 피자 더블치즈 엣지 (L),235,21.94,10.9,11.46,2.32,1265,3.0
6774,도미노피자_피자_베스트 콰트로 피자 더블치즈 엣지 (M),237,20.96,11.5,11.88,2.34,785,3.0
6775,도미노피자_피자_베스트 콰트로 피자 더블치즈 페퍼로니 엣지 (L),239,20.4,11.36,11.57,2.36,1305,2.91
6776,도미노피자_피자_베스트 콰트로 피자 더블치즈 페퍼로니 엣지 (M),241,24.59,11.86,11.55,2.38,805,2.93
6777,도미노피자_피자_베스트 콰트로 피자 슈퍼시드 화이버 버스트 오리지널 (L),288,26.74,13.38,10.78,2.85,1216,4.33
6778,도미노피자_피자_베스트 콰트로 피자 슈퍼시드 화이버 오리지널 (L),241,29.86,10.9,8.69,2.38,1030,3.6
6779,도미노피자_피자_베스트 콰트로 피자 슈퍼시드 화이버 오리지널 (M),246,30.84,10.0,9.04,2.43,634,3.0
6780,도미노피자_피자_베스트 콰트로 피자 슈화 더블 치즈 페퍼로니 엣지 (L),288,25.61,13.88,11.61,2.85,1227,3.59
6781,도미노피자_피자_베스트 콰트로 피자 슈화 더블 치즈 페퍼로니 엣지 (M),299,26.07,13.42,12.17,2.95,770,3.05
6782,도미노피자_피자_베스트 콰트로 피자 씬 (L),242,20.13,10.0,13.26,2.39,736,4.0
6783,도미노피자_피자_베스트 콰트로 피자 씬 (M),250,25.51,11.0,14.94,2.47,427,4.0
6784,도미노피자_피자_베스트 콰트로 피자 오리지널 (L),222,24.21,10.6,9.15,2.19,1072,3.7
6785,도미노피자_피자_베스트 콰트로 피자 오리지널 (M),218,23.9,10.7,8.82,2.15,642,3.9
6786,이디야_피자_베이컨 포테이토 스퀘어,235,23.98,11.85,10.0,2.32,135,2.22
6787,이디야_피자_베이컨 포테이토 스퀘어 피자,235,23.98,11.85,10.0,2.32,135,2.22
6788,고피자_피자_베이컨 포테이토 피자,219,22.35,9.64,9.32,2.16,415,5.88
6789,고피자_피자_베이컨 포테이토 피자 (L),254,25.92,11.11,10.8,2.51,720,3.33
6790,파리바게뜨_페이스트리_딸기롤페스츄리,333,33.31,5.56,20.06,3.29,36,22.22
6791,지정환피자_피자_버팔로백미스크린(R),232,23.67,11.04,9.87,2.29,100,4.96
6792,지정환피자_피자_버팔로백미치즈크러스트(L),231,23.57,11.76,9.83,2.28,100,4.87
6793,지정환피자_피자_버팔로백미치즈크러스트(R),225,22.96,11.49,9.57,2.22,100,4.69
6794,지정환피자_피자_버팔로씬(L),241,24.59,11.69,10.25,2.38,905,3.09
6795,지정환피자_피자_버팔로씬(R),241,24.59,11.17,10.25,2.38,522,3.12
6796,지정환피자_피자_버팔로체다크림크러스트(L),237,24.18,11.18,10.08,2.34,1270,4.54
6797,지정환피자_피자_버팔로체다크림크러스트(R),237,24.18,10.8,10.08,2.34,100,4.59
6798,지정환피자_피자_버팔로치즈크러스트(L),233,23.78,11.87,9.91,2.3,1265,2.97
6799,지정환피자_피자_버팔로치즈크러스트(R),232,23.67,11.57,9.87,2.29,100,2.97
6800,지정환피자_피자_버팔로팬(L),238,24.29,11.57,10.12,2.35,1170,3.02
6801,지정환피자_피자_버팔로팬(R),238,24.29,11.17,10.12,2.35,100,3.04
6802,지정환피자_피자_버팔로흑미스크린(L),232,23.67,11.37,9.87,2.29,100,4.19
6803,지정환피자_피자_버팔로흑미스크린(R),228,23.27,10.98,9.7,2.25,100,4.15
6804,지정환피자_피자_버팔로흑미치즈크러스트(L),226,23.06,11.7,9.61,2.23,100,4.04
6805,지정환피자_피자_버팔로흑미치즈크러스트(R),222,22.65,11.43,9.44,2.19,100,3.96
6806,도미노피자_피자_베스트 콰트로 치즈버스트 피자 나폴리 (L),235,23.98,11.6,12.61,2.32,1075,3.6
6807,도미노피자_피자_베스트 콰트로 치즈버스트 피자 오리지널 (L),219,22.35,14.0,11.43,2.16,1292,3.0
6808,도미노피자_피자_베스트 콰트로 피자 나폴리 (L),218,21.72,10.0,9.93,2.15,759,4.0
6809,지정환피자_피자_버팔로 피자 씬 (R),241,24.59,11.49,10.25,2.38,522,3.45
6810,지정환피자_피자_버팔로 피자 체다크림크러스트 (L),236,24.08,11.32,10.04,2.33,1272,4.4
6811,지정환피자_피자_버팔로 피자 체다크림크러스트 (R),236,24.08,10.48,10.04,2.33,744,4.84
6812,지정환피자_피자_버팔로 피자 치즈크러스트 (L),232,23.67,12.03,9.87,2.29,1264,3.16
6813,지정환피자_피자_버팔로 피자 치즈크러스트 (R),230,23.47,11.2,9.78,2.27,750,3.2
6814,지정환피자_피자_버팔로 피자 팬 (L),238,24.29,11.64,10.12,2.35,1168,2.74
6815,지정환피자_피자_버팔로 피자 팬 (R),238,24.29,11.4,10.12,2.35,684,2.63
6816,지정환피자_피자_버팔로 피자 흑미스크린 (L),231,23.57,11.51,9.83,2.28,1112,4.32
6817,지정환피자_피자_버팔로 피자 흑미스크린 (R),226,23.06,10.78,9.61,2.23,612,3.92
6818,지정환피자_피자_버팔로 피자 흑미스크린치즈크러스트 (L),227,23.16,11.33,9.66,2.24,1200,4.0
6819,지정환피자_피자_버팔로 피자 흑미스크린치즈크러스트 (R),220,22.45,11.5,9.36,2.17,678,3.54
6820,지정환피자_피자_버팔로고구마크러스트(L),235,23.98,10.79,10.0,2.32,1265,4.12
6821,지정환피자_피자_버팔로고구마크러스트(R),235,23.98,10.4,10.0,2.32,100,4.17
6822,지정환피자_피자_버팔로밀스크린(L),241,24.59,11.48,10.25,2.38,100,2.91
6823,지정환피자_피자_버팔로밀스크린(R),237,24.18,11.09,10.08,2.34,100,2.98
6824,지정환피자_피자_버팔로밀스크린치즈크러스트(L),236,24.08,11.79,10.04,2.33,100,2.86
6825,지정환피자_피자_버팔로밀스크린치즈크러스트(R),230,23.47,11.52,9.78,2.27,100,2.91
6826,지정환피자_피자_버팔로백미스크린(L),236,24.08,11.43,10.04,2.33,100,5.09
6827,지정환피자_피자_밤호박흑미치즈크러스트(R),197,20.1,10.26,8.38,1.95,100,4.5
6828,피자는치즈빨_피자_배이컨치즈 피자 (L),303,30.92,19.54,12.89,2.99,696,3.45
6829,피자는치즈빨_피자_배이컨치즈 피자 (M),303,30.92,18.42,12.89,2.99,456,3.95
6830,지정환피자_피자_버팔로 피자 고구마크러스트 (L),235,23.98,10.76,10.0,2.32,1264,4.43
6831,지정환피자_피자_버팔로 피자 고구마크러스트 (R),237,24.18,10.57,10.08,2.34,738,4.07
6832,지정환피자_피자_버팔로 피자 밀스크린 (L),241,24.59,11.27,10.25,2.38,1136,2.82
6833,지정환피자_피자_버팔로 피자 밀스크린 (R),237,24.18,11.54,10.08,2.34,624,2.88
6834,지정환피자_피자_버팔로 피자 밀스크린고구마크러스트 (L),237,24.18,10.39,10.08,2.34,1232,3.9
6835,지정환피자_피자_버팔로 피자 밀스크린고구마크러스트 (R),234,23.88,10.62,9.95,2.31,678,4.42
6836,지정환피자_피자_버팔로 피자 밀스크린체다크림크러스트 (L),240,24.49,11.04,10.21,2.37,1232,4.55
6837,지정환피자_피자_버팔로 피자 밀스크린체다크림크러스트 (R),234,23.88,10.53,9.95,2.31,684,4.39
6838,지정환피자_피자_버팔로 피자 밀스크린치즈크러스트 (L),234,23.88,11.69,9.95,2.31,1232,2.6
6839,지정환피자_피자_버팔로 피자 밀스크린치즈크러스트 (R),230,23.47,11.3,9.78,2.27,690,2.61
6840,지정환피자_피자_버팔로 피자 백미스크린 (L),236,24.08,11.59,10.04,2.33,1104,5.07
6841,지정환피자_피자_버팔로 피자 백미스크린 (R),233,23.78,10.89,9.91,2.3,606,4.95
6842,지정환피자_피자_버팔로 피자 백미스크린치즈크러스트 (L),230,23.47,12.0,9.78,2.27,1200,4.67
6843,지정환피자_피자_버팔로 피자 백미스크린치즈크러스트 (R),225,22.96,11.61,9.57,2.22,672,4.46
6844,지정환피자_피자_버팔로 피자 씬 (L),242,24.69,11.5,10.29,2.39,904,2.65
6845,투썸플레이스_페이스트리_넛츠크림치즈크럼블페이스트리,555,55.51,7.0,33.44,5.48,100,17.0
6846,지정환피자_피자_밤호박밀스크린(R),213,21.73,9.74,9.06,2.1,100,3.4
6847,지정환피자_피자_밤호박밀스크린치즈크러스트(L),215,21.94,10.74,9.15,2.12,100,3.2
6848,지정환피자_피자_밤호박밀스크린치즈크러스트(R),207,21.12,10.39,8.81,2.05,100,3.28
6849,지정환피자_피자_밤호박백미스크린(L),214,21.84,10.18,9.1,2.11,100,5.82
6850,지정환피자_피자_밤호박백미스크린(R),206,21.02,9.64,8.76,2.04,100,5.73
6851,지정환피자_피자_밤호박백미치즈크러스트(L),209,21.33,10.67,8.89,2.07,100,5.5
6852,지정환피자_피자_밤호박백미치즈크러스트(R),202,20.61,10.32,8.59,2.0,100,5.34
6853,지정환피자_피자_밤호박씬(L),214,21.84,10.15,9.1,2.11,755,3.62
6854,지정환피자_피자_밤호박씬(R),213,21.73,9.53,9.06,2.1,434,3.67
6855,지정환피자_피자_밤호박체다크림크러스트(L),217,22.14,10.08,9.23,2.14,1120,5.09
6856,지정환피자_피자_밤호박체다크림크러스트(R),217,22.14,9.66,9.23,2.14,100,5.16
6857,지정환피자_피자_밤호박치즈크러스트(L),213,21.73,10.86,9.06,2.1,1115,3.31
6858,지정환피자_피자_밤호박치즈크러스트(R),212,21.63,10.54,9.02,2.09,100,3.32
6859,지정환피자_피자_밤호박팬(L),217,22.14,10.42,9.23,2.14,1020,3.4
6860,지정환피자_피자_밤호박팬(R),217,22.14,9.97,9.23,2.14,100,3.43
6861,지정환피자_피자_밤호박흑미스크린(L),208,21.22,10.12,8.85,2.06,100,4.78
6862,지정환피자_피자_밤호박흑미스크린(R),201,20.51,9.58,8.55,1.99,100,4.78
6863,지정환피자_피자_밤호박흑미치즈크러스트(L),204,20.82,10.6,8.68,2.02,100,4.56
6864,지정환피자_피자_밤호박 피자 백미스크린 (L),214,21.84,10.08,9.1,2.11,952,5.88
6865,지정환피자_피자_밤호박 피자 백미스크린치즈크러스트 (L),208,21.22,9.92,8.85,2.06,1048,5.34
6866,지정환피자_피자_밤호박 피자 백미스크린치즈크러스트 (R),200,20.41,10.2,8.51,1.98,588,5.1
6867,지정환피자_피자_밤호박 피자 씬 (L),215,21.94,10.64,9.15,2.12,752,3.19
6868,지정환피자_피자_밤호박 피자 씬 (R),214,21.84,9.72,9.1,2.11,432,4.17
6869,지정환피자_피자_밤호박 피자 체다크림크러스트 (L),217,22.14,10.0,9.23,2.14,1120,5.0
6870,지정환피자_피자_밤호박 피자 체다크림크러스트 (R),217,22.14,10.09,9.23,2.14,654,5.5
6871,지정환피자_피자_밤호박 피자 치즈크러스트 (L),213,21.73,10.79,9.06,2.1,1112,3.6
6872,지정환피자_피자_밤호박 피자 치즈크러스트 (R),211,21.53,10.91,8.98,2.08,660,3.64
6873,지정환피자_피자_밤호박 피자 팬 (L),216,22.04,10.16,9.19,2.13,1024,3.13
6874,지정환피자_피자_밤호박 피자 팬 (R),217,22.14,10.1,9.23,2.14,594,3.03
6875,지정환피자_피자_밤호박 피자 흑미스크린 (L),208,21.22,10.0,8.85,2.06,960,5.0
6876,지정환피자_피자_밤호박 피자 흑미스크린 (R),201,20.51,9.2,8.55,1.99,522,4.6
6877,지정환피자_피자_밤호박 피자 흑미스크린치즈크러스트 (L),205,20.92,10.69,8.72,2.03,1048,4.58
6878,지정환피자_피자_밤호박 피자 흑미스크린치즈크러스트 (R),197,20.1,10.2,8.38,1.95,588,4.08
6879,지정환피자_피자_밤호박고구마크러스트(L),215,21.94,9.63,9.15,2.12,1115,4.62
6880,지정환피자_피자_밤호박고구마크러스트(R),215,21.94,9.2,9.15,2.12,100,4.68
6881,지정환피자_피자_밤호박밀스크린(L),220,22.45,10.27,9.36,2.17,100,3.28
6882,오구쌀피자_피자_반미터네가지 피자 (L),216,22.04,11.79,9.19,2.13,1168,4.1
6883,반올림피자_피자_반올림고구마골드 피자 (R),236,24.08,9.49,10.04,2.33,100,7.25
6884,임실N치즈피자_피자_발사믹 피자 (F),265,27.04,15.73,11.27,2.62,1625,3.05
6885,임실N치즈피자_피자_발사믹 피자 (L),266,27.14,15.49,11.31,2.63,1208,2.92
6886,임실N치즈피자_피자_발사믹 피자 (R),273,27.86,15.25,11.61,2.7,702,2.85
6887,임실N치즈피자_피자_밤스위트골드 피자 (F),264,26.94,16.11,11.23,2.61,1713,3.01
6888,임실N치즈피자_피자_밤스위트골드 피자 (L),278,28.37,16.27,11.83,2.75,1240,2.25
6889,임실N치즈피자_피자_밤스위트골드 피자 (R),285,29.08,17.38,12.12,2.82,697,2.23
6890,지정환피자_피자_밤호박 피자 고구마크러스트 (L),216,22.04,9.35,9.19,2.13,1112,4.32
6891,지정환피자_피자_밤호박 피자 고구마크러스트 (R),216,22.04,9.26,9.19,2.13,648,4.63
6892,지정환피자_피자_밤호박 피자 밀스크린 (L),220,22.45,10.57,9.36,2.17,984,3.25
6893,지정환피자_피자_밤호박 피자 밀스크린 (R),213,21.73,10.11,9.06,2.1,534,3.37
6894,지정환피자_피자_밤호박 피자 밀스크린고구마크러스트 (L),218,22.24,9.63,9.27,2.15,1080,4.44
6895,지정환피자_피자_밤호박 피자 밀스크린고구마크러스트 (R),210,21.43,9.09,8.93,2.08,594,5.05
6896,지정환피자_피자_밤호박 피자 밀스크린체다크림크러스트 (L),219,22.35,9.56,9.32,2.16,1088,5.15
6897,지정환피자_피자_밤호박 피자 밀스크린체다크림크러스트 (R),213,21.73,9.09,9.06,2.1,594,5.05
6898,지정환피자_피자_밤호박 피자 밀스크린치즈크러스트 (L),215,21.94,10.37,9.15,2.12,1080,2.96
6899,지정환피자_피자_밤호박 피자 밀스크린치즈크러스트 (R),207,21.12,10.0,8.81,2.05,600,3.0
6900,프레드피자_피자_바질버터관자 피자 (L),246,25.1,11.24,10.46,2.43,1096,2.92
6901,프레드피자_피자_바질버터관자피자오리지널(L),246,25.1,11.24,10.46,2.43,1096,2.92
6902,피자파는집_피자_바질크림치즈 디트로이트,118,12.04,6.54,5.02,1.17,850,1.41
6903,청년피자_피자_바질크림치즈디쉬 피자 (L),234,23.88,14.84,9.95,2.31,1020,4.69
6904,봉수아피자_피자_바질플렉스 피자 (XL),291,29.69,15.6,12.38,2.88,980,3.2
6905,7번가피자_피자_반&반 피자 골드스윗 (L),256,26.12,14.4,10.89,2.53,998,7.2
6906,7번가피자_피자_반&반 피자 골드스윗 (R),254,25.92,13.73,10.8,2.51,815,7.84
6907,7번가피자_피자_반&반 피자 리코타링 (L),254,25.92,14.91,10.8,2.51,908,7.02
6908,7번가피자_피자_반&반 피자 리코타링 (R),255,26.02,14.89,10.85,2.52,750,6.91
6909,7번가피자_피자_반&반 피자 석쇠 (L),248,25.31,14.85,10.55,2.45,808,6.93
6910,7번가피자_피자_반&반 피자 석쇠 (R),248,25.31,14.88,10.55,2.45,670,6.55
6911,7번가피자_피자_반&반 피자 씬도우 (L),305,31.12,16.22,12.97,3.01,593,7.43
6912,7번가피자_피자_반&반 피자 씬도우 (R),291,29.69,14.68,12.38,2.88,437,8.26
6913,7번가피자_피자_반&반 피자 씬바샤삭 (L),305,31.12,16.22,12.97,3.01,593,7.43
6914,7번가피자_피자_반&반 피자 씬바샤삭 (R),291,29.69,14.68,12.38,2.88,437,8.26
6915,7번가피자_피자_반&반 피자 치즈링 (L),247,25.2,15.52,10.51,2.44,928,6.03
6916,7번가피자_피자_반&반 피자 치즈링 (R),247,25.2,15.54,10.51,2.44,770,5.7
6917,오구쌀피자_피자_반미터 맛있는 피자,181,18.47,10.39,7.7,1.79,924,2.6
6918,오구쌀피자_피자_반미터 생각나는 피자,177,18.06,11.06,7.53,1.75,942,2.13
6919,맘스피자_피자_바베큐폭립피자 치즈크러스트 (L),263,26.84,12.6,11.19,2.6,1087,1.31
6920,맘스피자_피자_바베큐폭립피자 치즈크러스트 (M),262,26.73,13.14,11.14,2.59,794,0.63
6921,킹스타피자_피자_바베큐플래터 피자 (L),221,22.55,12.17,9.4,2.18,961,4.69
6922,킹스타피자_피자_바베큐플래터 피자 (M),213,21.73,11.1,9.06,2.1,712,4.54
6923,굽네치킨_피자_바비큐 시카고 딥디쉬 피자,308,26.88,13.98,13.1,3.04,100,5.91
6924,맘스피자_피자_바삭옥수수통새우피자 (L),244,24.9,12.42,10.38,2.41,979,5.4
6925,맘스피자_피자_바삭옥수수통새우피자 (M),245,25.0,10.76,10.42,2.42,693,6.12
6926,맘스피자_피자_바삭옥수수통새우피자 리치골드크러스트 (L),238,24.29,11.85,10.12,2.35,1141,4.44
6927,맘스피자_피자_바삭옥수수통새우피자 리치골드크러스트 (M),198,20.2,10.71,8.42,1.96,826,4.08
6928,맘스피자_피자_바삭옥수수통새우피자 치즈크러스트 (L),250,25.51,12.58,10.63,2.47,1080,4.05
6929,맘스피자_피자_바삭옥수수통새우피자 치즈크러스트 (M),255,26.02,13.48,10.85,2.52,772,4.07
6930,청년피자_피자_바삭한허니비피자(L),276,28.16,10.81,11.74,2.73,1139,5.98
6931,선명희피자_피자_바싹불고기 피자,238,26.19,17.46,10.12,2.35,1010,6.35
6932,선명희피자_피자_바싹불고기피자,238,24.29,17.46,10.12,2.35,1010,6.35
6933,오구쌀피자_피자_바이트골드 피자 (L),214,21.84,12.28,9.1,2.11,912,5.7
6934,노모어피자_피자_바질마스카포네뇨끼피자(L),292,27.59,14.73,13.64,2.89,877,1.38
6935,노모어피자_피자_바질마스카포네뇨끼피자(P),292,27.59,14.73,13.64,2.89,347,1.38
6936,노모어피자_피자_바질마스카포네뇨끼피자(R),292,27.59,14.73,13.64,2.89,577,1.38
6937,따삐오_페이스트리_낙엽페스트리,348,34.81,8.33,20.97,3.44,108,5.56
6938,선명희피자_피자_미트치폴레피자,237,24.18,15.28,10.08,2.34,1154,1.39
6939,뽕뜨락피자_피자_바베큐골드포크 피자 (L),230,23.47,12.0,9.78,2.27,1200,5.33
6940,뽕뜨락피자_피자_바베큐골드포크 피자 (M),238,24.29,13.51,10.12,2.35,738,5.41
6941,피자탑_피자_바베큐불고기 피자 (L),197,20.1,9.81,8.38,1.95,1010,3.57
6942,선명희피자_피자_바베큐치킨 피자,228,25.74,16.18,9.7,2.25,1084,6.62
6943,피자탑_피자_바베큐치킨 피자 (L),189,19.29,12.86,8.04,1.87,1040,3.11
6944,피자애_피자_바베큐치킨 피자 (L),297,30.31,7.63,12.63,2.93,776,4.43
6945,피자마루_피자_바베큐치킨 피자 (L),246,25.1,13.1,10.46,2.43,656,5.96
6946,피자마루_피자_바베큐치킨 피자 바이트 (L),243,24.8,12.32,10.34,2.4,821,6.51
6947,업텐브로피자_피자_바베큐치킨콤보 피자 (L),273,27.86,14.0,11.61,2.7,1433,5.0
6948,선명희피자_피자_바베큐치킨피자,228,23.27,16.18,9.7,2.25,1084,6.62
6949,피자마루_피자_바베큐치킨피자,246,25.1,13.1,10.46,2.43,656,5.96
6950,피자마루_피자_바베큐치킨피자바이트,243,24.8,12.32,10.34,2.4,821,6.51
6951,피제이피자_피자_바베큐포테이토 피자 (L),246,25.1,9.36,10.46,2.43,940,7.4
6952,맘스피자_피자_바베큐폭립피자 (L),260,26.53,12.49,11.06,2.57,987,1.38
6953,맘스피자_피자_바베큐폭립피자 (M),260,26.53,13.09,11.06,2.57,719,0.63
6954,맘스피자_피자_바베큐폭립피자 리치골드크러스트 (L),263,26.84,12.68,11.19,2.6,1187,1.42
6955,맘스피자_피자_바베큐폭립피자 리치골드크러스트 (M),262,26.73,13.16,11.14,2.59,819,0.75
6956,파스쿠찌_페이스트리_골든삭 뺑오쇼콜라,442,44.21,6.67,26.63,4.37,60,13.33
6957,미스터피자_피자_미스터트리오 피자 에그타르트 (L),227,23.16,10.96,9.66,2.24,100,4.8
6958,미스터피자_피자_미스터트리오 피자 에그타르트 (M),225,22.96,10.6,9.57,2.22,100,5.96
6959,미스터피자_피자_미스터트리오 피자 에그타르트 (R),239,24.39,10.89,10.17,2.36,909,4.95
6960,미스터피자_피자_미스터트리오 피자 치즈캡 (L),222,22.65,12.92,9.44,2.19,100,2.32
6961,미스터피자_피자_미스터트리오 피자 치즈캡 (M),220,22.45,12.81,9.36,2.17,100,3.34
6962,미스터피자_피자_미스터트리오 피자 치즈캡 (R),233,23.78,13.0,9.91,2.3,896,3.0
6963,미스터피자_피자_미스터트리오 피자 크림치즈 (L),223,22.76,10.83,9.49,2.2,100,3.78
6964,미스터피자_피자_미스터트리오 피자 크림치즈 (M),221,22.55,10.5,9.4,2.18,100,4.83
6965,미스터피자_피자_미스터트리오 피자 크림치즈 (R),234,23.88,11.54,9.95,2.31,937,3.85
6966,피자파는집_피자_미트러버,116,11.84,6.6,4.93,1.15,791,1.01
6967,피자스쿨_피자_미트러버 피자,308,31.11,15.0,13.89,3.04,720,3.33
6968,피자스쿨_피자_미트러버피자,286,29.18,16.0,12.17,2.83,775,3.33
6969,피자는치즈빨_피자_미트볼페퍼로니 피자 (L),292,29.8,15.48,12.42,2.89,672,4.76
6970,피자는치즈빨_피자_미트볼페퍼로니 피자 (M),291,29.69,15.19,12.38,2.88,474,5.06
6971,피자스톰_피자_미트볼하우스 피자 (XL),261,26.63,18.0,11.1,2.58,1176,3.17
6972,뽕뜨락피자_피자_미트살라미 피자 (L),266,27.14,13.31,11.31,2.63,841,4.75
6973,뽕뜨락피자_피자_미트살라미 피자 (M),278,28.37,14.78,11.83,2.75,518,4.64
6974,선명희피자_피자_미트치폴레 피자,238,20.83,15.28,10.12,2.35,1154,1.39
6975,뚜레쥬르_페이스트리_겹겹이연유크림데니쉬,496,49.61,6.14,29.89,4.9,228,16.67
6976,피자마루_피자_몬스터페퍼로니피자,267,27.24,15.32,11.36,2.64,840,5.0
6977,피자마루_피자_몬스터포테이토 피자 (L),243,24.8,11.42,10.34,2.4,1030,1.98
6978,피자마루_피자_몬스터포테이토피자,243,24.8,11.42,10.34,2.4,1030,1.98
6979,피자마루_피자_몬스터하와이안쉬림프 피자 (L),216,22.04,11.53,9.19,2.13,1097,4.2
6980,피자마루_피자_몬스터하와이안쉬림프피자,216,22.04,11.53,9.19,2.13,1097,4.2
6981,피자마루_피자_몬스터흑마늘불고기피자,252,25.71,13.46,10.72,2.49,952,5.56
6982,피자마루_피자_몽뻬르 피자 (L),264,26.94,15.76,11.23,2.61,1020,4.08
6983,비토랩_피자_묻고페퍼더블로가 피자 (L),292,29.8,15.97,12.42,2.89,950,3.7
6984,비토랩_피자_묻고페퍼더블로가 피자 (R),294,30.0,16.67,12.51,2.91,650,3.7
6985,선명희피자_피자_미니고구마무스 피자,216,26.8,10.31,9.19,2.13,386,6.19
6986,선명희피자_피자_미니바싹불고기 피자,251,23.46,16.05,10.68,2.48,322,4.94
6987,선명희피자_피자_미니콤비네이션 피자,259,21.79,16.67,11.02,2.56,313,3.85
6988,미스터피자_피자_미스터트리오 피자 골드 (L),222,22.65,11.76,9.44,2.19,100,3.26
6989,미스터피자_피자_미스터트리오 피자 골드 (M),219,22.35,11.36,9.32,2.16,100,4.39
6990,미스터피자_피자_미스터트리오 피자 골드 (R),233,23.78,11.88,9.91,2.3,909,3.96
6991,미스터피자_피자_미스터트리오 피자 노엣지 (L),217,22.14,11.87,9.23,2.14,1212,2.56
6992,미스터피자_피자_미스터트리오 피자 노엣지 (M),214,21.84,11.51,9.1,2.11,768,3.76
6993,미스터피자_피자_미스터트리오 피자 노엣지 (R),230,23.47,12.36,9.78,2.27,800,2.81
6994,뚜레쥬르_페이스트리_겹겹이데니쉬,409,40.91,6.95,24.64,4.04,187,10.7
6995,피자마루_피자_몬스터고추마요치킨피자,272,27.76,15.41,11.57,2.69,814,4.63
6996,피자마루_피자_몬스터꿀고구마 피자 (L),228,23.27,10.49,9.7,2.25,1070,5.62
6997,피자마루_피자_몬스터꿀고구마피자,234,23.88,11.04,9.95,2.31,995,3.05
6998,피자마루_피자_몬스터돼지불백피자,259,26.43,16.35,11.02,2.56,791,3.87
6999,피자마루_피자_몬스터레드콘피자,239,24.39,11.36,10.17,2.36,1044,6.53
7000,피자마루_피자_몬스터명란크림새우피자,258,26.33,13.99,10.97,2.55,920,4.13
7001,피자마루_피자_몬스터바베큐치킨피자,239,24.39,14.85,10.17,2.36,794,5.43
7002,피자마루_피자_몬스터불고기 피자 (L),243,24.8,13.66,10.34,2.4,864,3.01
7003,피자마루_피자_몬스터불고기피자,243,24.8,13.66,10.34,2.4,864,3.01
7004,피자마루_피자_몬스터스테이크불갈비 피자 (L),244,24.9,13.78,10.38,2.41,920,5.58
7005,피자마루_피자_몬스터스테이크불갈비피자,244,24.9,13.78,10.38,2.41,920,5.58
7006,피자마루_피자_몬스터아메리칸체다피자,268,27.35,13.89,11.4,2.65,952,3.43
7007,피자마루_피자_몬스터이탈리안 피자 (L),283,28.88,17.86,12.04,2.8,703,3.05
7008,피자마루_피자_몬스터이탈리안치즈피자,283,28.88,17.86,12.04,2.8,703,3.05
7009,피자마루_피자_몬스터콤비네이션 피자 (L),248,25.31,14.81,10.55,2.45,896,3.44
7010,피자마루_피자_몬스터콤비네이션피자,248,25.31,14.81,10.55,2.45,896,3.44
7011,피자마루_피자_몬스터투움바피자,230,23.47,12.58,9.78,2.27,906,3.51
7012,피자마루_피자_몬스터페퍼로니 피자 (L),267,27.24,15.31,11.36,2.64,840,5.0
7013,피자마루_피자_명란쉬림프피자 (1인),261,26.63,14.35,11.1,2.58,248,2.91
7014,피자마루_피자_명란크림새우피자,267,27.24,13.03,11.36,2.64,696,4.76
7015,피자마루_피자_명란크림새우피자바이트,256,26.12,12.3,10.89,2.53,856,5.54
7016,뽕뜨락피자_피자_모모스테키 피자 (L),232,23.67,11.03,9.87,2.29,1157,5.18
7017,뽕뜨락피자_피자_모모스테키 피자 (M),239,24.39,12.42,10.17,2.36,712,5.4
7018,지정환피자_피자_모자이크 피자 씬 (L),229,23.37,12.67,9.74,2.26,841,2.67
7019,지정환피자_피자_모자이크 피자 씬 (R),209,21.33,10.67,8.89,2.07,478,2.67
7020,지정환피자_피자_모자이크씬(L),230,23.47,12.93,9.78,2.27,841,2.38
7021,지정환피자_피자_모자이크씬(R),229,23.37,12.28,9.74,2.26,100,2.38
7022,파스쿠찌_피자_모짜렐라 루꼴라 포카챠,194,19.8,8.89,8.25,1.92,180,2.22
7023,선명희피자_피자_모짜렐라치즈 피자,289,38.14,11.34,12.29,2.86,772,4.12
7024,선명희피자_피자_모짜렐라치즈피자,289,29.49,11.34,12.29,2.86,772,4.12
7025,피자알볼로_피자_목동 피자 (L),238,24.29,12.7,10.12,2.35,1015,3.17
7026,피자알볼로_피자_목동 피자 (R),237,24.18,10.53,10.08,2.34,605,2.37
7027,피자알볼로_피자_목동피자,237,24.18,12.4,10.08,2.34,375,3.2
7028,피자알볼로_피자_목동피자 (L),238,24.29,12.31,10.12,2.35,825,3.17
7029,피자알볼로_피자_목동피자 (R),242,24.69,11.07,10.29,2.39,505,2.37
7030,피자알볼로_피자_목동피자 (XL),238,24.29,12.4,10.12,2.35,1015,3.19
7031,피자마루_피자_몬스터고구마 피자 (L),234,23.88,11.04,9.95,2.31,995,3.05
7032,따삐오_페이스트리_갈릭페스트리,351,35.11,8.0,21.15,3.47,193,3.0
7033,파파존스_피자_멜로우머쉬룸 피자 (F),241,24.59,11.21,10.25,2.38,925,4.31
7034,파파존스_피자_멜로우머쉬룸 피자 (L),242,24.69,11.63,10.29,2.39,687,4.07
7035,파파존스_피자_멜로우머쉬룸 피자 (P),242,24.69,11.86,10.29,2.39,1175,4.24
7036,파파존스_피자_멜로우머쉬룸 피자 (R),242,24.69,11.81,10.29,2.39,380,3.94
7037,피자헛_피자_멜팅치즈 포테이토리치골드 (L),261,26.63,10.81,11.1,2.58,1187,3.45
7038,피자헛_피자_멜팅치즈 포테이토리치골드 (M),266,27.14,11.33,11.31,2.63,772,3.59
7039,피자헛_피자_멜팅치즈 포테이토씬 (L),299,30.51,11.74,12.72,2.95,555,2.97
7040,피자헛_피자_멜팅치즈 포테이토오리지널 (L),261,26.63,11.09,11.1,2.58,814,2.67
7041,피자헛_피자_멜팅치즈 포테이토오리지널 (M),265,27.04,11.38,11.27,2.62,543,2.27
7042,피자헛_피자_멜팅치즈 포테이토치즈크러스트 (L),261,26.63,11.41,11.1,2.58,1027,1.95
7043,피자헛_피자_멜팅치즈 포테이토치즈크러스트 (M),268,27.35,12.29,11.4,2.65,656,1.84
7044,피자헛_피자_멜팅치즈 포테이토치즈크러스트 골드 (L),266,27.14,11.97,11.31,2.63,1060,1.89
7045,피자헛_피자_멜팅치즈 포테이토치즈크러스트 골드 (M),271,27.65,12.77,11.53,2.68,674,1.79
7046,피자헛_피자_멜팅치즈 포테이토팬 (L),293,29.9,10.09,12.46,2.9,895,2.61
7047,뽕뜨락피자_피자_멜팅치즈 피자 (L),283,28.88,13.41,12.04,2.8,657,5.21
7048,뽕뜨락피자_피자_멜팅치즈 피자 (M),297,30.31,15.1,12.63,2.93,404,5.43
7049,유로코피자_피자_멜팅하와이안 피자,244,24.9,10.94,10.38,2.41,840,5.5
7050,피굽남피자_피자_멜팅하와이안 피자 (L),277,28.27,13.0,11.78,2.74,897,6.0
7051,파리바게뜨_페이스트리_갈릭고구마페스츄리,329,32.91,4.76,19.82,3.25,105,12.38
7052,미스터피자_피자_멕시칸하바네로 피자 크림치즈 (L),307,31.33,14.81,13.06,3.03,946,8.47
7053,미스터피자_피자_멕시칸하바네로 피자 크림치즈 (R),293,29.9,14.38,12.46,2.9,610,8.5
7054,피자와썹_피자_멕시코리따피자씬(L),402,41.02,16.65,17.1,3.97,100,1.22
7055,파파존스_피자_멜로우 콘크림  크루아상,312,31.84,8.62,13.27,3.08,813,5.17
7056,파파존스_피자_멜로우 콘크림 (F),262,26.73,8.43,11.14,2.59,100,6.92
7057,파파존스_피자_멜로우 콘크림 (L),262,26.73,8.43,11.14,2.59,921,6.92
7058,파파존스_피자_멜로우 콘크림 (P),262,26.73,8.43,11.14,2.59,100,6.92
7059,파파존스_피자_멜로우 콘크림 골드링 (F),278,28.37,9.68,11.83,2.75,100,10.5
7060,파파존스_피자_멜로우 콘크림 골드링 (L),278,28.37,9.68,11.83,2.75,100,10.5
7061,파파존스_피자_멜로우 콘크림 골드링 (P),278,28.37,9.68,11.83,2.75,100,10.5
7062,파파존스_피자_멜로우 콘크림 골드링 씬,290,29.59,8.84,12.34,2.87,100,7.52
7063,파파존스_피자_멜로우 콘크림 스파이시 갈릭 치즈롤 (F),277,28.27,9.79,11.78,2.74,100,5.79
7064,파파존스_피자_멜로우 콘크림 스파이시 갈릭 치즈롤 (L),277,28.27,9.79,11.78,2.74,100,5.79
7065,파파존스_피자_멜로우 콘크림 스파이시 갈릭 치즈롤 (P),277,28.27,9.79,11.78,2.74,100,5.79
7066,파파존스_피자_멜로우 콘크림 씬,293,29.9,9.34,12.46,2.9,100,2.47
7067,파파존스_피자_멜로우 콘크림 치즈롤 (F),271,27.65,9.68,11.53,2.68,100,4.98
7068,파파존스_피자_멜로우 콘크림 치즈롤 (L),271,27.65,9.68,11.53,2.68,100,4.98
7069,파파존스_피자_멜로우 콘크림 치즈롤 (P),271,27.65,9.68,11.53,2.68,100,4.98
7070,뚜레쥬르_페이스트리_NEW후랑크패스트리,343,34.31,6.96,20.67,3.39,115,7.83
7071,고피자_피자_맵단불고기 피자,282,28.78,10.99,12.0,2.79,334,4.67
7072,자담치킨_피자_맵슐랭 피자 (12인치),220,22.45,10.67,9.36,2.17,100,4.0
7073,자담치킨_피자_맵슐랭 피자 (7인치),241,24.59,11.71,10.25,2.38,205,4.39
7074,도미노피자_피자_맵퍼로니,290,29.59,13.33,12.34,2.87,622,4.67
7075,피자에땅_피자_맵피자 피자 (L),282,28.78,13.57,12.0,2.79,1122,3.57
7076,왕손피자_피자_메가쉬림프 피자 (L),211,21.53,13.08,8.98,2.08,1492,1.98
7077,청년피자_피자_멕시칸맥쉬림프 피자 (L),261,26.63,9.14,11.1,2.58,1285,4.86
7078,피자스쿨_피자_멕시칸바이트 피자,255,31.63,13.27,8.16,2.52,785,4.59
7079,피자스쿨_피자_멕시칸바이트피자,245,25.0,12.45,10.42,2.42,795,4.59
7080,미스터피자_피자_멕시칸하바네로 피자 골드 (L),295,30.1,15.87,12.55,2.92,946,7.41
7081,미스터피자_피자_멕시칸하바네로 피자 골드 (R),280,28.57,15.03,11.91,2.77,610,7.84
7082,미스터피자_피자_멕시칸하바네로 피자 씬크러스트 (R),288,29.39,15.74,12.25,2.85,432,7.41
7083,미스터피자_피자_멕시칸하바네로 피자 에그타르트 (L),303,30.92,14.29,12.89,2.99,946,9.52
7084,미스터피자_피자_멕시칸하바네로 피자 에그타르트 (R),290,29.59,14.38,12.34,2.87,610,9.8
7085,미스터피자_피자_멕시칸하바네로 피자 오리진 (L),251,25.61,13.76,10.68,2.48,946,5.82
7086,미스터피자_피자_멕시칸하바네로 피자 오리진 (R),235,23.98,16.99,10.0,2.32,610,5.88
7087,미스터피자_피자_멕시칸하바네로 피자 치즈캡 (L),286,29.18,16.93,12.17,2.83,946,5.82
7088,미스터피자_피자_멕시칸하바네로 피자 치즈캡 (R),353,36.02,20.92,15.02,3.49,610,7.19
7089,유로코피자_피자_마약옥수수 피자,222,22.65,10.97,9.44,2.19,928,7.69
7090,피자와치킨의러브레터_피자_마약옥수수 피자,275,28.06,12.12,11.7,2.72,790,4.04
7091,서오릉피자_피자_마약콘치즈 (L),267,27.24,9.09,11.36,2.64,894,4.13
7092,서오릉피자_피자_마약콘치즈 (R),262,26.73,8.65,11.14,2.59,576,3.85
7093,피자알볼로_피자_마이유스콰트로피자 (L),258,26.33,13.55,10.97,2.55,955,3.93
7094,피자알볼로_피자_마이유스콰트로피자 (XL),261,26.63,11.51,11.1,2.58,1106,4.62
7095,피자플래넷_피자_만수르 피자 (M),244,24.9,6.9,10.38,2.41,1030,2.58
7096,고피자_피자_매니악 페퍼로니 피자,263,26.84,12.33,11.19,2.6,366,2.74
7097,고피자_피자_매니악 페퍼로니 피자 (L),312,31.84,14.29,13.27,3.08,618,3.9
7098,피자는치즈빨_피자_매달매달 피자 (L),269,27.45,13.85,11.44,2.66,1040,6.15
7099,청년피자_피자_매드쉬림프피자(L),229,23.37,11.99,9.74,2.26,1087,6.99
7100,피자와치킨의러브레터_피자_매운불고기 피자,280,28.57,12.25,11.91,2.77,810,5.33
7101,오르새피자_피자_매콤불고기 피자 (L),244,24.9,13.7,10.38,2.41,730,2.74
7102,프레드피자_피자_매콤쭈새피자(L),183,18.67,10.72,7.78,1.81,958,3.07
7103,피자에땅_피자_매콤치킨바베큐 (L),247,25.2,12.5,10.51,2.44,958,5.83
7104,피자탑_피자_매콤핫치킨 피자 (L),190,19.39,11.61,8.08,1.88,1030,3.84
7105,도미노피자_피자_맥콘베이컨나폴리(L),310,31.63,14.67,13.19,3.06,574,3.33
7106,피자에땅_피자_맵 피자 (L),281,28.67,13.29,11.95,2.78,1142,2.8
7107,피자에땅_피자_맵고달고 피자 (L),243,24.8,6.59,10.34,2.4,1334,3.59
7108,7번가피자_피자_마라 피자 마라링 (L),252,25.71,16.67,10.72,2.49,814,3.92
7109,7번가피자_피자_마라 피자 마라링 (R),252,25.71,17.04,10.72,2.49,539,3.7
7110,7번가피자_피자_마라 피자 석쇠 (L),255,26.02,16.09,10.85,2.52,694,4.6
7111,7번가피자_피자_마라 피자 석쇠 (R),255,26.02,16.36,10.85,2.52,439,4.55
7112,7번가피자_피자_마라 피자 씬바샤삭 (L),309,31.53,11.59,13.14,3.05,552,5.07
7113,7번가피자_피자_마라 피자 씬바샤삭 (R),297,30.31,12.87,12.63,2.93,404,3.96
7114,피자마루_피자_마루베스트 피자 (L),248,25.31,10.65,10.55,2.45,973,4.33
7115,피자알볼로_피자_마르게리타,223,22.76,10.41,9.49,2.2,613,3.67
7116,피자알볼로_피자_마르게리타 알픽,265,27.04,11.41,11.27,2.62,160,4.32
7117,고피자_피자_마르게리타 피자,258,26.33,11.1,10.97,2.55,268,2.9
7118,피자헛_피자_마르게리타 피자 씬 (L),350,35.71,15.91,14.89,3.46,440,3.55
7119,피자헛_피자_마르게리타 피자 오리지널 (L),291,29.69,13.48,12.38,2.88,726,2.98
7120,피자헛_피자_마르게리타 피자 오리지널 (M),299,30.51,14.25,12.72,2.95,442,2.6
7121,피자헛_피자_마르게리타 피자 오리지널 파마산 치즈 (L),296,30.2,14.12,12.59,2.92,748,2.89
7122,피자헛_피자_마르게리타 피자 오리지널 파마산 치즈 (M),305,31.12,14.93,12.97,3.01,452,2.53
7123,피자헛_피자_마르게리타 피자 팬 (L),323,32.96,12.28,13.74,3.19,773,2.95
7124,피자에땅_피자_마블 피자 (L),246,25.1,12.21,10.46,2.43,1050,7.63
7125,도미노피자_피자_마스터트리플코스 피자 오리지널 (L),244,24.9,12.0,10.38,2.41,938,4.0
7126,고피자_피자_마약 옥수수 피자,242,24.69,9.55,10.29,2.39,360,3.98
7127,파리바게뜨_케이크_초코 블라썸 케이크,325,28.0,4.0,23.0,1.48,350,13.0
7128,파파존스_피자_마가리타 피자 (R),269,27.45,11.11,11.44,2.66,324,4.63
7129,파파존스_피자_마가리타 피자 골드링 (F),284,28.98,12.49,12.08,2.81,100,7.81
7130,파파존스_피자_마가리타 피자 골드링 (L),285,29.08,12.25,12.12,2.82,100,7.58
7131,파파존스_피자_마가리타 피자 골드링 (P),284,28.98,12.27,12.08,2.81,100,7.94
7132,파파존스_피자_마가리타 피자 골드링씬 (F),297,30.31,11.07,12.63,2.93,100,5.53
7133,파파존스_피자_마가리타 피자 씬 (F),299,30.51,11.83,12.72,2.95,100,1.54
7134,파파존스_피자_마가리타 피자 오리지널 (F),268,27.35,11.14,11.4,2.65,100,5.07
7135,파파존스_피자_마가리타 피자 오리지널 (L),268,27.35,10.9,11.4,2.65,587,4.77
7136,파파존스_피자_마가리타 피자 오리지널 (P),268,27.35,10.96,11.4,2.65,100,4.98
7137,파파존스_피자_마가리타 피자 오리지널 (R),268,27.35,11.09,11.4,2.65,100,4.62
7138,파파존스_피자_마가리타 피자 치즈롤 (F),277,28.27,12.36,11.78,2.74,100,3.86
7139,파파존스_피자_마가리타 피자 치즈롤 (L),277,28.27,12.33,11.78,2.74,100,3.6
7140,파파존스_피자_마가리타 피자 치즈롤 (P),277,28.27,12.27,11.78,2.74,100,3.83
7141,업텐브로피자_피자_마늘통삼겹 피자 (L),289,29.49,25.0,12.29,2.86,1388,4.0
7142,7번가피자_피자_마라 피자 골드스윗 (L),262,26.73,15.32,11.14,2.59,884,5.41
7143,7번가피자_피자_마라 피자 골드스윗 (R),263,26.84,15.07,11.19,2.6,584,5.48
7144,7번가피자_피자_마라 피자 리코타링 (L),262,26.73,15.58,11.14,2.59,794,5.03
7145,7번가피자_피자_마라 피자 리코타링 (R),264,26.94,16.15,11.23,2.61,519,5.38
7146,파파존스_피자_마가리타 (F),268,27.35,11.15,11.4,2.65,100,5.07
7147,파파존스_피자_마가리타 (L),268,27.35,10.89,11.4,2.65,587,4.76
7148,파파존스_피자_마가리타 (P),268,27.35,10.96,11.4,2.65,100,4.98
7149,파파존스_피자_마가리타 (R),268,27.35,11.09,11.4,2.65,100,4.62
7150,파파존스_피자_마가리타 골드링 (F),284,28.98,12.49,12.08,2.81,100,7.81
7151,파파존스_피자_마가리타 골드링 (L),285,29.08,12.25,12.12,2.82,100,7.58
7152,파파존스_피자_마가리타 골드링 (P),284,28.98,12.27,12.08,2.81,100,7.94
7153,파파존스_피자_마가리타 골드링 씬,297,30.31,11.07,12.63,2.93,100,5.53
7154,파파존스_피자_마가리타 스파이시 갈릭 치즈롤 (F),283,28.88,12.71,12.04,2.8,100,3.97
7155,파파존스_피자_마가리타 스파이시 갈릭 치즈롤 (L),283,28.88,12.53,12.04,2.8,100,4.18
7156,파파존스_피자_마가리타 스파이시 갈릭 치즈롤 (P),283,28.88,12.7,12.04,2.8,100,3.97
7157,파파존스_피자_마가리타 씬,299,30.51,11.83,12.72,2.95,100,1.54
7158,파파존스_피자_마가리타 치즈롤 (F),277,28.27,12.37,11.78,2.74,100,3.86
7159,파파존스_피자_마가리타 치즈롤 (L),277,28.27,12.33,11.78,2.74,100,3.6
7160,파파존스_피자_마가리타 치즈롤 (P),277,28.27,12.27,11.78,2.74,100,3.84
7161,파파존스_피자_마가리타 크루아상,319,32.55,11.15,13.57,3.15,100,3.77
7162,파파존스_피자_마가리타 피자 (F),269,27.45,11.17,11.44,2.66,790,5.08
7163,파파존스_피자_마가리타 피자 (L),268,27.35,10.88,11.4,2.65,587,4.76
7164,파파존스_피자_마가리타 피자 (P),269,27.45,11.0,11.44,2.66,1004,5.0
7165,피자헛_피자_립 스테이크치즈크러스트 골드 (M),258,26.33,12.48,10.97,2.55,702,3.76
7166,피자헛_피자_립스테이크 피자 더블치즈크러스트 (L),258,26.33,13.49,10.97,2.55,1199,3.62
7167,피자헛_피자_립스테이크 피자 더블치즈크러스트 (M),263,26.84,14.0,11.19,2.6,723,3.67
7168,피자헛_피자_립스테이크 피자 리치골드 (L),254,25.92,11.61,10.8,2.51,1245,4.97
7169,피자헛_피자_립스테이크 피자 리치골드 (M),257,26.22,11.73,10.93,2.54,763,5.43
7170,피자헛_피자_립스테이크 피자 프리미엄 오리지널 (L),257,26.22,12.05,10.93,2.54,903,4.64
7171,피자헛_피자_립스테이크 피자 프리미엄 오리지널 (M),258,26.33,12.05,10.97,2.55,514,4.62
7172,피자헛_피자_립스테이크 피자 프리첼 치즈 (L),256,26.12,9.93,10.89,2.53,1142,7.39
7173,피자헛_피자_립스테이크 피자 프리첼 치즈 (M),261,26.63,9.82,11.1,2.58,679,7.79
7174,피자헛_피자_립스테이크&쉬림프 피자 더블치즈크러스트 (L),242,24.69,13.46,10.29,2.39,1255,3.33
7175,피자헛_피자_립스테이크&쉬림프 피자 리치골드 (L),240,24.49,11.73,10.21,2.37,1300,4.63
7176,피자헛_피자_립스테이크&쉬림프 피자 프리미엄 오리지널 (L),236,24.08,12.18,10.04,2.33,955,4.2
7177,피자헛_피자_립스테이크&쉬림프 피자 프리첼 치즈 (L),240,24.49,10.07,10.21,2.37,1197,6.85
7178,피자헛_피자_립스테이크&케이준쉬림프 피자 골드바이트 (L),242,24.69,11.85,10.29,2.39,1302,4.63
7179,피자헛_피자_립스테이크&케이준쉬림프 피자 노엣지 (L),228,23.27,11.34,9.7,2.25,1022,3.7
7180,피자헛_피자_립스테이크&케이준쉬림프 피자 리치골드 (L),241,24.59,12.03,10.25,2.38,1230,4.77
7181,피자헛_피자_립스테이크&케이준쉬림프 피자 치즈크러스트 (L),235,23.98,12.54,10.0,2.32,1138,3.45
7182,피자헛_피자_립스테이크&케이준쉬림프 피자 콘치즈포켓 (L),238,24.29,11.53,10.12,2.35,1202,5.4
7183,도미노피자_피자_리코타 페퍼로니 킹덤 피자 슈화 더블치즈 페퍼로니 엣지 (L),266,26.51,11.45,12.96,2.63,1086,2.89
7184,도미노피자_피자_리코타 페퍼로니 킹덤 피자 슈화 더블치즈 페퍼로니 엣지 (M),270,25.04,12.31,13.84,2.67,678,2.91
7185,도미노피자_피자_리코타 페퍼로니 킹덤 피자 씬 (L),299,21.39,11.0,18.61,2.95,510,5.0
7186,도미노피자_피자_리코타 페퍼로니 킹덤 피자 씬 (M),300,20.8,11.9,18.76,2.96,315,5.0
7187,도미노피자_피자_리코타 페퍼로니 킹덤 피자 오리지널 (L),257,28.34,10.9,11.12,2.54,896,3.0
7188,도미노피자_피자_리코타 페퍼로니 킹덤 피자 오리지널 (M),257,29.31,10.0,10.89,2.54,542,3.0
7189,도미노피자_피자_리코타 페퍼로니 킹덤 피자 치즈버스트 나폴리 (L),268,22.77,11.8,14.35,2.65,877,4.0
7190,도미노피자_피자_리코타 페퍼로니 킹덤 피자 치즈버스트 오리지널 (L),267,24.89,11.0,13.37,2.64,1085,3.0
7191,도미노피자_피자_리코타 페퍼로니 킹덤 피자 화이버 버스트 오리지널 (L),262,28.2,11.0,11.65,2.59,1083,3.5
7192,도미노피자_피자_리코타 페퍼로니 킹덤 피자 화이버 엣지 오리지널 (L),262,25.92,10.9,12.7,2.59,1046,3.0
7193,도미노피자_피자_리코타 페퍼로니 킹덤 피자 화이버 엣지 오리지널 (M),267,26.68,11.9,12.51,2.64,658,3.0
7194,피자헛_피자_립 스테이크리치골드 (L),249,25.41,10.89,10.59,2.46,1264,4.94
7195,피자헛_피자_립 스테이크리치골드 (M),255,26.02,11.2,10.85,2.52,799,5.26
7196,피자헛_피자_립 스테이크오리지널 (L),247,25.2,11.18,10.51,2.44,887,4.91
7197,피자헛_피자_립 스테이크오리지널 (M),252,25.71,11.32,10.72,2.49,569,4.66
7198,피자헛_피자_립 스테이크치즈크러스트 (L),248,25.31,11.45,10.55,2.45,1105,3.77
7199,피자헛_피자_립 스테이크치즈크러스트 (M),254,25.92,12.11,10.8,2.51,684,3.86
7200,피자헛_피자_립 스테이크치즈크러스트 골드 (L),253,25.82,11.9,10.76,2.5,1137,3.66
7201,7번가피자_피자_리치고구마치킨 피자 씬도우 (L),276,28.16,12.72,11.74,2.73,690,5.78
7202,7번가피자_피자_리치고구마치킨 피자 씬도우 (R),265,27.04,12.31,11.27,2.62,518,6.92
7203,7번가피자_피자_리치고구마치킨 피자 씬바샤삭 (L),276,28.16,12.72,11.74,2.73,690,5.78
7204,7번가피자_피자_리치고구마치킨 피자 씬바샤삭 (R),265,27.04,12.31,11.27,2.62,518,6.92
7205,7번가피자_피자_리치고구마치킨 피자 치즈링 (L),247,25.2,14.17,10.51,2.44,960,3.33
7206,7번가피자_피자_리치고구마치킨 피자 치즈링 (R),246,25.1,14.61,10.46,2.43,710,2.81
7207,난타5000피자_피자_리치골드 피자 (L),375,37.16,20.5,14.02,3.71,554,6.1
7208,난타5000피자_피자_리치골드 피자 (XL),257,26.22,11.89,10.93,2.54,1108,3.78
7209,뽕뜨락피자_피자_리치킨 BBQ 피자 (L),215,21.94,10.12,9.15,2.12,1210,3.5
7210,뽕뜨락피자_피자_리치킨 BBQ 피자 (M),223,22.76,11.4,9.49,2.2,744,3.65
7211,도미노피자_피자_리코타 페퍼로니 킹덤 피자 나폴리 (L),259,26.84,11.0,11.86,2.56,683,3.0
7212,도미노피자_피자_리코타 페퍼로니 킹덤 피자 나폴리 (M),259,24.95,12.0,12.12,2.56,417,4.0
7213,도미노피자_피자_리코타 페퍼로니 킹덤 피자 더블치즈 엣지 (L),276,25.94,11.9,13.85,2.73,1040,2.7
7214,도미노피자_피자_리코타 페퍼로니 킹덤 피자 더블치즈 엣지 (M),266,25.73,11.0,13.07,2.63,666,3.0
7215,도미노피자_피자_리코타 페퍼로니 킹덤 피자 더블치즈 페퍼로니 엣지 (L),280,24.13,12.41,14.13,2.77,1080,2.6
7216,도미노피자_피자_리코타 페퍼로니 킹덤 피자 더블치즈 페퍼로니 엣지 (M),269,23.92,11.43,13.91,2.66,686,2.92
7217,도미노피자_피자_리코타 페퍼로니 킹덤 피자 슈퍼시드 화이버 오리지널 (L),259,31.84,10.0,9.95,2.56,883,3.6
7218,도미노피자_피자_리코타 페퍼로니 킹덤 피자 슈퍼시드 화이버 오리지널 (M),260,30.36,10.8,10.6,2.57,542,3.8
7219,요거프레소_케이크_초코 롤케이크,291,26.52,4.29,18.48,1.33,70,18.57
7220,피자파는집_피자_리얼치즈 피자 밀도우 (R),86,8.78,8.93,3.66,0.85,540,0.56
7221,피자파는집_피자_리얼치즈 피자 씬도우 (L),130,13.27,13.41,5.53,1.28,510,0.86
7222,피자파는집_피자_리얼치즈 피자 씬도우 (R),86,8.78,8.95,3.66,0.85,440,0.55
7223,피자파는집_피자_리얼치즈 피자밀도우(L),130,13.27,13.39,5.53,1.28,720,0.83
7224,피자파는집_피자_리얼치즈 피자밀도우(R),86,8.78,8.93,3.66,0.85,540,0.56
7225,피자파는집_피자_리얼치즈 피자씬도우(L),130,13.27,13.41,5.53,1.28,510,0.86
7226,피자파는집_피자_리얼치즈 피자씬도우(R),86,8.78,8.95,3.66,0.85,440,0.55
7227,청년피자_피자_리얼치즈피자 (L),285,29.08,14.48,12.12,2.82,657,2.26
7228,피굽남피자_피자_리얼큐브달달구마 피자 (L),257,26.22,13.36,10.93,2.54,1423,5.93
7229,청년피자_피자_리얼페퍼로니피자(L),314,32.04,17.25,13.36,3.1,733,2.01
7230,킹스타피자_피자_리얼핫도그 피자 (L),215,21.94,11.76,9.15,2.12,790,5.06
7231,킹스타피자_피자_리얼핫도그 피자 (M),206,21.02,10.55,8.76,2.04,506,4.74
7232,7번가피자_피자_리치고구마치킨 피자 골드스윗 (L),256,26.12,13.18,10.89,2.53,1030,4.65
7233,7번가피자_피자_리치고구마치킨 피자 골드스윗 (R),255,26.02,13.23,10.85,2.52,755,4.23
7234,7번가피자_피자_리치고구마치킨 피자 리코타링 (L),254,25.92,13.56,10.8,2.51,940,4.24
7235,7번가피자_피자_리치고구마치킨 피자 리코타링 (R),255,26.02,13.87,10.85,2.52,690,4.05
7236,7번가피자_피자_리치고구마치킨 피자 석쇠 (L),248,25.31,13.33,10.55,2.45,840,3.81
7237,7번가피자_피자_리치고구마치킨 피자 석쇠 (R),247,25.2,13.73,10.51,2.44,610,3.27
7238,도미노피자_피자_리얼불고기 피자 슈화 더블 치즈 페퍼로니 엣지 (M),314,25.18,14.87,13.01,3.1,676,3.83
7239,도미노피자_피자_리얼불고기 피자 씬 (L),273,23.87,12.54,14.12,2.7,587,6.35
7240,도미노피자_피자_리얼불고기 피자 씬 (M),282,26.05,13.23,13.89,2.79,303,6.73
7241,도미노피자_피자_리얼불고기 피자 오리지널 (L),251,31.93,12.34,8.2,2.48,922,4.65
7242,도미노피자_피자_리얼불고기 피자 오리지널 (M),258,34.66,11.79,8.0,2.55,508,4.35
7243,도미노피자_피자_리얼불고기 피자 치즈버스트 나폴리 (L),253,22.9,13.0,12.07,2.5,968,4.7
7244,도미노피자_피자_리얼불고기 피자 치즈버스트 오리지널 (L),256,27.48,12.0,10.86,2.53,1176,4.0
7245,도미노피자_피자_리얼불고기 피자 트리플치즈버스트 엣지 (L),248,25.31,13.01,10.55,2.45,1165,3.42
7246,도미노피자_피자_리얼불고기오리지널(L),253,25.82,12.67,10.76,2.5,910,2.67
7247,청년피자_피자_리얼불고기피자 (L),247,25.2,14.01,10.51,2.44,894,3.28
7248,비토랩_피자_리얼불콕 피자 (L),260,26.53,15.32,11.06,2.57,990,4.03
7249,비토랩_피자_리얼불콕 피자 (R),261,26.63,15.38,11.1,2.58,700,4.02
7250,업텐브로피자_피자_리얼수제고구마 피자 (L),283,28.88,15.0,12.04,2.8,1380,7.0
7251,피자마루_피자_리얼시카고오리지널 피자 (L),233,23.78,11.27,9.91,2.3,959,2.95
7252,피자마루_피자_리얼시카고오리지널피자,233,23.78,11.27,9.91,2.3,959,2.95
7253,피자와썹_피자_리얼직화불고기쉬림프피자씬(L),394,40.2,15.55,16.76,3.89,100,2.15
7254,피자와썹_피자_리얼직화불고기피자씬(L),394,40.2,15.58,16.76,3.89,100,2.18
7255,피자파는집_피자_리얼치즈 피자 밀도우 (L),130,13.27,13.39,5.53,1.28,720,0.83
7256,피자파는집_피자_리얼단호박 피자씬도우(L),100,10.2,5.23,4.25,0.99,810,2.0
7257,피자파는집_피자_리얼단호박 피자씬도우(R),67,6.84,3.48,2.85,0.66,520,1.33
7258,7번가피자_피자_리얼랍스터스테이크 피자 골드스윗 (L),246,25.1,13.77,10.46,2.43,1100,4.35
7259,7번가피자_피자_리얼랍스터스테이크 피자 리코타링 (L),246,25.1,14.29,10.46,2.43,1010,3.97
7260,7번가피자_피자_리얼랍스터스테이크 피자 석쇠 (L),237,24.18,14.04,10.08,2.34,910,3.51
7261,7번가피자_피자_리얼랍스터스테이크 피자 씬도우 (L),273,27.86,14.14,11.61,2.7,765,2.62
7262,7번가피자_피자_리얼랍스터스테이크 피자 치즈링 (L),237,24.18,14.73,10.08,2.34,1030,3.1
7263,프레드피자_피자_리얼미트 피자 (L),250,25.51,13.26,10.63,2.47,790,5.39
7264,도미노피자_피자_리얼불고기 피자 나폴리 (L),253,28.75,12.19,9.94,2.5,700,5.6
7265,도미노피자_피자_리얼불고기 피자 나폴리 (M),252,29.69,12.66,9.18,2.49,392,4.69
7266,도미노피자_피자_리얼불고기 피자 더블치즈 엣지 (L),256,26.84,13.9,10.27,2.53,1117,4.1
7267,도미노피자_피자_리얼불고기 피자 더블치즈 엣지 (M),258,26.44,13.1,11.01,2.55,661,3.7
7268,도미노피자_피자_리얼불고기 피자 더블치즈 페퍼로니 엣지 (L),260,26.03,14.31,11.11,2.57,1157,3.96
7269,도미노피자_피자_리얼불고기 피자 더블치즈 페퍼로니 엣지 (M),261,26.62,13.47,11.31,2.58,681,3.59
7270,도미노피자_피자_리얼불고기 피자 슈퍼시드 화이버 버스트 오리지널 (L),303,26.9,13.63,11.55,2.99,1147,4.58
7271,도미노피자_피자_리얼불고기 피자 슈퍼시드 화이버 오리지널 (L),254,30.28,11.0,9.46,2.51,961,3.8
7272,도미노피자_피자_리얼불고기 피자 슈퍼시드 화이버 오리지널 (M),254,30.55,11.0,9.55,2.51,540,3.8
7273,도미노피자_피자_리얼불고기 피자 슈화 더블 치즈 페퍼로니 엣지 (L),302,25.71,14.16,12.42,2.98,1158,3.78
7274,피자파는집_피자_로즈 피자 씬도우 (R),90,9.18,6.77,3.83,0.89,455,1.85
7275,피자파는집_피자_로즈피자밀도우(L),136,13.88,10.13,5.79,1.34,892,2.78
7276,피자파는집_피자_로즈피자밀도우(R),90,9.18,6.74,3.83,0.89,555,1.84
7277,피자파는집_피자_로즈피자씬도우(L),136,13.88,10.15,5.79,1.34,682,2.76
7278,피자파는집_피자_로즈피자씬도우(R),90,9.18,6.77,3.83,0.89,455,1.85
7279,업텐브로피자_피자_롤롤페파로니 피자 (L),311,31.73,22.0,13.23,3.07,1104,3.0
7280,피자헛_피자_리모 피자,257,26.22,11.89,10.93,2.54,2700,2.7
7281,피자스톰_피자_리얼 더블 불고기 (R),280,28.57,16.57,11.91,2.77,612,2.96
7282,피자스톰_피자_리얼 더블 불고기 피자 (XL),280,28.57,16.57,11.91,2.77,934,2.96
7283,업텐브로피자_피자_리얼게살쉬림프 피자 (L),266,27.14,13.0,11.31,2.63,1450,5.0
7284,피자에땅_피자_리얼고구마 (L),273,27.86,10.27,11.61,2.7,1170,8.9
7285,피자에땅_피자_리얼고구마 피자 (L),243,24.8,10.07,10.34,2.4,1190,9.4
7286,프레드피자_피자_리얼고구마 피자 (L),277,28.27,10.57,11.78,2.74,1001,6.16
7287,피자파는집_피자_리얼단호박 피자 밀도우 (L),100,10.2,5.22,4.25,0.99,1020,2.0
7288,피자파는집_피자_리얼단호박 피자 밀도우 (R),67,6.84,3.48,2.85,0.66,620,1.32
7289,피자파는집_피자_리얼단호박 피자 씬도우 (L),100,10.2,5.23,4.25,0.99,810,2.0
7290,피자파는집_피자_리얼단호박 피자 씬도우 (R),67,6.84,3.48,2.85,0.66,520,1.33
7291,피자파는집_피자_리얼단호박 피자밀도우(L),100,10.2,5.22,4.25,0.99,1020,2.0
7292,피자파는집_피자_리얼단호박 피자밀도우(R),67,6.84,3.48,2.85,0.66,620,1.32
7293,피자파는집_피자_로맨틱 하와이안 피자밀도우(L),109,11.12,7.03,4.64,1.08,780,1.8
7294,피자파는집_피자_로맨틱 하와이안 피자밀도우(R),73,7.45,4.68,3.11,0.72,568,1.2
7295,피자파는집_피자_로맨틱 하와이안 피자씬도우(R),73,7.45,4.68,3.11,0.72,468,1.21
7296,피자파는집_피자_로맨틱 하와이안 피자씬도우L,109,11.12,7.02,4.64,1.08,570,1.82
7297,피자헛_피자_로얄 립 스테이크 피자 골드바이트 (L),257,26.22,11.74,10.93,2.54,1247,4.97
7298,피자헛_피자_로얄 립 스테이크 피자 골드바이트 (M),257,26.22,11.86,10.93,2.54,774,5.12
7299,피자헛_피자_로얄 립 스테이크 피자 노엣지 (L),247,25.2,10.89,10.51,2.44,991,4.63
7300,피자헛_피자_로얄 립 스테이크 피자 노엣지 (M),249,25.41,11.04,10.59,2.46,581,4.56
7301,피자헛_피자_로얄 립 스테이크 피자 리치골드 (L),252,25.71,11.92,10.72,2.49,1171,5.21
7302,피자헛_피자_로얄 립 스테이크 피자 리치골드 (M),253,25.82,12.15,10.76,2.5,726,5.37
7303,피자헛_피자_로얄 립 스테이크 피자 치즈크러스트 (L),253,25.82,12.44,10.76,2.5,1083,3.85
7304,피자헛_피자_로얄 립 스테이크 피자 치즈크러스트 (M),255,26.02,13.03,10.85,2.52,655,3.67
7305,피자와치킨의러브레터_피자_로얄포테이토 피자,259,26.43,11.77,11.02,2.56,1139,3.48
7306,파스쿠찌_피자_로제 쉬림프 포카챠,187,19.08,8.67,7.95,1.85,150,2.67
7307,유로코피자_피자_로제블랙소세지 피자,234,23.88,13.92,9.95,2.31,713,2.47
7308,피자파는집_피자_로즈 피자 밀도우 (L),136,13.88,10.13,5.79,1.34,892,2.78
7309,피자파는집_피자_로즈 피자 밀도우 (R),90,9.18,6.74,3.83,0.89,555,1.84
7310,피자파는집_피자_로즈 피자 씬도우 (L),136,13.88,10.15,5.79,1.34,682,2.76
7311,파스쿠찌_케이크_초코 글레이즈 케이크 (홀),315,28.71,4.06,20.0,1.44,100,24.01
7312,피자마루_피자_레귤러 이탈리안치즈피자,288,29.39,12.37,12.25,2.85,341,5.51
7313,피자마루_피자_레귤러 콤비네이션피자,274,27.96,12.17,11.66,2.71,397,6.24
7314,피자마루_피자_레귤러 페퍼로니피자,295,30.1,11.75,12.55,2.92,377,6.07
7315,피자마루_피자_레귤러 포테이토피자,258,26.33,10.78,10.97,2.55,465,5.37
7316,피자마루_피자_레귤러 하와이안쉬림프피자,259,26.43,10.39,11.02,2.56,444,5.15
7317,피제이피자_피자_레드불고기 피자 (L),241,24.55,11.8,6.6,2.38,986,7.3
7318,프레드피자_피자_레드콘리코타피자 (L),211,21.53,9.31,8.98,2.08,920,4.0
7319,피자마루_피자_레드콘피자,238,24.29,11.99,10.12,2.35,784,4.17
7320,피자마루_피자_레드콘피자바이트,233,23.78,11.5,9.91,2.3,944,4.98
7321,또래오래_피자_레드핫치킨 피자,237,24.18,13.94,10.08,2.34,100,4.71
7322,피자헤븐_피자_레드핫치킨 피자 (L),249,25.41,13.01,10.59,2.46,1170,4.79
7323,킹스타피자_피자_레드핫카니발 피자 (L),236,24.08,10.87,10.04,2.33,895,4.26
7324,킹스타피자_피자_레드핫카니발 피자 (M),226,23.06,10.36,9.61,2.23,588,3.67
7325,프레드피자_피자_레드핫커리 피자 (L),289,29.49,13.15,12.29,2.86,949,4.77
7326,피자파는집_피자_로맨틱 하와이안 피자 밀도우 (L),109,11.12,7.03,4.64,1.08,780,1.8
7327,피자파는집_피자_로맨틱 하와이안 피자 밀도우 (R),73,7.45,4.68,3.11,0.72,568,1.2
7328,피자파는집_피자_로맨틱 하와이안 피자 씬도우 (L),109,11.12,7.02,4.64,1.08,570,1.82
7329,피자파는집_피자_로맨틱 하와이안 피자 씬도우 (R),73,7.45,4.68,3.11,0.72,468,1.21
7330,도미노피자_피자_랍스터슈림프투움바오리지널(L),233,23.78,10.67,9.91,2.3,978,2.0
7331,피자마루_피자_레귤러 골드 꿀고구마피자,255,26.02,10.88,10.85,2.52,648,12.75
7332,피자마루_피자_레귤러 골드 불고기피자,269,27.45,12.92,11.44,2.66,552,6.45
7333,피자마루_피자_레귤러 골드 스테이크불갈비피자,264,26.94,12.49,11.23,2.61,595,7.0
7334,피자마루_피자_레귤러 골드 이탈리안치즈피자,281,28.67,12.66,11.95,2.78,491,5.66
7335,피자마루_피자_레귤러 골드 콤비네이션피자,272,27.76,12.48,11.57,2.69,547,6.17
7336,피자마루_피자_레귤러 골드 페퍼로니피자,287,29.29,12.2,12.21,2.84,527,6.05
7337,피자마루_피자_레귤러 골드 포테이토피자,260,26.53,11.4,11.06,2.57,615,5.52
7338,피자마루_피자_레귤러 골드 하와이안쉬림프피자,261,26.63,11.13,11.1,2.58,594,5.37
7339,피자마루_피자_레귤러 꿀고구마피자,252,25.71,10.12,10.72,2.49,498,14.84
7340,피자마루_피자_레귤러 몬스터꿀고구마피자,223,22.76,10.5,9.49,2.2,718,10.02
7341,피자마루_피자_레귤러 몬스터불고기피자,259,26.43,14.2,11.02,2.56,585,5.88
7342,피자마루_피자_레귤러 몬스터이탈리안피자,292,29.8,13.24,12.42,2.89,450,5.2
7343,피자마루_피자_레귤러 몬스터콤비네이션피자,254,25.92,12.11,10.8,2.51,570,5.76
7344,피자마루_피자_레귤러 몬스터포테이토피자,239,24.39,11.25,10.17,2.36,669,4.22
7345,피자마루_피자_레귤러 몬스터하와이안쉬림프피자,226,23.06,12.97,9.61,2.23,624,4.95
7346,피자마루_피자_레귤러 불고기피자,270,27.55,12.77,11.48,2.67,402,6.61
7347,피자마루_피자_레귤러 스테이크불갈비피자,264,26.94,12.21,11.23,2.61,445,7.34
7348,파파존스_피자_위스콘신 치즈 포테이토 스파이시 갈릭 치즈롤 (L),294,30.0,14.52,12.51,2.91,100,2.42
7349,파파존스_피자_위스콘신 치즈 포테이토 스파이시 갈릭 치즈롤 (P),294,30.0,14.71,12.51,2.91,100,1.84
7350,파파존스_피자_위스콘신 치즈 포테이토 치즈롤 (F),288,29.39,14.33,12.25,2.85,100,1.79
7351,파파존스_피자_위스콘신 치즈 포테이토 치즈롤 (L),288,29.39,14.29,12.25,2.85,100,1.59
7352,파파존스_피자_위스콘신 치즈 포테이토 치즈롤 (P),288,29.39,14.81,12.25,2.85,100,1.78
7353,파파존스_피자_위스콘신 치즈 포테이토 크루아상,332,33.88,13.0,14.12,3.28,100,1.88
7354,파파존스_피자_위스콘신 치즈 포테이토 피자 골드링 (F),295,30.1,14.47,12.55,2.92,100,3.62
7355,파파존스_피자_위스콘신 치즈 포테이토 피자 골드링 (L),296,30.2,14.42,12.59,2.92,100,3.6
7356,파파존스_피자_위스콘신 치즈 포테이토 피자 골드링 (P),295,30.1,14.49,12.55,2.92,100,3.9
7357,파파존스_피자_위스콘신 치즈 포테이토 피자 오리지널 (F),278,28.37,12.52,11.83,2.75,100,2.35
7358,파파존스_피자_위스콘신 치즈 포테이토 피자 오리지널 (L),278,28.37,12.63,11.83,2.75,760,2.63
7359,파파존스_피자_위스콘신 치즈 포테이토 피자 오리지널 (P),278,28.37,13.08,11.83,2.75,100,2.31
7360,파파존스_피자_위스콘신 치즈 포테이토 피자 치즈롤 (F),288,29.39,14.32,12.25,2.85,100,1.79
7361,파파존스_피자_위스콘신 치즈 포테이토 피자 치즈롤 (L),288,29.39,14.29,12.25,2.85,100,1.59
7362,파파존스_피자_위스콘신 치즈 포테이토 피자 치즈롤 (P),288,29.39,14.81,12.25,2.85,100,1.78
7363,파파존스_피자_위스콘신치즈포테이토 (L),278,28.37,12.63,11.83,2.75,760,2.63
7364,파파존스_피자_위스콘신치즈포테이토 피자 (F),284,28.98,14.06,12.08,2.81,1023,1.56
7365,파파존스_피자_위스콘신치즈포테이토 피자 (L),278,28.37,12.63,11.83,2.75,760,2.63
7366,피자알볼로_피자_웃음꽃 피자 (R),225,22.96,9.8,9.57,2.22,815,2.94
7367,피자헛_피자_웨지포테이토 피자,302,30.82,11.96,12.85,2.98,654,1.72
7368,뽕뜨락피자_피자_웨지포테이토 피자 (L),231,23.57,11.05,9.83,2.28,850,5.62
7369,뽕뜨락피자_피자_웨지포테이토 피자 (M),241,24.59,12.44,10.25,2.38,523,5.86
7370,피자헛_피자_웨지포테이토 피자 마니아 에어도우 (L),266,27.14,11.06,11.31,2.63,990,1.95
7371,피자헛_피자_웨지포테이토 피자 마니아 에어도우 (M),267,27.24,11.05,11.36,2.64,574,1.88
7372,피자헛_피자_웨지포테이토 피자 마니아 파마산엣지 (L),268,27.35,11.43,11.4,2.65,1013,1.9
7373,피자헛_피자_웨지포테이토 피자 마니아 파마산엣지 (M),269,27.45,11.7,11.44,2.66,598,1.8
7374,피자헛_피자_웨지포테이토 피자 씬 (L),336,34.29,12.5,14.29,3.32,561,1.5
7375,왕손피자_피자_웰빙다이어트야채 피자 (L),245,25.0,13.02,10.42,2.42,940,4.09
7376,피자는치즈빨_피자_웰컴투포테이토 피자 (L),244,24.9,10.74,10.38,2.41,968,4.13
7377,피자는치즈빨_피자_웰컴투포테이토 피자 (M),248,25.31,10.81,10.55,2.45,666,4.5
7378,파파존스_피자_위스콘신 치즈 포테이토 (F),278,28.37,12.52,11.83,2.75,100,2.35
7379,파파존스_피자_위스콘신 치즈 포테이토 (P),278,28.37,13.08,11.83,2.75,100,2.31
7380,파파존스_피자_위스콘신 치즈 포테이토 골드링 (F),295,30.1,14.47,12.55,2.92,100,3.62
7381,파파존스_피자_위스콘신 치즈 포테이토 골드링 (L),296,30.2,14.42,12.59,2.92,100,3.61
7382,파파존스_피자_위스콘신 치즈 포테이토 골드링 (P),295,30.1,14.5,12.55,2.92,100,3.9
7383,파파존스_피자_위스콘신 치즈 포테이토 스파이시 갈릭 치즈롤 (F),295,30.1,14.73,12.55,2.92,100,1.84
7384,도미노피자_피자_우리 고구마 피자 씬 (M),266,25.13,9.0,14.87,2.63,450,9.6
7385,도미노피자_피자_우리 고구마 피자 오리지널 (L),248,30.42,10.5,9.36,2.45,1070,5.7
7386,도미노피자_피자_우리 고구마 피자 오리지널 (M),242,33.26,9.0,9.32,2.39,658,5.8
7387,도미노피자_피자_우리 고구마 피자 치즈 엣지 (L),254,26.2,10.8,11.78,2.51,1272,5.0
7388,도미노피자_피자_우리 고구마 피자 치즈 엣지 (M),254,27.58,10.0,11.4,2.51,815,5.0
7389,도미노피자_피자_우리 고구마 피자 치즈버스트 나폴리 (L),256,24.08,10.9,12.92,2.53,1101,6.6
7390,도미노피자_피자_우리 고구마 피자 치즈버스트 오리지널 (L),247,27.61,11.0,10.31,2.44,1319,5.6
7391,도미노피자_피자_우리고구마오리지널(L),270,27.55,12.0,11.48,2.67,946,4.67
7392,피자는치즈빨_피자_우아한소세지 피자 (L),258,26.33,13.93,10.97,2.55,976,4.92
7393,피자는치즈빨_피자_우아한소세지 피자 (M),258,26.33,14.06,10.97,2.55,768,4.69
7394,유로코피자_피자_우주선 피자,268,27.35,10.0,11.4,2.65,1048,5.88
7395,빽보이피자_피자_울트라빽보이 피자 (L),284,28.02,15.49,12.08,2.81,725,3.74
7396,빽보이피자_피자_울트라빽보이 피자 (R),283,23.97,18.82,12.04,2.8,546,3.68
7397,피자알볼로_피자_울트라코리안 피자 (L),248,25.31,12.52,10.55,2.45,1064,3.61
7398,피자알볼로_피자_울트라코리안 피자 (R),242,24.69,13.78,10.29,2.39,570,2.89
7399,피자에땅_피자_울트라콤비네이션 (L),238,24.29,12.42,10.12,2.35,1159,6.9
7400,피자에땅_피자_울트라콤비네이션 피자 (L),239,24.39,11.56,10.17,2.36,1179,6.12
7401,피자알볼로_피자_웃음꽃 피자 (L),221,22.55,14.41,9.4,2.18,1330,2.7
7402,서오릉피자_피자_왕릉불고기 (R),218,22.24,10.75,9.27,2.15,511,5.38
7403,서오릉피자_피자_왕릉불고기 피자 (L),234,23.88,11.69,9.95,2.31,100,5.35
7404,서오릉피자_피자_왕릉불고기 피자 (R),239,24.39,12.1,10.17,2.36,100,5.35
7405,왕손피자_피자_왕손뚱베이컨 피자 (L),262,26.73,16.23,11.14,2.59,1035,2.7
7406,오구쌀피자_피자_왕창포테이토 피자 (L),240,24.49,8.91,10.21,2.37,1032,3.1
7407,피자스톰_피자_용암던전 피자 (XL),239,24.39,14.44,10.17,2.36,962,6.02
7408,비토랩_피자_용암불고기 피자 (L),255,26.02,14.47,10.85,2.52,1215,5.0
7409,비토랩_피자_용암불고기 피자 (R),255,26.02,14.0,10.85,2.52,900,5.0
7410,도미노피자_피자_우리 고구마 피자 나폴리 (L),248,28.69,9.7,11.07,2.45,865,6.8
7411,도미노피자_피자_우리 고구마 피자 나폴리 (M),242,28.91,9.6,10.87,2.39,537,7.6
7412,도미노피자_피자_우리 고구마 피자 더블치즈 페퍼로니 엣지 (L),258,25.32,11.26,11.67,2.55,1312,4.85
7413,도미노피자_피자_우리 고구마 피자 더블치즈 페퍼로니 엣지 (M),257,26.84,10.38,11.7,2.54,835,4.88
7414,도미노피자_피자_우리 고구마 피자 슈퍼시드 화이버 버스트 오리지널 (L),293,28.13,12.39,10.99,2.9,1262,5.51
7415,도미노피자_피자_우리 고구마 피자 슈퍼시드 화이버 오리지널 (L),248,31.36,10.0,9.02,2.45,1076,4.8
7416,도미노피자_피자_우리 고구마 피자 슈퍼시드 화이버 오리지널 (M),251,33.97,9.7,9.13,2.48,634,4.6
7417,도미노피자_피자_우리 고구마 피자 슈화 더블 치즈 페퍼로니 엣지 (L),293,27.04,12.9,11.78,2.9,1273,4.75
7418,도미노피자_피자_우리 고구마 피자 슈화 더블 치즈 페퍼로니 엣지 (M),304,28.65,13.13,12.24,3.0,770,4.6
7419,도미노피자_피자_우리 고구마 피자 씬 (L),272,26.71,10.0,14.83,2.69,712,9.0
7420,피자마루_피자_골드바베큐치킨 피자 (L),252,25.71,13.15,10.72,2.49,881,6.07
7421,7번가피자_피자_와이키키 피자 리코타링 (R),268,27.35,14.29,11.4,2.65,673,2.98
7422,7번가피자_피자_와이키키 피자 석쇠 (L),263,26.84,14.29,11.19,2.6,840,1.9
7423,7번가피자_피자_와이키키 피자 석쇠 (R),262,26.73,14.19,11.14,2.59,593,2.03
7424,7번가피자_피자_와이키키 피자 씬도우 (L),292,29.8,13.48,12.42,2.89,712,3.93
7425,7번가피자_피자_와이키키 피자 씬도우 (R),304,31.02,14.41,12.93,3.0,443,3.6
7426,7번가피자_피자_와이키키 피자 씬바샤삭 (L),292,29.8,13.48,12.42,2.89,712,3.93
7427,7번가피자_피자_와이키키 피자 씬바샤삭 (R),304,31.02,14.41,12.93,3.0,443,3.6
7428,7번가피자_피자_와이키키 피자 치즈링 (L),260,26.53,15.0,11.06,2.57,960,1.67
7429,7번가피자_피자_와이키키 피자 치즈링 (R),259,26.43,15.03,11.02,2.56,693,1.73
7430,피자스톰_피자_와일드불고기할라피뇨 (R),257,26.22,15.09,10.93,2.54,635,2.08
7431,서오릉피자_피자_와일드소시지 (L),260,26.53,13.63,11.06,2.57,903,4.43
7432,서오릉피자_피자_와일드소시지 (R),262,26.73,13.92,11.14,2.59,585,4.33
7433,도미노피자_피자_와일드와일드웨스트스테이크오리지널(L),237,24.18,10.67,10.08,2.34,988,2.0
7434,서오릉피자_피자_왕릉고추 불고기 (L),202,20.61,9.76,8.59,2.0,903,4.07
7435,서오릉피자_피자_왕릉고추 불고기 (R),206,21.02,10.2,8.76,2.04,539,4.08
7436,서오릉피자_피자_왕릉고추 불고기 피자 (L),221,22.55,11.03,9.4,2.18,100,4.31
7437,서오릉피자_피자_왕릉고추 불고기 피자 (R),225,22.96,11.41,9.57,2.22,100,4.26
7438,서오릉피자_피자_왕릉불고기 (L),216,22.04,10.35,9.19,2.13,857,5.17
7439,도미노피자_피자_와와웨 스테이크 피자 슈화 더블 치즈 페퍼로니 엣지 (M),274,23.14,13.99,11.11,2.71,821,3.04
7440,도미노피자_피자_와와웨 스테이크 피자 씬 (L),253,21.29,11.8,13.36,2.5,763,3.9
7441,도미노피자_피자_와와웨 스테이크 피자 씬 (M),229,23.37,10.3,13.09,2.26,502,5.1
7442,도미노피자_피자_와와웨 스테이크 피자 오리지널 (L),235,28.26,11.3,8.5,2.32,1071,2.9
7443,도미노피자_피자_와와웨 스테이크 피자 오리지널 (M),223,25.95,10.5,8.51,2.2,714,3.4
7444,도미노피자_피자_와와웨 스테이크 피자 치즈버스트 나폴리 (L),243,24.8,11.6,13.16,2.4,1135,4.4
7445,도미노피자_피자_와와웨 스테이크 피자 치즈버스트 오리지널 (L),238,22.75,11.4,11.27,2.35,1336,3.9
7446,도미노피자_피자_와와웨 피자 더블치즈 페퍼로니 엣지 (L),245,23.93,11.94,11.13,2.42,1293,2.81
7447,도미노피자_피자_와와웨 피자 더블치즈 페퍼로니 엣지 (M),240,22.08,12.03,11.25,2.37,863,3.52
7448,맘스피자_피자_와우미트피자 (L),269,27.45,13.69,11.44,2.66,834,6.58
7449,맘스피자_피자_와우미트피자 (M),262,26.73,14.63,11.14,2.59,630,6.53
7450,맘스피자_피자_와우미트피자 리치골드크러스트 (L),270,27.55,13.69,11.48,2.67,1034,5.66
7451,맘스피자_피자_와우미트피자 리치골드크러스트 (M),264,26.94,14.5,11.23,2.61,730,5.86
7452,맘스피자_피자_와우미트피자 치즈크러스트 (L),271,27.65,13.69,11.53,2.68,934,5.97
7453,맘스피자_피자_와우미트피자 치즈크러스트 (M),265,27.04,14.53,11.27,2.62,705,5.9
7454,7번가피자_피자_와이키키 피자 골드스윗 (L),268,27.35,13.95,11.4,2.65,1030,3.1
7455,7번가피자_피자_와이키키 피자 골드스윗 (R),266,27.14,13.51,11.31,2.63,738,3.24
7456,7번가피자_피자_와이키키 피자 리코타링 (L),268,27.35,14.41,11.4,2.65,940,2.54
7457,파파존스_피자_올미트 피자 오리지널 (P),254,25.92,13.26,10.8,2.51,100,3.68
7458,파파존스_피자_올미트 피자 오리지널 (R),253,25.82,13.01,10.76,2.5,100,4.11
7459,파파존스_피자_올미트 피자 치즈롤 (F),262,26.73,14.87,11.14,2.59,100,2.86
7460,파파존스_피자_올미트 피자 치즈롤 (L),262,26.73,15.22,11.14,2.59,100,3.04
7461,파파존스_피자_올미트 피자 치즈롤 (P),262,26.73,14.76,11.14,2.59,100,2.84
7462,피자탑_피자_올스타 피자 (L),157,16.02,10.57,6.68,1.55,1253,2.24
7463,피자탑_피자_올포유 피자 (L),147,15.0,7.35,6.25,1.45,1294,5.2
7464,청년피자_피자_와규베스트플래버 피자 (L),237,24.18,14.64,10.08,2.34,1074,2.8
7465,킹스타피자_피자_와규소보로 피자 (L),246,25.1,10.41,10.46,2.43,965,10.64
7466,킹스타피자_피자_와규소보로 피자 (M),240,24.49,11.99,10.21,2.37,689,10.25
7467,도미노피자_피자_와와웨 스테이크 피자 나폴리 (L),240,26.71,10.7,10.02,2.37,887,3.6
7468,도미노피자_피자_와와웨 스테이크 피자 나폴리 (M),222,22.24,10.8,9.92,2.19,594,3.3
7469,도미노피자_피자_와와웨 스테이크 피자 더블치즈 엣지 (L),241,27.48,11.5,9.42,2.38,1253,2.9
7470,도미노피자_피자_와와웨 스테이크 피자 더블치즈 엣지 (M),237,22.7,11.7,11.03,2.34,843,3.6
7471,도미노피자_피자_와와웨 스테이크 피자 슈퍼시드 화이버 버스트 오리지널 (L),278,24.51,13.96,10.62,2.75,1224,4.43
7472,도미노피자_피자_와와웨 스테이크 피자 슈퍼시드 화이버 오리지널 (L),232,27.21,11.5,8.52,2.29,1038,3.7
7473,도미노피자_피자_와와웨 스테이크 피자 슈퍼시드 화이버 오리지널 (M),223,26.97,10.8,8.01,2.2,685,3.0
7474,도미노피자_피자_와와웨 스테이크 피자 슈화 더블 치즈 페퍼로니 엣지 (L),278,23.41,14.44,11.45,2.75,1235,3.69
7475,파파존스_피자_올미트 스파이시 갈릭 치즈롤 (F),268,27.35,15.29,11.4,2.65,100,2.94
7476,파파존스_피자_올미트 스파이시 갈릭 치즈롤 (L),268,27.35,15.46,11.4,2.65,100,3.09
7477,파파존스_피자_올미트 스파이시 갈릭 치즈롤 (P),268,27.35,15.28,11.4,2.65,100,2.94
7478,파파존스_피자_올미트 씬,283,28.88,14.47,12.04,2.8,100,1.52
7479,파파존스_피자_올미트 치즈롤 (F),262,26.73,14.88,11.14,2.59,100,2.86
7480,파파존스_피자_올미트 치즈롤 (L),262,26.73,15.22,11.14,2.59,100,3.04
7481,파파존스_피자_올미트 치즈롤 (P),262,26.73,14.77,11.14,2.59,100,2.84
7482,파파존스_피자_올미트 크루아상,302,30.82,13.39,12.85,2.98,100,2.88
7483,파파존스_피자_올미트 피자 (F),254,25.92,12.78,10.8,2.51,1067,3.76
7484,파파존스_피자_올미트 피자 (L),254,25.92,13.13,10.8,2.51,793,4.04
7485,파파존스_피자_올미트 피자 (P),253,25.82,13.24,10.76,2.5,1357,3.68
7486,파파존스_피자_올미트 피자 (R),253,25.82,13.01,10.76,2.5,438,4.11
7487,파파존스_피자_올미트 피자 골드링 (F),269,27.45,15.02,11.44,2.66,100,5.78
7488,파파존스_피자_올미트 피자 골드링 (L),269,27.45,14.68,11.44,2.66,100,6.04
7489,파파존스_피자_올미트 피자 골드링 (P),269,27.45,14.96,11.44,2.66,100,5.88
7490,파파존스_피자_올미트 피자 골드링씬 (F),281,28.67,13.46,11.95,2.78,100,4.1
7491,파파존스_피자_올미트 피자 씬 (F),283,28.88,14.47,12.04,2.8,100,1.52
7492,파파존스_피자_올미트 피자 오리지널 (F),253,25.82,12.74,10.76,2.5,100,3.75
7493,파파존스_피자_올미트 피자 오리지널 (L),254,25.92,13.12,10.8,2.51,793,4.04
7494,피자에땅_피자_옥수수 피자 (L),279,28.47,11.21,11.87,2.76,856,4.67
7495,피자알볼로_피자_옥수수 피자 (R),223,22.76,9.23,9.49,2.2,970,7.0
7496,노모어피자_피자_옥수수새우피자(L),225,25.5,11.91,8.36,2.22,1077,4.98
7497,노모어피자_피자_옥수수새우피자(P),225,25.5,11.91,8.36,2.22,438,4.98
7498,노모어피자_피자_옥수수새우피자(R),225,25.5,11.91,8.36,2.22,668,4.98
7499,피자마루_피자_옥수수콘피자 (1인),284,28.98,12.5,12.08,2.81,249,6.43
7500,피자알볼로_피자_옥수수피자,218,22.24,8.99,9.27,2.15,500,6.9
7501,피자알볼로_피자_옥수수피자 (L),224,22.86,9.24,9.53,2.21,970,7.0
7502,피자알볼로_피자_옥수수피자 (R),221,22.55,10.79,9.4,2.18,540,7.0
7503,피자알볼로_피자_옥수수피자 (XL),224,22.86,9.25,9.53,2.21,1080,7.14
7504,피자와썹_피자_온리페퍼로니피자씬(L),413,42.14,18.69,17.57,4.08,100,0.26
7505,파파존스_피자_올미트 (F),253,25.82,12.74,10.76,2.5,100,3.75
7506,파파존스_피자_올미트 (L),254,25.92,13.12,10.8,2.51,793,4.04
7507,파파존스_피자_올미트 (P),253,25.82,13.26,10.76,2.5,100,3.69
7508,파파존스_피자_올미트 (R),253,25.82,13.01,10.76,2.5,438,4.11
7509,파파존스_피자_올미트 골드링 (F),269,27.45,15.02,11.44,2.66,100,5.78
7510,파파존스_피자_올미트 골드링 (L),269,27.45,14.68,11.44,2.66,100,6.05
7511,파파존스_피자_올미트 골드링 (P),269,27.45,14.96,11.44,2.66,100,5.88
7512,파파존스_피자_올미트 골드링 씬,281,28.67,13.46,11.95,2.78,100,4.1
7513,피자마루_피자_골드명란크림새우피자,266,27.14,13.0,11.31,2.63,916,5.18
7514,피자마루_피자_연유피자 (1인),309,31.53,15.64,13.14,3.05,184,3.52
7515,빽보이피자_피자_열탄불고기 피자 (L),234,30.91,13.09,9.95,2.31,877,6.36
7516,빽보이피자_피자_열탄불고기 피자 (R),234,30.92,13.03,9.95,2.31,605,6.32
7517,선명희피자_피자_옛날갈비 피자,252,24.11,14.18,10.72,2.49,1124,5.67
7518,고피자_피자_오리지널 페퍼로니 피자 (L),307,31.33,13.51,13.06,3.03,595,2.7
7519,고피자_피자_오리지널 페퍼로니피자,259,26.43,11.43,11.02,2.56,350,2.86
7520,피자헛_피자_오리지널슈프림 피자 마니아 에어도우 (L),247,25.2,11.8,10.51,2.44,977,2.7
7521,피자헛_피자_오리지널슈프림 피자 마니아 에어도우 (M),203,20.71,9.68,8.63,2.01,566,2.29
7522,피자헛_피자_오리지널슈프림 피자 마니아 파마산엣지 (L),206,21.02,10.0,8.76,2.04,1001,2.48
7523,피자헛_피자_오리지널슈프림 피자 마니아 파마산엣지 (M),207,21.12,10.21,8.81,2.05,580,2.23
7524,빽보이피자_피자_오마이갓페퍼로니 피자 (L),332,28.48,18.61,14.12,3.28,635,2.53
7525,빽보이피자_피자_오마이갓페퍼로니 피자 (R),309,28.95,17.37,13.14,3.05,452,2.11
7526,피자스쿨_피자_오지치즈포테이토 피자,296,35.96,9.36,12.81,2.92,812,3.45
7527,피자스쿨_피자_오지치즈포테이토피자,285,29.08,11.86,12.12,2.82,860,3.45
7528,유로코피자_피자_오지치즈후라이 피자,255,26.02,13.47,10.85,2.52,1160,3.52
7529,고피자_피자_옥수수 크런치 피자,296,30.2,9.64,12.59,2.92,416,4.82
7530,고피자_피자_옥수수 크런치 피자 (L),308,31.43,14.29,13.1,3.04,618,2.6
7531,피자알볼로_피자_옥수수 피자 (L),222,22.65,8.89,9.44,2.19,1080,7.0
7532,피자알볼로_피자_야채피자 (XL),223,22.76,11.92,9.49,2.2,930,4.96
7533,피자헛_피자_얌얌페페로니 피자,331,33.78,15.14,14.08,3.27,428,2.8
7534,오르새피자_피자_양송이더블불고 피자 (L),233,23.78,14.1,9.91,2.3,780,2.56
7535,피자알볼로_피자_어깨 피자 (L),283,28.88,16.67,12.04,2.8,970,3.0
7536,피자알볼로_피자_어깨 피자 (R),277,28.27,15.52,11.78,2.74,640,7.42
7537,피자알볼로_피자_어께피자 (L),278,28.37,15.6,11.83,2.75,994,1.73
7538,피자알볼로_피자_어께피자 (R),277,28.27,15.53,11.78,2.74,640,1.72
7539,피자알볼로_피자_어께피자 (XL),280,28.57,15.04,11.91,2.77,1044,2.01
7540,업텐브로피자_피자_어니언불고기 피자 (L),276,28.16,22.0,11.74,2.73,1201,5.0
7541,비토랩_피자_언더더씨 피자 (L),255,26.02,15.83,10.85,2.52,1110,4.39
7542,비토랩_피자_언더더씨 피자 (R),256,26.12,15.83,10.89,2.53,720,4.33
7543,피자에땅_피자_언양식 매콤 불고기 피자 (L),292,29.8,14.56,12.42,2.89,822,3.88
7544,피자에땅_피자_언양식매콤불고기 (L),295,30.1,16.0,12.55,2.92,802,5.0
7545,피자헛_피자_얼티밋 콤비네이션크래프티드 플래츠 (P),257,26.22,11.96,10.93,2.54,317,3.35
7546,피제이피자_피자_에그머니나 피자 (L),276,28.16,13.27,11.74,2.73,797,7.34
7547,청년피자_피자_에그콘 피자 (L),237,24.18,9.0,10.08,2.34,1277,6.0
7548,노모어피자_피자_에멘탈머쉬룸피자(L),246,25.76,14.08,9.66,2.43,1040,4.23
7549,노모어피자_피자_에멘탈머쉬룸피자(P),246,25.76,14.08,9.66,2.43,400,4.23
7550,노모어피자_피자_에멘탈머쉬룸피자(R),246,25.76,14.08,9.66,2.43,670,4.23
7551,피자플래넷_피자_야채 피자 (L),202,20.61,2.29,8.59,2.0,985,2.48
7552,피자애_피자_야채 피자 (L),322,32.86,6.59,13.7,3.18,680,3.53
7553,킹스타피자_피자_야채 피자 (M),213,21.73,12.62,9.06,2.1,526,4.73
7554,피자알볼로_피자_야채 피자 (R),223,22.76,12.31,9.49,2.2,520,4.62
7555,봉수아피자_피자_야채 피자 (XL),218,22.24,14.84,9.27,2.15,1010,1.11
7556,난타5000피자_피자_야채 피자 (XL),272,27.76,16.77,11.57,2.69,1004,4.19
7557,피자헛_피자_야채 피자 리치골드 (M),238,24.29,11.09,10.12,2.35,603,4.75
7558,피자헛_피자_야채 피자 리치골드(L),243,24.8,11.04,10.34,2.4,1080,4.07
7559,봉수아피자_피자_야채(R),164,16.73,11.17,6.98,1.62,667,2.88
7560,봉수아피자_피자_야채(XL),219,22.35,14.84,9.32,2.16,1010,1.11
7561,피자스쿨_피자_야채퀘사디아 피자,249,31.16,13.07,8.04,2.46,797,4.02
7562,피자스쿨_피자_야채퀘사디아피자,232,23.67,11.3,9.87,2.29,797,4.02
7563,피자파는집_피자_야채킹 피자 밀도우 (L),108,11.02,5.38,4.59,1.07,870,0.97
7564,피자파는집_피자_야채킹 피자 밀도우 (R),72,7.35,3.57,3.06,0.71,560,0.64
7565,피자파는집_피자_야채킹 피자 씬도우 (L),108,11.02,5.37,4.59,1.07,660,0.98
7566,피자파는집_피자_야채킹 피자 씬도우 (R),72,7.35,3.58,3.06,0.71,460,0.65
7567,선명희피자_피자_야채피자,230,23.47,12.71,9.78,2.27,940,4.24
7568,피자알볼로_피자_야채피자 (L),223,22.76,11.84,9.49,2.2,740,4.83
7569,피자알볼로_피자_야채피자 (R),223,22.76,11.76,9.49,2.2,414,4.62
7570,서오릉피자_피자_알로하크림새우 씬 (R),245,25.0,10.98,10.42,2.42,495,3.66
7571,서오릉피자_피자_알로하크림새우 피자 씬 (L),271,27.65,10.8,11.53,2.68,100,3.7
7572,서오릉피자_피자_알로하크림새우 피자 씬 (R),270,27.55,11.15,11.48,2.67,100,3.44
7573,비토랩_피자_알바의실수 피자 (L),253,25.82,15.38,10.76,2.5,1140,1.47
7574,비토랩_피자_알바의실수 피자 (R),253,25.82,15.29,10.76,2.5,940,1.46
7575,유로코피자_피자_앵거스 비프 랍스타 피자,231,23.57,13.12,9.83,2.28,997,5.05
7576,피자플래넷_피자_야무진4자매 피자 (L),238,24.29,4.74,10.12,2.35,936,3.37
7577,서오릉피자_피자_야심반반 (L),227,23.16,9.92,9.66,2.24,964,3.82
7578,서오릉피자_피자_야심반반 (R),230,23.47,10.91,9.78,2.27,605,3.64
7579,서오릉피자_피자_야심반반 피자 (L),245,25.0,10.98,10.42,2.42,100,4.24
7580,서오릉피자_피자_야심반반 피자 (R),247,25.2,11.19,10.51,2.44,100,4.25
7581,선명희피자_피자_야채 피자,230,28.81,12.71,9.78,2.27,940,4.24
7582,또래오래_피자_야채 피자,172,17.55,7.29,7.32,1.7,100,3.29
7583,오구쌀피자_피자_야채 피자 (L),223,22.76,11.52,9.49,2.2,658,6.06
7584,청년피자_피자_야채 피자 (L),278,28.37,13.19,11.83,2.75,800,2.58
7585,킹스타피자_피자_야채 피자 (L),208,21.22,10.86,8.85,2.06,735,5.06
7586,피자알볼로_피자_야채 피자 (L),218,22.24,11.54,9.27,2.15,930,4.83
7587,피제이피자_피자_야채 피자 (L),256,28.77,12.91,6.93,2.53,920,6.05
7588,난타5000피자_피자_야채 피자 (L),281,35.76,14.5,8.87,2.78,502,4.0
7589,피자마루_피자_골드레드콘피자,243,24.8,12.19,10.34,2.4,1004,4.68
7590,피굽남피자_피자_알고구마 피자 (L),259,26.43,9.25,11.02,2.56,823,9.71
7591,피자헛_피자_알로아 하와이 피자 오리지널 (L),255,26.02,11.29,10.85,2.52,814,6.34
7592,피자헛_피자_알로아 하와이 피자 오리지널 (M),260,26.53,11.87,11.06,2.57,466,6.13
7593,피자헛_피자_알로아 하와이 피자 오리지널 파마산 치즈 (L),261,26.63,11.92,11.1,2.58,836,6.15
7594,피자헛_피자_알로아 하와이 피자 오리지널 파마산 치즈 (M),265,27.04,12.5,11.27,2.62,480,5.94
7595,피자헛_피자_알로하 하와이 피자 씬 (L),283,28.88,12.05,12.04,2.8,531,8.48
7596,피자헛_피자_알로하 하와이 피자 팬 (L),283,28.88,10.19,12.04,2.8,869,6.02
7597,피자헛_피자_알로하 하와이리치골드 (L),243,24.8,10.35,10.34,2.4,1153,5.76
7598,피자헛_피자_알로하 하와이리치골드 (M),251,25.61,10.92,10.68,2.48,717,6.05
7599,피자헛_피자_알로하 하와이씬 (L),260,26.53,10.76,11.06,2.57,525,8.02
7600,피자헛_피자_알로하 하와이오리지널 (L),234,23.88,10.36,9.95,2.31,782,6.1
7601,피자헛_피자_알로하 하와이오리지널 (M),241,24.59,10.79,10.25,2.38,492,5.55
7602,피자헛_피자_알로하 하와이치즈크러스트 (L),240,24.49,10.97,10.21,2.37,994,4.68
7603,피자헛_피자_알로하 하와이치즈크러스트 (M),250,25.51,11.9,10.63,2.47,602,4.5
7604,피자헛_피자_알로하 하와이치즈크러스트 골드 (L),246,25.1,11.49,10.46,2.43,1026,4.53
7605,피자헛_피자_알로하 하와이치즈크러스트 골드 (M),255,26.02,12.43,10.85,2.52,620,4.37
7606,피자헛_피자_알로하 하와이팬 (L),271,27.65,9.44,11.53,2.68,863,5.7
7607,서오릉피자_피자_알로하크림새우 씬 (L),243,24.8,10.42,10.34,2.4,766,3.13
7608,파파존스_피자_아이리쉬 포테이토 피자 골드링씬 (F),269,27.45,10.23,11.44,2.66,1017,3.93
7609,파파존스_피자_아이리쉬 포테이토 피자 씬 (F),263,26.84,9.61,11.19,2.6,833,1.92
7610,파파존스_피자_아이리쉬 포테이토 피자 오리지널 (F),241,24.59,9.64,10.25,2.38,100,3.71
7611,파파존스_피자_아이리쉬 포테이토 피자 오리지널 (L),241,24.59,8.97,10.25,2.38,802,2.99
7612,파파존스_피자_아이리쉬 포테이토 피자 오리지널 (P),241,24.59,9.48,10.25,2.38,100,3.64
7613,파파존스_피자_아이리쉬 포테이토 피자 오리지널 (R),242,24.69,9.47,10.29,2.39,100,3.38
7614,파파존스_피자_아이리쉬 포테이토 피자 치즈롤 (F),245,25.0,10.75,10.42,2.42,100,2.26
7615,파파존스_피자_아이리쉬 포테이토 피자 치즈롤 (L),245,25.0,10.85,10.42,2.42,958,2.5
7616,파파존스_피자_아이리쉬 포테이토 피자 치즈롤 (P),245,25.0,10.67,10.42,2.42,100,2.25
7617,파파존스_피자_아이리쉬포테이토 (R),241,24.59,9.46,10.25,2.38,443,3.38
7618,피자스쿨_피자_아이리쉬포테이토 피자,234,34.58,9.66,6.25,2.31,705,3.98
7619,파파존스_피자_아이리쉬포테이토 피자 (F),241,24.59,9.63,10.25,2.38,1079,3.7
7620,파파존스_피자_아이리쉬포테이토 피자 (L),242,24.69,9.0,10.29,2.39,802,3.0
7621,파파존스_피자_아이리쉬포테이토 피자 (P),242,24.69,9.49,10.29,2.39,1372,3.65
7622,파파존스_피자_아이리쉬포테이토 피자 (R),241,24.59,9.46,10.25,2.38,443,3.38
7623,피자스쿨_피자_아이리쉬포테이토피자,233,23.78,9.51,9.91,2.3,704,3.98
7624,피자는치즈빨_피자_안녕하새우 피자 (L),248,25.31,13.95,10.55,2.45,1032,4.65
7625,피자는치즈빨_피자_안녕하새우 피자 (M),250,25.51,14.55,10.63,2.47,660,5.45
7626,파파존스_피자_아이리쉬 포테이토 (F),241,24.59,9.64,10.25,2.38,100,3.71
7627,파파존스_피자_아이리쉬 포테이토 (L),241,24.59,8.97,10.25,2.38,802,2.99
7628,파파존스_피자_아이리쉬 포테이토 (P),241,24.59,9.48,10.25,2.38,100,3.65
7629,파파존스_피자_아이리쉬 포테이토 골드링 (F),269,27.45,9.71,11.44,2.66,100,5.14
7630,파파존스_피자_아이리쉬 포테이토 골드링 (L),269,27.45,9.99,11.44,2.66,881,5.45
7631,파파존스_피자_아이리쉬 포테이토 골드링 (P),269,27.45,9.51,11.44,2.66,100,5.28
7632,파파존스_피자_아이리쉬 포테이토 골드링 씬,269,27.45,10.23,11.44,2.66,1017,3.93
7633,파파존스_피자_아이리쉬 포테이토 스파이시 갈릭 치즈롤 (F),255,26.02,11.05,10.85,2.52,100,2.91
7634,파파존스_피자_아이리쉬 포테이토 스파이시 갈릭 치즈롤 (L),255,26.02,10.58,10.85,2.52,1058,3.02
7635,파파존스_피자_아이리쉬 포테이토 스파이시 갈릭 치즈롤 (P),255,26.02,11.03,10.85,2.52,100,2.9
7636,파파존스_피자_아이리쉬 포테이토 씬,263,26.84,9.61,11.19,2.6,833,1.92
7637,파파존스_피자_아이리쉬 포테이토 치즈롤 (F),245,25.0,10.75,10.42,2.42,100,2.26
7638,파파존스_피자_아이리쉬 포테이토 치즈롤 (L),245,25.0,10.85,10.42,2.42,958,2.5
7639,파파존스_피자_아이리쉬 포테이토 치즈롤 (P),245,25.0,10.67,10.42,2.42,100,2.25
7640,파파존스_피자_아이리쉬 포테이토 크루아상,287,29.29,9.57,12.21,2.84,100,2.53
7641,파파존스_피자_아이리쉬 포테이토 피자 골드링 (F),269,27.45,9.71,11.44,2.66,100,5.14
7642,파파존스_피자_아이리쉬 포테이토 피자 골드링 (L),269,27.45,9.99,11.44,2.66,881,5.45
7643,파파존스_피자_아이리쉬 포테이토 피자 골드링 (P),269,27.45,9.51,11.44,2.66,100,5.28
7644,피자마루_피자_골드돼지불백피자,268,27.35,14.4,11.4,2.65,873,4.69
7645,지정환피자_피자_아시아고밀스크린치즈크러스트(L),252,25.71,13.04,10.72,2.49,100,3.86
7646,지정환피자_피자_아시아고밀스크린치즈크러스트(R),245,25.0,13.07,10.42,2.42,100,4.0
7647,지정환피자_피자_아시아고백미스크린(L),256,26.12,12.71,10.89,2.53,100,7.46
7648,지정환피자_피자_아시아고백미스크린(R),251,25.61,12.64,10.68,2.48,100,7.44
7649,지정환피자_피자_아시아고백미치즈크러스트(L),245,25.0,13.04,10.42,2.42,100,6.86
7650,지정환피자_피자_아시아고백미치즈크러스트(R),239,24.39,13.06,10.17,2.36,100,6.68
7651,지정환피자_피자_아시아고씬(L),272,27.76,13.64,11.57,2.69,520,4.89
7652,지정환피자_피자_아시아고씬(R),273,27.86,13.32,11.61,2.7,303,4.97
7653,지정환피자_피자_아시아고체다크림크러스트(L),252,25.71,12.1,10.72,2.49,885,6.22
7654,지정환피자_피자_아시아고체다크림크러스트(R),253,25.82,11.89,10.76,2.5,100,6.28
7655,지정환피자_피자_아시아고치즈크러스트(L),247,25.2,13.1,10.51,2.44,880,3.98
7656,지정환피자_피자_아시아고치즈크러스트(R),246,25.1,12.96,10.46,2.43,100,3.97
7657,지정환피자_피자_아시아고팬(L),257,26.22,12.81,10.93,2.54,785,4.18
7658,지정환피자_피자_아시아고팬(R),257,26.22,12.58,10.93,2.54,100,4.21
7659,지정환피자_피자_아시아고흑미스크린(L),248,25.31,12.61,10.55,2.45,100,6.08
7660,지정환피자_피자_아시아고흑미스크린(R),244,24.9,12.54,10.38,2.41,100,6.16
7661,지정환피자_피자_아시아고흑미치즈크러스트(L),239,24.39,12.95,10.17,2.36,100,5.64
7662,지정환피자_피자_아시아고흑미치즈크러스트(R),233,23.78,12.98,9.91,2.3,100,5.59
7663,지정환피자_피자_아시아고 피자 백미스크린 (R),251,25.61,12.31,10.68,2.48,390,7.69
7664,지정환피자_피자_아시아고 피자 백미스크린치즈크러스트 (L),243,24.8,12.75,10.34,2.4,816,6.86
7665,지정환피자_피자_아시아고 피자 백미스크린치즈크러스트 (R),237,24.18,13.16,10.08,2.34,456,6.58
7666,지정환피자_피자_아시아고 피자 씬 (L),272,27.76,13.85,11.57,2.69,520,4.62
7667,지정환피자_피자_아시아고 피자 씬 (R),271,27.65,13.73,11.53,2.68,306,5.88
7668,지정환피자_피자_아시아고 피자 체다크림크러스트 (L),251,25.61,11.71,10.68,2.48,888,6.31
7669,지정환피자_피자_아시아고 피자 체다크림크러스트 (R),253,25.82,11.49,10.76,2.5,522,5.75
7670,지정환피자_피자_아시아고 피자 치즈크러스트 (L),245,25.0,12.73,10.42,2.42,880,3.64
7671,지정환피자_피자_아시아고 피자 치즈크러스트 (R),245,25.0,12.5,10.42,2.42,528,3.41
7672,지정환피자_피자_아시아고 피자 팬 (L),257,26.22,13.27,10.93,2.54,784,4.08
7673,지정환피자_피자_아시아고 피자 팬 (R),258,26.33,12.99,10.97,2.55,462,3.9
7674,지정환피자_피자_아시아고 피자 흑미스크린 (L),249,25.41,12.22,10.59,2.46,720,5.56
7675,지정환피자_피자_아시아고 피자 흑미스크린 (R),245,25.0,12.31,10.42,2.42,390,6.15
7676,지정환피자_피자_아시아고 피자 흑미스크린치즈크러스트 (R),233,23.78,13.16,9.91,2.3,456,5.26
7677,지정환피자_피자_아시아고고구마크러스트(L),250,25.51,11.55,10.63,2.47,880,5.64
7678,지정환피자_피자_아시아고고구마크러스트(R),250,25.51,11.33,10.63,2.47,100,5.69
7679,지정환피자_피자_아시아고밀스크린(L),263,26.84,12.73,11.19,2.6,100,4.06
7680,지정환피자_피자_아시아고밀스크린(R),258,26.33,12.65,10.97,2.55,100,4.29
7681,도미노피자_피자_아보카도 새우 피자 씬 (M),239,24.39,10.5,14.48,2.36,418,3.5
7682,도미노피자_피자_아보카도 새우 피자 오리지널 (L),232,26.55,10.9,9.1,2.29,1030,2.0
7683,도미노피자_피자_아보카도 새우 피자 오리지널 (M),226,26.49,10.0,8.69,2.23,634,2.6
7684,도미노피자_피자_아보카도 새우 피자 치즈버스트 나폴리 (L),231,23.57,11.9,12.15,2.28,1083,3.0
7685,도미노피자_피자_아보카도 새우 피자 치즈버스트 오리지널 (L),234,23.55,11.0,10.42,2.31,1268,2.0
7686,킹스타피자_피자_아보카도바이트 피자 (L),231,23.57,11.23,9.83,2.28,1044,7.85
7687,킹스타피자_피자_아보카도바이트 피자 (M),224,22.86,11.29,9.53,2.21,848,8.44
7688,지정환피자_피자_아시아고 피자 고구마크러스트 (L),250,25.51,11.82,10.63,2.47,880,5.45
7689,지정환피자_피자_아시아고 피자 고구마크러스트 (R),249,25.41,11.49,10.59,2.46,522,5.75
7690,지정환피자_피자_아시아고 피자 밀스크린 (L),262,26.73,12.77,11.14,2.59,752,4.26
7691,지정환피자_피자_아시아고 피자 밀스크린 (R),260,26.53,13.43,11.06,2.57,402,4.48
7692,지정환피자_피자_아시아고 피자 밀스크린고구마크러스트 (L),254,25.92,11.32,10.8,2.51,848,5.66
7693,지정환피자_피자_아시아고 피자 밀스크린고구마크러스트 (R),249,25.41,11.69,10.59,2.46,462,6.49
7694,지정환피자_피자_아시아고 피자 밀스크린체다크림크러스트 (L),258,26.33,12.26,10.97,2.55,848,6.6
7695,지정환피자_피자_아시아고 피자 밀스크린체다크림크러스트 (R),253,25.82,11.69,10.76,2.5,462,6.49
7696,지정환피자_피자_아시아고 피자 밀스크린치즈크러스트 (L),250,25.51,13.21,10.63,2.47,848,3.77
7697,지정환피자_피자_아시아고 피자 밀스크린치즈크러스트 (R),242,24.69,12.66,10.29,2.39,474,3.8
7698,지정환피자_피자_아시아고 피자 백미스크린 (L),256,26.12,12.22,10.89,2.53,720,7.78
7699,고피자_피자_아메리칸 치즈 피자,253,25.82,13.89,10.76,2.5,360,2.78
7700,고피자_피자_아메리칸 치즈 피자 (L),308,31.43,16.0,13.1,3.04,625,2.67
7701,피자스톰_피자_아메리칸 치즈 피자 (XL),271,27.65,15.71,11.53,2.68,736,3.93
7702,피자헤븐_피자_아메리칸스페셜 피자 (L),281,28.67,14.07,11.95,2.78,1080,3.7
7703,피자마루_피자_아메리칸체다피자,262,26.73,12.68,11.14,2.59,728,3.32
7704,피자마루_피자_아메리칸체다피자바이트,253,25.82,12.04,10.76,2.5,888,4.34
7705,도미노피자_피자_아보카도 새우 피자 나폴리 (L),223,22.16,10.7,10.13,2.2,830,1.7
7706,도미노피자_피자_아보카도 새우 피자 나폴리 (M),222,25.47,11.0,9.04,2.19,492,1.0
7707,도미노피자_피자_아보카도 새우 피자 더블치즈 엣지 (L),235,23.65,11.6,10.42,2.32,1187,1.0
7708,도미노피자_피자_아보카도 새우 피자 더블치즈 엣지 (M),242,23.36,12.0,11.1,2.39,748,2.0
7709,도미노피자_피자_아보카도 새우 피자 더블치즈 페퍼로니 엣지 (L),240,22.84,12.06,11.95,2.37,1227,0.97
7710,도미노피자_피자_아보카도 새우 피자 더블치즈 페퍼로니 엣지 (M),246,22.55,12.36,11.91,2.43,768,1.95
7711,도미노피자_피자_아보카도 새우 피자 슈퍼시드 화이버 버스트 오리지널 (L),273,25.26,13.12,10.14,2.7,1195,2.25
7712,도미노피자_피자_아보카도 새우 피자 슈퍼시드 화이버 오리지널 (L),226,28.18,10.6,7.89,2.23,1009,1.5
7713,도미노피자_피자_아보카도 새우 피자 슈퍼시드 화이버 오리지널 (M),238,28.47,10.9,8.93,2.35,615,2.0
7714,도미노피자_피자_아보카도 새우 피자 슈화 더블 치즈 페퍼로니 엣지 (L),274,24.13,13.64,10.99,2.71,1206,1.56
7715,도미노피자_피자_아보카도 새우 피자 슈화 더블 치즈 페퍼로니 엣지 (M),293,24.01,14.39,12.16,2.9,751,2.07
7716,도미노피자_피자_아보카도 새우 피자 씬 (L),236,24.08,11.0,14.0,2.33,630,3.0
7717,피자마루_피자_골드스테이크불갈비 피자 (L),263,26.84,15.0,11.19,2.6,955,4.87
7718,피자헛_피자_씨푸드킹 피자 프리미엄 오리지널 (M),216,22.04,11.8,9.19,2.13,567,4.34
7719,피자헛_피자_씨푸드킹 피자 프리첼 치즈 (M),229,23.37,9.75,9.74,2.26,735,7.38
7720,피자헛_피자_씨푸드킹리치골드 (L),224,22.86,10.91,9.53,2.21,1320,4.18
7721,피자헛_피자_씨푸드킹리치골드 (M),227,23.16,11.49,9.66,2.24,850,4.54
7722,피자헛_피자_씨푸드킹오리지널 (L),211,21.53,11.2,8.98,2.08,940,3.85
7723,피자헛_피자_씨푸드킹오리지널 (M),215,21.94,11.77,9.15,2.12,614,3.73
7724,피자헛_피자_씨푸드킹치즈크러스트 (L),219,22.35,11.45,9.32,2.16,1161,2.97
7725,피자헛_피자_씨푸드킹치즈크러스트 (M),222,22.65,12.3,9.44,2.19,734,3.03
7726,피자헛_피자_씨푸드킹치즈크러스트 골드 (L),224,22.86,11.88,9.53,2.21,1193,2.89
7727,피자헛_피자_씨푸드킹치즈크러스트 골드 (M),227,23.16,12.72,9.66,2.24,752,2.96
7728,피자알볼로_피자_아라비아따 바비큐가든 피자 (L),241,24.59,12.42,10.25,2.38,962,5.34
7729,피자알볼로_피자_아라비아따 바비큐가든 피자 (R),230,23.47,13.36,9.78,2.27,548,4.15
7730,고피자_피자_아메리칸 미트 피자,269,27.45,9.95,11.44,2.66,359,6.02
7731,비스트로피자_피자_아메리칸 미트볼 피자,487,55.46,26.92,17.31,4.81,415,9.62
7732,비스트로피자_피자_아메리칸 미트볼피자,267,27.24,15.63,11.36,2.64,510,9.62
7733,피자헛_피자_아메리칸 스페셜 피자 오리지널 (M),256,26.12,13.0,10.89,2.53,480,2.63
7734,피자헛_피자_아메리칸 스페셜 피자 오리지널 파마산 치즈 (M),263,26.84,13.66,11.19,2.6,493,2.56
7735,피자스톰_피자_아메리칸 치즈 (R),271,27.65,15.71,11.53,2.68,492,3.94
7736,난타5000피자_피자_골드스테이크 피자 (L),357,35.5,21.22,14.44,3.53,752,6.6
7737,맘스피자_피자_싸이피자씬도우 (M),314,32.04,15.64,13.36,3.1,550,4.06
7738,빅스타피자_피자_싹스리버거 피자,266,27.14,12.24,11.31,2.63,1567,4.59
7739,반올림피자_피자_쏘핫불고기 피자 (L),151,15.41,12.44,6.42,1.49,720,4.67
7740,피자탑_피자_쏘핫불고기 피자 (L),186,18.98,10.28,7.91,1.84,1045,3.66
7741,반올림피자_피자_쏘핫불고기 피자 (R),230,23.47,12.01,9.78,2.27,610,6.13
7742,피자파는집_피자_쏘핫불고기 피자 밀도우 (L),106,10.82,9.47,4.51,1.05,1090,4.4
7743,피자파는집_피자_쏘핫불고기 피자 밀도우 (R),70,7.14,6.31,2.98,0.69,688,2.94
7744,피자파는집_피자_쏘핫불고기 피자 씬도우 (L),106,10.82,9.48,4.51,1.05,880,4.42
7745,피자파는집_피자_쏘핫불고기 피자 씬도우 (R),70,7.14,6.32,2.98,0.69,588,2.95
7746,뽕뜨락피자_피자_쓰리고 피자 (L),209,21.33,13.42,8.89,2.07,1073,5.22
7747,뽕뜨락피자_피자_쓰리고 피자 (M),218,22.24,15.15,9.27,2.15,660,6.06
7748,청년피자_피자_씨푸드콘바스켓 피자 (L),276,28.16,10.4,11.74,2.73,1000,7.2
7749,피자헛_피자_씨푸드킹 피자 더블치즈크러스트 (L),228,23.27,12.9,9.7,2.25,1244,3.48
7750,피자헛_피자_씨푸드킹 피자 더블치즈크러스트 (M),231,23.57,13.62,9.83,2.28,780,3.54
7751,피자헛_피자_씨푸드킹 피자 리치골드 (L),226,23.06,11.06,9.61,2.23,1291,4.78
7752,피자헛_피자_씨푸드킹 피자 리치골드 M,229,23.37,11.62,9.74,2.26,820,5.15
7753,피자헛_피자_씨푸드킹 피자 프레첼 치즈 (L),226,23.06,9.39,9.61,2.23,1189,7.03
7754,피자헛_피자_씨푸드킹 피자 프리미엄 오리지널 (L),219,22.35,11.36,9.32,2.16,946,4.32
7755,파파존스_피자_식스 치즈 피자 오리지널 (P),273,27.86,11.85,11.61,2.7,100,4.56
7756,파파존스_피자_식스 치즈 피자 치즈 피자롤 (F),281,28.67,14.15,11.95,2.78,100,3.54
7757,파파존스_피자_식스 치즈 피자 치즈 피자롤 (L),282,28.78,14.12,12.0,2.79,100,3.77
7758,파파존스_피자_식스 치즈 피자 치즈 피자롤 (P),281,28.67,14.05,11.95,2.78,100,3.51
7759,파파존스_피자_식스치즈 (L),273,27.86,11.88,11.61,2.7,641,5.0
7760,파파존스_피자_식스치즈 피자 (F),271,27.65,12.04,11.53,2.68,863,4.63
7761,파파존스_피자_식스치즈 피자 (L),273,27.86,11.88,11.61,2.7,641,5.0
7762,파파존스_피자_식스치즈 피자 (P),272,27.76,11.82,11.57,2.69,1097,4.55
7763,피자에땅_피자_신세개 피자 (L),248,25.31,11.86,10.55,2.45,1062,4.24
7764,피자에땅_피자_신세개2021 (L),230,23.47,11.38,9.78,2.27,1104,4.88
7765,피자에땅_피자_신세개2021 피자 (L),237,24.18,11.32,10.08,2.34,1430,3.14
7766,피자에땅_피자_신세개피자 피자 (L),247,25.2,12.07,10.51,2.44,1042,5.17
7767,맘스피자_피자_싸이피자 (L),286,29.18,13.0,12.17,2.83,1030,4.51
7768,맘스피자_피자_싸이피자 (M),283,28.88,12.74,12.04,2.8,690,4.04
7769,맘스피자_피자_싸이피자 리치골드크러스트 (L),284,28.98,13.11,12.08,2.81,1230,4.04
7770,맘스피자_피자_싸이피자 리치골드크러스트 (M),282,28.78,12.86,12.0,2.79,790,3.73
7771,맘스피자_피자_싸이피자 씬도우 (L),336,34.29,15.48,14.29,3.32,802,4.16
7772,맘스피자_피자_싸이피자 치즈크러스트 (L),286,29.18,13.06,12.17,2.83,1130,4.17
7773,맘스피자_피자_싸이피자 치즈크러스트 (M),284,28.98,12.83,12.08,2.81,765,3.71
7774,피자마루_피자_골드스윗하새우 피자 (L),292,29.8,13.03,12.42,2.89,937,5.58
7775,파파존스_피자_식스 치즈 골드링 (L),289,29.49,13.89,12.29,2.86,100,6.95
7776,파파존스_피자_식스 치즈 골드링 (P),289,29.49,13.88,12.29,2.86,100,7.27
7777,파파존스_피자_식스 치즈 골드링 씬,302,30.82,13.03,12.85,2.98,100,5.07
7778,파파존스_피자_식스 치즈 스파이시 갈릭 치즈롤 (F),287,29.29,13.83,12.21,2.84,100,3.64
7779,파파존스_피자_식스 치즈 스파이시 갈릭 치즈롤 (L),288,29.39,14.34,12.25,2.85,100,3.82
7780,파파존스_피자_식스 치즈 스파이시 갈릭 치즈롤 (P),287,29.29,13.81,12.21,2.84,100,3.63
7781,파파존스_피자_식스 치즈 씬,304,31.02,13.2,12.93,3.0,100,1.89
7782,파파존스_피자_식스 치즈 치즈롤 (F),281,28.67,14.15,11.95,2.78,100,3.54
7783,파파존스_피자_식스 치즈 치즈롤 (L),282,28.78,14.12,12.0,2.79,100,3.77
7784,파파존스_피자_식스 치즈 치즈롤 (P),281,28.67,14.05,11.95,2.78,100,3.51
7785,파파존스_피자_식스 치즈 크루아상,324,33.06,12.43,13.78,3.2,100,3.54
7786,파파존스_피자_식스 치즈 피자 골드링 (F),289,29.49,14.3,12.29,2.86,100,7.15
7787,파파존스_피자_식스 치즈 피자 골드링 (L),289,29.49,13.89,12.29,2.86,100,6.94
7788,파파존스_피자_식스 치즈 피자 골드링 (P),289,29.49,13.88,12.29,2.86,100,7.27
7789,파파존스_피자_식스 치즈 피자 골드링씬 (F),302,30.82,13.02,12.85,2.98,100,5.07
7790,파파존스_피자_식스 치즈 피자 씬 (F),304,31.02,13.2,12.93,3.0,100,1.89
7791,파파존스_피자_식스 치즈 피자 오리지널 (F),272,27.76,12.06,11.57,2.69,100,4.64
7792,파파존스_피자_식스 치즈 피자 오리지널 (L),272,27.76,11.86,11.57,2.69,641,4.99
7793,피자마루_피자_골드불고기피자,253,25.82,11.33,10.76,2.5,935,4.27
7794,파파존스_피자_스파이시치킨랜치 피자 (R),279,28.47,10.94,11.87,2.76,384,3.91
7795,왕손피자_피자_스파이시페페로니 피자 (L),254,25.92,13.16,10.8,2.51,1100,3.56
7796,피자탑_피자_스파이시포테이토 피자 (L),185,18.88,8.2,7.87,1.83,1163,2.4
7797,유로코피자_피자_스팸맥앤치즈 피자,245,25.0,10.98,10.42,2.42,960,5.52
7798,피자마루_피자_스팸체다피자 (1인),261,26.63,12.73,11.1,2.58,328,1.91
7799,피자헛_피자_스페셜 포테이토 피자 오리지널 (M),276,28.16,11.34,11.74,2.73,472,2.87
7800,피자헛_피자_스페셜 포테이토 피자 오리지널 파마산 치즈 (M),280,28.57,11.98,11.91,2.77,486,2.78
7801,선명희피자_피자_스페셜콤비네이션 피자,216,24.03,11.69,9.19,2.13,1229,8.44
7802,선명희피자_피자_스페셜콤비네이션피자,216,22.04,11.69,9.19,2.13,1229,8.44
7803,피굽남피자_피자_시그니처 피자 (L),291,29.69,11.0,12.38,2.88,948,6.45
7804,굽네치킨_피자_시카고 딥디쉬 피자,299,25.77,11.66,12.72,2.95,100,4.29
7805,미스터피자_피자_시카고딥 피자 노엣지 (L),275,28.06,15.54,11.7,2.72,1090,2.73
7806,미스터피자_피자_시카고딥 피자 노엣지 (M),292,29.8,16.75,12.42,2.89,626,3.32
7807,미스터피자_피자_시카고딥 피자 노엣지 (R),338,34.49,17.75,14.38,3.34,675,2.96
7808,청년피자_피자_시크릿더블크런치 피자 (L),250,25.51,10.99,10.63,2.47,1205,6.95
7809,파파존스_피자_식스 치즈 (F),272,27.76,12.06,11.57,2.69,100,4.64
7810,파파존스_피자_식스 치즈 (P),273,27.86,11.85,11.61,2.7,100,4.56
7811,파파존스_피자_식스 치즈 골드링 (F),289,29.49,14.3,12.29,2.86,100,7.15
7812,피자마루_피자_골드불고기 피자 (L),253,25.82,11.32,10.76,2.5,935,4.27
7813,파파존스_피자_스파이시 치킨 랜치 피자 씬 (F),313,31.94,13.03,13.31,3.09,737,1.63
7814,파파존스_피자_스파이시 치킨 랜치 피자 오리지널 (F),279,28.47,11.14,11.87,2.76,100,3.43
7815,파파존스_피자_스파이시 치킨 랜치 피자 오리지널 (L),280,28.57,11.52,11.91,2.77,694,3.46
7816,파파존스_피자_스파이시 치킨 랜치 피자 오리지널 (P),280,28.57,10.95,11.91,2.77,100,3.37
7817,파파존스_피자_스파이시 치킨 랜치 피자 오리지널 (R),279,28.47,10.95,11.87,2.76,100,3.91
7818,파파존스_피자_스파이시 치킨 랜치 피자 치즈롤 (F),291,29.69,13.07,12.38,2.88,100,3.27
7819,파파존스_피자_스파이시 치킨 랜치 피자 치즈롤 (L),291,29.69,13.02,12.38,2.88,860,2.79
7820,파파존스_피자_스파이시 치킨 랜치 피자 치즈롤 (P),291,29.69,12.98,12.38,2.88,100,3.24
7821,피자스톰_피자_스파이시 치킨 하와이안 피자 (XL),230,23.47,13.78,9.78,2.27,1048,3.67
7822,피자탑_피자_스파이시살라미 피자 (L),195,19.9,10.14,8.29,1.93,1170,2.4
7823,파파존스_피자_스파이시이탈리안 (L),274,27.96,11.17,11.66,2.71,717,3.91
7824,파파존스_피자_스파이시이탈리안 피자 (F),273,27.86,10.74,11.61,2.7,965,4.13
7825,파파존스_피자_스파이시이탈리안 피자 (L),274,27.96,11.17,11.66,2.71,717,3.91
7826,파파존스_피자_스파이시이탈리안 피자 (P),273,27.86,11.38,11.61,2.7,1227,4.07
7827,파파존스_피자_스파이시치킨랜치 (R),279,28.47,10.94,11.87,2.76,384,3.91
7828,파파존스_피자_스파이시치킨랜치 피자 (F),279,28.47,11.11,11.87,2.76,934,3.42
7829,파파존스_피자_스파이시치킨랜치 피자 (L),279,28.47,11.49,11.87,2.76,694,3.45
7830,파파존스_피자_스파이시치킨랜치 피자 (P),279,28.47,10.92,11.87,2.76,1187,3.36
7831,파파존스_피자_스파이시 치킨 랜치 (L),280,28.57,11.52,11.91,2.77,694,3.46
7832,파파존스_피자_스파이시 치킨 랜치 (P),280,28.57,10.95,11.91,2.77,100,3.37
7833,파파존스_피자_스파이시 치킨 랜치 골드링 (F),277,28.27,15.19,11.78,2.74,100,5.95
7834,파파존스_피자_스파이시 치킨 랜치 골드링 (L),277,28.27,14.87,11.78,2.74,861,5.58
7835,파파존스_피자_스파이시 치킨 랜치 골드링 (P),277,28.27,15.26,11.78,2.74,100,5.5
7836,파파존스_피자_스파이시 치킨 랜치 골드링 씬,304,31.02,11.56,12.93,3.0,969,4.13
7837,파파존스_피자_스파이시 치킨 랜치 스파이시 갈릭 치즈롤 (F),296,30.2,12.77,12.59,2.92,100,3.36
7838,파파존스_피자_스파이시 치킨 랜치 스파이시 갈릭 치즈롤 (L),295,30.1,13.25,12.55,2.92,100,3.53
7839,파파존스_피자_스파이시 치킨 랜치 스파이시 갈릭 치즈롤 (P),295,30.1,13.42,12.55,2.92,100,3.36
7840,파파존스_피자_스파이시 치킨 랜치 씬,313,31.94,13.03,13.31,3.09,737,1.63
7841,파파존스_피자_스파이시 치킨 랜치 치즈롤 (F),291,29.69,13.07,12.38,2.88,100,3.27
7842,파파존스_피자_스파이시 치킨 랜치 치즈롤 (L),291,29.69,13.02,12.38,2.88,860,2.79
7843,파파존스_피자_스파이시 치킨 랜치 치즈롤 (P),291,29.69,12.98,12.38,2.88,100,3.25
7844,파파존스_피자_스파이시 치킨 랜치 크루아상,333,33.98,11.53,14.16,3.29,100,2.79
7845,파파존스_피자_스파이시 치킨 랜치 피자 골드링 (F),277,28.27,15.19,11.78,2.74,100,5.94
7846,파파존스_피자_스파이시 치킨 랜치 피자 골드링 (L),277,28.27,14.87,11.78,2.74,861,5.58
7847,파파존스_피자_스파이시 치킨 랜치 피자 골드링 (P),277,28.27,15.26,11.78,2.74,100,5.49
7848,파파존스_피자_스파이시 치킨 랜치 피자 골드링씬 (F),304,31.02,11.56,12.93,3.0,969,4.13
7849,파파존스_피자_스파이시 이탈리안 스파이시 갈릭 치즈롤 (P),289,29.49,13.0,12.29,2.86,100,3.25
7850,파파존스_피자_스파이시 이탈리안 씬,306,31.22,12.64,13.02,3.02,100,1.69
7851,파파존스_피자_스파이시 이탈리안 치즈롤 (F),283,28.88,12.65,12.04,2.8,100,3.16
7852,파파존스_피자_스파이시 이탈리안 치즈롤 (L),283,28.88,12.63,12.04,2.8,100,2.53
7853,파파존스_피자_스파이시 이탈리안 치즈롤 (P),283,28.88,12.56,12.04,2.8,100,3.14
7854,파파존스_피자_스파이시 이탈리안 크루아상,326,33.27,11.38,13.87,3.22,100,3.06
7855,파파존스_피자_스파이시 이탈리안 피자 골드링 (F),291,29.69,12.78,12.38,2.88,100,6.39
7856,파파존스_피자_스파이시 이탈리안 피자 골드링 (L),290,29.59,12.42,12.34,2.87,100,5.73
7857,파파존스_피자_스파이시 이탈리안 피자 골드링 (P),291,29.69,13.0,12.38,2.88,100,6.5
7858,파파존스_피자_스파이시 이탈리안 피자 골드링씬 (F),304,31.02,11.65,12.93,3.0,100,4.53
7859,파파존스_피자_스파이시 이탈리안 피자 씬 (F),306,31.22,12.64,13.02,3.02,100,1.68
7860,파파존스_피자_스파이시 이탈리안 피자 오리지널 (F),274,27.96,10.78,11.66,2.71,100,4.15
7861,파파존스_피자_스파이시 이탈리안 피자 오리지널 (L),274,27.96,11.16,11.66,2.71,717,3.91
7862,파파존스_피자_스파이시 이탈리안 피자 오리지널 (P),274,27.96,11.41,11.66,2.71,100,4.07
7863,파파존스_피자_스파이시 이탈리안 피자 치즈롤 (F),283,28.88,12.65,12.04,2.8,100,3.16
7864,파파존스_피자_스파이시 이탈리안 피자 치즈롤 (L),283,28.88,12.63,12.04,2.8,100,2.53
7865,파파존스_피자_스파이시 이탈리안 피자 치즈롤 (P),283,28.88,12.56,12.04,2.8,100,3.14
7866,파파존스_피자_스파이시 치킨 랜치 (F),279,28.47,11.14,11.87,2.76,100,3.43
7867,난타5000피자_피자_골드베이컨 피자 (L),378,44.99,17.15,14.4,3.74,816,6.6
7868,지정환피자_피자_스테이크세보래 피자 씬 (L),212,21.63,12.1,9.02,2.09,992,2.42
7869,지정환피자_피자_스테이크세보래 피자 씬 (R),211,21.53,11.11,8.98,2.08,594,3.03
7870,지정환피자_피자_스테이크세보래씬(L),212,21.63,11.69,9.02,2.09,992,2.57
7871,지정환피자_피자_스테이크세보래씬(R),212,21.63,11.61,9.02,2.09,100,2.57
7872,피자는치즈빨_피자_스테이크썰고갈릭 피자 (L),261,26.63,13.24,11.1,2.58,1088,6.62
7873,피자는치즈빨_피자_스테이크썰고갈릭 피자 (M),264,26.94,12.8,11.23,2.61,750,6.4
7874,피자스톰_피자_스톰콤비네이션 (R),304,31.02,16.91,12.93,3.0,565,3.72
7875,파스쿠찌_피자_스파이시 감자 포카챠,205,20.92,8.5,8.72,2.03,200,2.0
7876,뽕뜨락피자_피자_스파이시 쉬림프 피자 (L),224,22.86,12.84,9.53,2.21,980,4.43
7877,뽕뜨락피자_피자_스파이시 쉬림프 피자 (M),232,23.67,14.46,9.87,2.29,603,4.62
7878,파파존스_피자_스파이시 이탈리안 (F),274,27.96,10.78,11.66,2.71,100,4.15
7879,파파존스_피자_스파이시 이탈리안 (P),274,27.96,11.41,11.66,2.71,100,4.08
7880,파파존스_피자_스파이시 이탈리안 골드링 (F),291,29.69,12.78,12.38,2.88,100,6.39
7881,파파존스_피자_스파이시 이탈리안 골드링 (L),290,29.59,12.42,12.34,2.87,100,5.73
7882,파파존스_피자_스파이시 이탈리안 골드링 (P),291,29.69,13.0,12.38,2.88,100,6.5
7883,파파존스_피자_스파이시 이탈리안 골드링 씬,304,31.02,11.65,12.93,3.0,100,4.53
7884,파파존스_피자_스파이시 이탈리안 스파이시 갈릭 치즈롤 (F),289,29.49,13.01,12.29,2.86,100,3.25
7885,파파존스_피자_스파이시 이탈리안 스파이시 갈릭 치즈롤 (L),289,29.49,12.82,12.29,2.86,100,3.42
7886,피자와썹_피자_스윗고구마피자씬(L),357,36.43,10.45,15.19,3.53,100,6.08
7887,업텐브로피자_피자_스윗고르곤졸라 피자 (L),428,43.67,21.0,18.21,4.23,713,2.0
7888,뽕뜨락피자_피자_스윗꽃맛살 피자 (L),219,22.35,8.45,9.32,2.16,1041,6.91
7889,뽕뜨락피자_피자_스윗꽃맛살 피자 (M),231,23.57,9.68,9.83,2.28,641,6.87
7890,피자탑_피자_스윗베이컨고구마 피자 (L),197,20.1,10.69,8.38,1.95,1068,3.19
7891,선명희피자_피자_스윗크림파인피자,236,24.08,13.33,10.04,2.33,838,5.71
7892,피자탑_피자_스윗파인고구마 피자 (L),134,13.67,6.85,5.7,1.32,1315,3.0
7893,피자애_피자_스치새 피자 (L),276,28.16,6.79,11.74,2.73,875,4.13
7894,파파존스_피자_스타라이트 바질  (F),281,28.67,12.45,11.95,2.78,100,2.93
7895,파파존스_피자_스타라이트 바질  (L),281,28.67,11.82,11.95,2.78,812,2.96
7896,피자스쿨_피자_스테이크 피자,246,29.7,13.14,8.57,2.43,700,5.14
7897,피자애_피자_스테이크 피자 (L),272,27.76,6.0,11.57,2.69,884,4.91
7898,난타5000피자_피자_스테이크 피자 (L),287,30.97,17.82,10.2,2.84,452,4.14
7899,난타5000피자_피자_스테이크 피자 (XL),263,26.84,15.23,11.19,2.6,904,3.97
7900,피자마루_피자_스테이크불갈비 피자 (L),254,25.92,15.16,10.8,2.51,730,4.29
7901,피자마루_피자_스테이크불갈비 피자 바이트 (L),249,25.41,14.02,10.59,2.46,895,5.09
7902,피자마루_피자_스테이크불갈비피자,254,25.92,15.17,10.8,2.51,730,4.29
7903,피자마루_피자_스테이크불갈비피자바이트,249,25.41,14.02,10.59,2.46,895,5.09
7904,피자애_피자_스테이크새우 피자 (L),277,28.27,6.94,11.78,2.74,864,4.35
7905,난타5000피자_피자_골드베스트 피자 (L),266,32.46,10.34,10.51,2.63,810,5.06
7906,피자나라치킨공주_피자_스위트불고기(M),247,25.2,14.0,10.51,2.44,500,5.33
7907,비토랩_피자_스위트큐브 피자 (L),249,25.41,10.71,10.59,2.46,1120,4.93
7908,비토랩_피자_스위트큐브 피자 (R),250,25.51,10.53,10.63,2.47,800,4.96
7909,빅스타피자_피자_스위트크림&콘슈 시카고 피자,269,25.77,11.66,13.5,2.66,979,6.75
7910,피자플래넷_피자_스위티고구밍 피자 (L),186,18.98,3.38,7.91,1.84,1065,4.4
7911,미스터피자_피자_스윗고구마 1인피자,305,31.12,10.48,12.97,3.01,235,8.8
7912,피자탑_피자_스윗고구마 피자 (L),205,20.92,7.6,8.72,2.03,1035,5.09
7913,뽕뜨락피자_피자_스윗고구마 피자 (L),246,25.1,11.63,10.46,2.43,830,6.8
7914,뽕뜨락피자_피자_스윗고구마 피자 (M),255,26.02,13.1,10.85,2.52,511,7.09
7915,미스터피자_피자_스윗고구마 피자 오리진 (L),270,27.55,10.6,11.48,2.67,1086,6.98
7916,미스터피자_피자_스윗고구마 피자 오리진 (M),274,27.96,10.26,11.66,2.71,652,7.88
7917,미스터피자_피자_스윗고구마 피자 오리진 (R),220,22.45,13.9,9.36,2.17,682,1.07
7918,미스터피자_피자_스윗고구마 피자 치즈캡 (L),270,27.55,11.89,11.48,2.67,100,6.27
7919,미스터피자_피자_스윗고구마 피자 치즈캡 (M),273,27.86,11.93,11.61,2.7,100,6.87
7920,미스터피자_피자_스윗고구마 피자 치즈캡 (R),231,23.57,12.84,9.83,2.28,778,1.83
7921,노모어피자_피자_스윗고구마피자(L),247,28.3,11.19,9.85,2.44,1175,8.8
7922,노모어피자_피자_스윗고구마피자(P),247,28.3,11.19,9.85,2.44,435,8.8
7923,노모어피자_피자_스윗고구마피자(R),247,28.3,11.19,9.85,2.44,710,8.8
7924,난타5000피자_피자_골드바베큐필레 피자 (L),278,35.47,11.54,9.99,2.75,812,6.05
7925,피제이피자_피자_스나이퍼 피자 (L),232,23.67,10.4,9.87,2.29,1219,7.32
7926,피자와치킨의러브레터_피자_스노우고구마 피자,256,26.12,12.06,10.89,2.53,957,6.67
7927,고피자_피자_스리라차 슈림프 피자,250,25.51,8.01,10.63,2.47,397,7.45
7928,피자헛_피자_스모키미트 스페셜리치골드 (M),286,29.18,12.84,12.17,2.83,654,4.77
7929,피자헛_피자_스모키미트 스페셜오리지널 (M),271,27.65,12.63,11.53,2.68,468,3.33
7930,피자헛_피자_스모키미트 스페셜치즈크러스트 (M),291,29.69,14.26,12.38,2.88,544,2.82
7931,피자헛_피자_스모키미트 스페셜치즈크러스트 골드 (M),295,30.1,14.76,12.55,2.92,561,2.73
7932,피자알볼로_피자_스위트가든 피자 (L),231,23.57,12.31,9.83,2.28,1022,3.19
7933,피자알볼로_피자_스위트가든 피자 (R),239,24.39,12.8,10.17,2.36,540,3.28
7934,프레드피자_피자_스위트고구마 피자 (L),248,25.31,10.23,10.55,2.45,947,5.38
7935,비스트로피자_피자_스위트고구마 피자 오리지널 (M),256,27.45,11.5,8.28,2.53,680,6.19
7936,피굽남피자_피자_스위트고구마무스 피자 (L),289,29.49,9.45,12.29,2.86,803,8.0
7937,비스트로피자_피자_스위트고구마피자 오리지널,240,24.49,8.08,10.21,2.37,595,8.08
7938,프레드피자_피자_스위트고구마피자오리지널(L),238,24.29,10.09,10.12,2.35,920,5.62
7939,오구쌀피자_피자_스위트골드 피자 (L),209,21.33,13.93,8.89,2.07,802,6.47
7940,반올림피자_피자_스위트바질불고기 피자 (L),266,27.14,11.66,11.31,2.63,100,7.1
7941,피자나라치킨공주_피자_스위트불고기 피자 (L),247,25.2,14.0,10.51,2.44,712,5.33
7942,피자나라치킨공주_피자_스위트불고기(L),247,25.2,14.0,10.51,2.44,706,5.33
7943,7번가피자_피자_슈퍼콤비네이션 피자 치즈링 (G),284,28.98,17.22,12.08,2.81,1509,1.99
7944,7번가피자_피자_슈퍼콤비네이션 피자 치즈링 (L),284,28.98,16.83,12.08,2.81,808,1.98
7945,7번가피자_피자_슈퍼콤비네이션 피자 치즈링 (R),283,28.88,16.99,12.04,2.8,610,1.96
7946,피자파는집_피자_슈퍼콤비네이션 피자밀도우(L),113,11.53,7.63,4.81,1.12,860,0.93
7947,피자파는집_피자_슈퍼콤비네이션 피자밀도우(R),75,7.65,5.07,3.19,0.74,540,0.63
7948,피자파는집_피자_슈퍼콤비네이션 피자씬도우(L),113,11.53,7.63,4.81,1.12,650,0.94
7949,피자파는집_피자_슈퍼콤비네이션 피자씬도우(R),75,7.65,5.08,3.19,0.74,440,0.63
7950,비스트로피자_피자_슈퍼콤비네이션피자 오리지널,251,25.61,12.79,10.68,2.48,515,4.65
7951,노모어피자_피자_슈퍼콤비네이션피자(L),244,23.58,13.93,10.44,2.41,1179,2.71
7952,노모어피자_피자_슈퍼콤비네이션피자(P),244,23.58,13.93,10.44,2.41,100,2.71
7953,노모어피자_피자_슈퍼콤비네이션피자(R),244,23.58,13.93,10.44,2.41,100,2.71
7954,프레드피자_피자_슈퍼콤비네이션피자오리지널(L),271,27.65,14.88,11.53,2.68,675,4.19
7955,반올림피자_피자_슈퍼하와이안 피자 (L),246,25.1,10.76,10.46,2.43,100,6.92
7956,봉수아피자_피자_슈프림 피자 (XL),217,22.14,15.3,9.23,2.14,1072,2.39
7957,봉수아피자_피자_슈프림(R),162,16.53,11.53,6.89,1.6,708,1.87
7958,봉수아피자_피자_슈프림(XL),217,22.14,15.3,9.23,2.14,1072,2.39
7959,뽕뜨락피자_피자_슈프림콤비 피자 (L),240,24.49,11.31,10.21,2.37,800,6.19
7960,뽕뜨락피자_피자_슈프림콤비 피자 (M),252,25.71,12.74,10.72,2.49,492,6.45
7961,7번가피자_피자_슈퍼콤비네이션 피자 골드스윗 (G),293,29.9,15.43,12.46,2.9,1624,3.7
7962,7번가피자_피자_슈퍼콤비네이션 피자 골드스윗 (L),292,29.8,15.45,12.42,2.89,878,3.64
7963,7번가피자_피자_슈퍼콤비네이션 피자 골드스윗 (R),291,29.69,15.24,12.38,2.88,655,3.66
7964,7번가피자_피자_슈퍼콤비네이션 피자 리코타링 (G),295,30.1,15.65,12.55,2.92,1469,2.72
7965,7번가피자_피자_슈퍼콤비네이션 피자 리코타링 (L),294,30.0,15.74,12.51,2.91,788,3.05
7966,7번가피자_피자_슈퍼콤비네이션 피자 리코타링 (R),295,30.1,16.22,12.55,2.92,590,3.38
7967,피자파는집_피자_슈퍼콤비네이션 피자 밀도우 (L),113,11.53,7.63,4.81,1.12,860,0.93
7968,피자파는집_피자_슈퍼콤비네이션 피자 밀도우 (R),75,7.65,5.07,3.19,0.74,540,0.63
7969,7번가피자_피자_슈퍼콤비네이션 피자 석쇠 (G),291,29.69,16.28,12.38,2.88,1289,2.33
7970,7번가피자_피자_슈퍼콤비네이션 피자 석쇠 (L),291,29.69,16.28,12.38,2.88,688,2.33
7971,7번가피자_피자_슈퍼콤비네이션 피자 석쇠 (R),291,29.69,16.41,12.38,2.88,510,2.34
7972,피자파는집_피자_슈퍼콤비네이션 피자 씬도우 (L),113,11.53,7.63,4.81,1.12,650,0.94
7973,7번가피자_피자_슈퍼콤비네이션 피자 씬도우 (L),308,31.43,16.78,13.1,3.04,571,2.8
7974,피자파는집_피자_슈퍼콤비네이션 피자 씬도우 (R),75,7.65,5.08,3.19,0.74,440,0.63
7975,7번가피자_피자_슈퍼콤비네이션 피자 씬도우 (R),295,30.1,16.07,12.55,2.92,448,3.57
7976,7번가피자_피자_슈퍼콤비네이션 피자 씬바샤삭 (L),308,31.43,16.78,13.1,3.04,571,2.8
7977,7번가피자_피자_슈퍼콤비네이션 피자 씬바샤삭 (R),295,30.1,16.07,12.55,2.92,448,3.57
7978,비스트로피자_피자_슈퍼콤비네이션 피자 오리지널 (M),301,33.64,14.13,14.5,2.97,550,5.43
7979,배스킨라빈스_아이스크림_뉴욕치즈 케이크 아이스크림,257,29.57,5.22,13.04,3.37,115,20.0
7980,배스킨라빈스_아이스크림_뉴욕치즈 케이크 아이스크림 레디팩,196,29.27,3.48,7.31,2.57,100,15.17
7981,배스킨라빈스_아이스크림_뉴욕치즈케이크,239,35.69,3.48,8.91,3.14,115,18.26
7982,츄러스1500_아이스크림_뉴욕치즈케이크아츄,382,47.63,6.18,18.17,5.02,317,23.88
7983,배스킨라빈스_아이스크림_다크 초코 나이트 아이스크림,302,33.91,4.35,16.52,3.97,115,25.22
7984,카페띠아모_아이스크림_다크초코렛 젤라또,168,25.09,3.7,6.26,2.21,100,25.7
7985,카페베네_아이스크림_다크초콜릿 (더블),196,29.27,3.89,7.31,2.57,180,20.56
7986,카페베네_아이스크림_다크초콜릿 (싱글),196,29.27,3.33,7.31,2.57,90,20.0
7987,빽다방_아이스크림_달고나크런치 아이스크림,174,25.99,1.96,6.49,2.28,250,24.2
7988,요거트아이스크림의정석_아이스크림_달달자몽의 정석,159,32.35,2.06,2.35,2.09,340,24.12
7989,요거트아이스크림의정석_아이스크림_달콤과일의 정석,136,22.6,2.0,4.4,1.79,500,18.0
7990,요거트아이스크림의정석_아이스크림_달콤멜론볼의 정석,175,26.85,1.84,6.58,2.3,380,21.06
7991,요거트아이스크림의정석_아이스크림_달콤모닝의 정석,205,43.75,2.0,2.5,2.69,400,26.0
7992,요거트아이스크림의정석_아이스크림_달콤청포도의 정석,147,30.97,1.94,1.52,1.93,310,22.91
7993,카페띠아모_아이스크림_더블 초코 바나나 젤라또,188,28.08,3.9,7.01,2.47,100,25.7
7994,츄러스1500_아이스크림_데코콘 아이스크림,323,49.9,5.31,11.33,4.24,98,10.31
7995,배스킨라빈스_아이스크림_두바이스타일 초코 통통,216,32.26,4.35,8.05,2.84,115,19.13
7996,배스킨라빈스_아이스크림_디노 젤리,223,33.3,3.48,8.31,2.93,115,21.74
7997,배스킨라빈스_아이스크림_그린티,213,31.81,4.35,7.94,2.8,115,17.39
7998,배스킨라빈스_아이스크림_그린티 아이스크림,213,23.48,4.35,11.3,2.8,115,17.39
7999,커피마마_아이스크림_그린티 아이스크림,230,34.35,4.2,8.58,3.02,100,21.2
8000,카페띠아모_아이스크림_그린티 젤라또,161,24.04,4.0,6.0,2.11,100,23.7
8001,카페띠아모_아이스크림_그린티 티라미수 젤라또,178,26.58,4.4,6.64,2.34,100,23.2
8002,요거프레소_아이스크림_그린티 티라미스크림,420,62.72,5.91,15.66,5.52,117,22.81
8003,이디야_아이스크림_꿀 인절미 아이스크림,193,28.82,3.25,7.2,2.53,154,19.48
8004,카페띠아모_아이스크림_꿀 자몽 젤라또,143,21.36,1.3,5.33,1.88,100,27.7
8005,배스킨라빈스_아이스크림_끼리크림치즈앤스트로베리 아이스크림 레디팩,216,32.26,4.38,8.05,2.84,100,17.0
8006,배스킨라빈스_아이스크림_나는 딸기치오,208,31.06,3.48,7.76,2.73,115,20.0
8007,배스킨라빈스_아이스크림_나주배 소르베,115,17.17,0.0,4.29,1.51,115,20.87
8008,배스킨라빈스_아이스크림_내가 아인슈페너,217,32.41,3.48,8.09,2.85,115,22.61
8009,배스킨라빈스_아이스크림_너 T(tea)야,225,33.6,4.35,8.39,2.95,115,26.09
8010,배스킨라빈스_아이스크림_너는 참 달고나,223,33.3,3.48,8.31,2.93,115,21.74
8011,배스킨라빈스_아이스크림_너는참달고나 아이스크림 레디팩,178,26.58,2.85,6.64,2.34,100,16.99
8012,요거트아이스크림의정석_아이스크림_넛츠리 아사이볼,179,25.08,3.18,7.62,2.35,315,9.84
8013,빽다방_아이스크림_노말한소프트 아이스크림,148,22.1,1.78,5.52,1.94,225,8.89
8014,츄러스1500_아이스크림_녹차 아이스크림,313,51.75,4.27,10.1,4.11,103,22.14
8015,배스킨라빈스_아이스크림_31 올스타 아이스크림,253,30.43,3.48,13.04,3.32,115,23.48
8016,배스킨라빈스_아이스크림_31요거트,172,25.69,4.35,6.41,2.26,115,22.61
8017,배스킨라빈스_아이스크림_31요거트 아이스크림,172,26.96,4.35,5.22,2.26,115,22.61
8018,배스킨라빈스_아이스크림_Lessly Edition 민트 초콜릿 칩,117,17.47,3.48,4.36,1.54,115,12.17
8019,배스킨라빈스_아이스크림_Lessly Edition 아몬드 봉봉,141,21.06,4.35,5.26,1.85,115,15.65
8020,배스킨라빈스_아이스크림_Lessly Edition 엄마는 외계인,136,20.31,4.35,5.07,1.79,115,12.17
8021,배스킨라빈스_아이스크림_Lessly Edition 초코나무 숲,127,18.97,4.35,4.74,1.67,115,11.31
8022,배스킨라빈스_아이스크림_Lessly Edition 초콜릿,133,19.86,5.22,4.96,1.75,115,11.31
8023,요거트아이스크림의정석_아이스크림_골드과일의 정석,130,21.59,2.23,3.97,1.71,403,19.35
8024,배스킨라빈스_아이스크림_골든 애플 요거트,153,22.85,1.74,5.7,2.01,115,26.09
8025,배스킨라빈스_아이스크림_구름 속 시나모롤 아이스크림,233,31.3,3.48,10.43,3.06,115,21.74
8026,요거프레소_아이스크림_구슬아이스크림 초코바닐라,166,24.79,3.0,6.19,2.18,100,14.0
8027,요거프레소_아이스크림_구슬아이스크림 캔디프로스,151,22.55,4.0,5.63,1.98,100,9.0
8028,요거트아이스크림의정석_아이스크림_그레이프베리 아사이볼,152,33.79,1.72,2.76,2.0,290,16.9
8029,요거트아이스크림의 정석_아이스크림_그릭요거트,135,7.45,6.67,8.77,1.77,100,2.29
8030,요거트아이스크림의정석_아이스크림_그릭통통 복숭아,117,16.41,2.82,4.62,1.54,390,10.26
8031,아귀 매운탕,37,3.64,4.6,0.68,1.1,100,1.06
8032,아귀지리,21,0.89,3.97,0.13,0.3,100,0.2
8033,아귀찜,30,2.19,4.1,0.69,0.9,100,0.65
8034,GS 리테일 심플리쿡_아귀찜_간편조리세트_쫀득쫀득아귀찜,77,6.37,6.68,2.79,1.0,1557,1.67
8035,아욱 된장국,12,1.89,1.0,0.22,1.0,100,0.2
8036,아욱 된장국_건새우,19,2.84,1.7,0.37,1.4,100,0.43
8037,쑥갓나물_두부,33,2.23,3.1,1.48,1.9,100,0.03
8038,쑥갓나물_모듬채소,25,2.11,2.1,1.16,1.7,100,0.1
8039,쑥갓나물_소금,26,3.27,1.8,1.09,2.3,100,0.08
8040,쑥갓나물무침,64,4.4,3.0,3.8,3.9,150,0.2
8041,쑥갓무침,40,4.01,2.5,1.96,2.8,100,0.24
8042,쑥갓오이무침,37,5.58,1.9,1.06,1.9,100,0.39
8043,쑥떡,249,57.89,3.36,0.4,2.4,100,10.72
8044,쑥전(부침개),127,13.44,4.8,6.29,4.6,100,0.02
8045,쑥튀김,234,19.95,6.6,13.71,2.3,100,0.09
8046,씀바귀나물,38,6.54,1.5,1.11,1.9,100,1.87
8047,씀바귀나물무침,97,16.57,3.87,1.73,5.2,90,1.28
8048,아구탕,41,2.13,6.3,0.82,1.1,600,0.3
8049,피자마루_피자_치즈크러스트바베큐치킨피자,249,25.41,13.52,10.59,2.46,736,5.37
8050,쑥 된장국,25,2.81,2.2,0.72,1.6,100,0.57
8051,쑥갓나물,19,1.85,1.3,0.95,1.5,100,0.1
8052,쑥갓나물_고춧가루,45,4.37,2.7,2.31,2.8,100,0.32
8053,쌀밥,120,25.79,2.2,0.34,0.6,100,0.16
8054,쌀죽(흰죽),53,11.45,0.99,0.15,0.0,100,0.0
8055,쌀죽(흰죽)_삼광,53,11.51,0.89,0.1,0.0,100,0.0
8056,쌀죽(흰죽)_새일미,55,11.72,1.09,0.17,0.0,100,0.0
8057,쌀죽(흰죽)_신동진,53,11.42,0.96,0.15,0.0,100,0.0
8058,쌀죽(흰죽)_오대,52,11.16,1.02,0.18,0.0,100,0.0
8059,쌀죽(흰죽)_칠분도미,68,15.6,1.1,0.2,0.2,100,0.1
8060,쌈장,142,20.14,6.5,4.55,5.2,100,8.64
8061,소고기스튜,187,9.23,10.1,11.65,1.9,100,2.31
8062,뚜레쥬르_식빵_흑미로운찹쌀식빵(중),297,44.04,9.09,10.66,2.93,264,4.92
8063,식빵튀김,262,37.0,6.0,9.92,2.4,100,6.8
8064,쌀국수,66,12.66,2.2,0.77,0.6,100,0.36
8065,뚜레쥬르_식빵_착한빵식통밀식빵,292,43.29,8.39,10.48,2.88,489,12.07
8066,파리바게뜨_식빵_찰~토스트식빵,240,35.58,8.0,8.62,2.37,550,5.82
8067,뚜레쥬르_식빵_촉촉쫄깃탕종식빵,249,36.92,7.66,8.94,2.46,470,5.96
8068,파리바게뜨_식빵_촉촉함은 담은 쫄깃한 식빵,280,41.51,9.0,10.05,2.77,430,2.0
8069,파리바게뜨_식빵_촉촉함을 담은 쫄깃한 식빵,280,47.0,9.0,6.0,2.77,430,2.0
8070,뚜레쥬르_식빵_카라멜러스크,385,57.08,5.13,13.82,3.8,78,16.67
8071,롤링핀_식빵_카야넛 쌀식빵,333,49.5,10.2,10.5,3.29,210,8.4
8072,롤링핀_식빵_크랜베리캄파뉴 식빵,271,47.7,7.1,5.7,2.68,300,8.1
8073,롤링핀_식빵_통밀 씨드 식빵,336,41.5,12.1,13.5,3.32,280,3.8
8074,식빵_통밀식빵,279,48.64,9.33,5.26,5.0,100,4.49
8075,따삐오_식빵_통밤가득밤 식빵,333,49.37,10.0,11.96,3.29,318,9.0
8076,파리바게뜨_식빵_파란라벨 쫄깃담백루스틱,256,37.96,8.87,9.19,2.53,203,1.48
8077,파리바게뜨_식빵_파란라벨 크랜베리호밀깜빠뉴,263,38.99,10.0,9.44,2.6,240,8.33
8078,파리바게뜨_식빵_파란라벨 통곡물깜빠뉴,316,46.85,10.0,11.34,3.12,250,7.6
8079,따삐오_식빵_페스트리 식빵,335,49.67,8.0,12.03,3.31,376,1.0
8080,롤링핀_식빵_피칸시나몬롤,238,35.29,9.0,8.54,2.35,100,13.0
8081,뚜레쥬르_식빵_한장씩뜯어먹는32겹브레드,466,69.09,8.52,16.73,4.6,176,10.8
8082,뚜레쥬르_식빵_호박패스트리식빵,345,51.15,8.66,12.39,3.41,358,11.17
8083,뚜레쥬르_식빵_흑미로운찹쌀식빵(대),299,44.33,9.14,10.73,2.95,394,4.82
8084,따삐오_식빵_뺑드미 식빵,273,40.48,8.0,9.8,2.7,376,6.0
8085,파리바게뜨_식빵_상미종 생식빵,275,40.77,7.0,9.87,2.72,320,8.0
8086,파리바게뜨_식빵_소보루듬뿍데니쉬식빵,310,45.96,7.0,11.13,3.06,530,4.0
8087,롤링핀_식빵_소화가 잘되는 식빵,311,47.9,9.1,9.2,3.07,470,5.9
8088,뚜레쥬르_식빵_순수한맛순우유 식빵,279,41.37,8.05,10.02,2.76,410,8.05
8089,파리바게뜨_식빵_스위트밀크식빵,315,46.7,8.0,11.31,3.11,510,18.0
8090,파리바게뜨_식빵_스위트밀크식빵 (소),315,46.7,8.0,11.31,3.11,255,18.0
8091,롤링핀_식빵_스윗 밀크 브레드,351,48.0,8.6,13.8,3.47,170,11.5
8092,뚜레쥬르_식빵_슬로우오트식빵,281,41.66,8.36,10.09,2.78,299,4.68
8093,파리바게뜨_식빵_시나몬롤식빵,403,59.75,6.5,14.47,3.98,200,28.5
8094,파리바게뜨_식빵_시나몬모닝토스트,385,50.0,7.0,15.0,3.8,405,10.0
8095,뚜레쥬르_식빵_아침엔보리 쌀롤 (6개입),306,45.37,6.94,10.99,3.02,216,8.33
8096,롤링핀_식빵_압구정 식빵,307,45.52,6.1,11.02,3.03,240,9.2
8097,롤링핀_식빵_오늘도 소식,298,44.18,11.8,10.7,2.94,225,6.3
8098,롤링핀_식빵_오렌지 크림치즈롤,303,38.5,6.7,13.6,2.99,110,12.9
8099,따삐오_식빵_옥수수 식빵,262,38.85,8.0,9.41,2.59,450,6.0
8100,롤링핀_식빵_인생 식빵,269,48.8,9.4,4.0,2.66,160,8.8
8101,뚜레쥬르_식빵_착한빵 식통밀식빵,292,43.29,8.38,10.48,2.88,489,12.07
8102,뚜레쥬르_식빵_착한빵식 통밀빵,292,43.29,8.57,10.48,2.88,245,11.84
8103,뚜레쥬르_식빵_마구마구밤 식빵 (소),298,44.18,6.67,10.7,2.94,285,17.54
8104,뚜레쥬르_식빵_마구마구밤식빵(대),280,41.51,6.38,10.05,2.77,580,16.55
8105,뚜레쥬르_식빵_마구마구밤식빵(소),284,42.11,6.32,10.2,2.8,285,17.54
8106,파리바게뜨_식빵_모닝토스트,385,57.08,8.0,13.82,3.8,405,7.0
8107,파리바게뜨_식빵_모카크림식빵,395,47.0,6.0,20.67,3.9,300,17.67
8108,파리바게뜨_식빵_모카크림식빵 (H),393,47.33,6.0,20.67,3.88,150,18.0
8109,뚜레쥬르_식빵_모카패스트리 식빵,386,57.23,8.33,13.86,3.81,360,13.06
8110,롤링핀_식빵_무화과깜빠뉴 식빵,253,54.18,6.53,9.08,2.5,370,17.78
8111,뚜레쥬르_식빵_미니모카패스트리 식빵,400,59.31,8.89,14.36,3.95,180,12.78
8112,따삐오_식빵_밀크후레쉬 식빵,291,43.15,9.0,10.45,2.87,376,4.0
8113,파리바게뜨_식빵_밤식빵,282,41.81,5.64,10.12,2.78,390,7.44
8114,파리바게뜨_식빵_밤식빵 (H),282,41.81,5.64,10.12,2.78,195,7.69
8115,스타벅스_식빵_밤콩달콩 두유 브레드,265,39.29,7.1,9.51,2.62,155,17.42
8116,따삐오_식빵_밤페스트리 식빵,291,43.15,6.0,10.45,2.87,270,10.0
8117,메가커피_식빵_버터버터 뜯어먹는 식빵,358,28.33,6.67,25.0,3.54,60,8.33
8118,따삐오_식빵_부드럽고촉촉한 식빵,329,48.78,10.0,11.81,3.25,360,8.0
8119,롤링핀_식빵_브리오슈 식빵,345,51.15,9.1,12.39,3.41,445,7.2
8120,파리바게뜨_식빵_블랙올리브탕종식빵,258,43.6,7.11,6.16,2.55,211,4.27
8121,롤링핀_식빵_블루베리요거트롤,319,47.3,8.0,11.45,3.15,100,15.0
8122,소고기샤브샤브,46,4.08,2.95,2.04,0.6,100,0.4
8123,뚜레쥬르_식빵_더블롤치즈 식빵,346,51.3,11.88,12.42,3.42,480,5.42
8124,뚜레쥬르_식빵_더블롤치즈 식빵 (소),346,51.3,12.08,12.42,3.42,240,5.42
8125,뚜레쥬르_식빵_더블롤치즈식빵(대),327,48.48,12.06,11.74,3.23,456,5.48
8126,뚜레쥬르_식빵_더블롤치즈식빵(소),327,48.48,11.84,11.74,3.23,228,5.42
8127,파리바게뜨_식빵_데니쉬식빵,300,44.48,7.0,10.77,2.96,510,3.0
8128,파리바게뜨_식빵_뜯어먹는 쫄깃하고담백한식빵,265,39.29,7.0,9.51,2.62,435,6.0
8129,파리바게뜨_식빵_뜯어먹는롤치즈브레드,286,36.73,8.91,11.09,2.82,550,4.91
8130,파리바게뜨_식빵_뜯어먹는롤치즈브레드 (H),287,36.73,9.09,11.27,2.83,275,4.73
8131,파리바게뜨_식빵_뜯어먹는롤치즈브레드(1/2),287,42.55,9.09,10.3,2.83,275,4.73
8132,파리바게뜨_식빵_뜯어먹는롤치즈식빵,285,42.26,9.0,10.23,2.81,530,5.0
8133,파리바게뜨_식빵_뜯어먹는밤식빵,255,37.81,5.0,9.15,2.52,580,4.0
8134,파리바게뜨_식빵_뜯어먹는밤식빵 (H),255,37.81,5.0,9.15,2.52,290,4.0
8135,파리바게뜨_식빵_뜯어먹는크랜베리식빵,275,40.77,6.0,9.87,2.72,530,16.0
8136,파리바게뜨_식빵_뜯어먹는크랜베리식빵 (H),275,40.77,6.0,9.87,2.72,264,16.0
8137,파리바게뜨_식빵_러스크,425,63.01,5.0,15.26,4.2,20,20.0
8138,뚜레쥬르_식빵_러스크가달구나,662,98.15,8.11,23.77,6.54,111,27.93
8139,파리바게뜨_식빵_롤치즈식빵,285,42.26,9.0,10.23,2.81,465,2.0
8140,뚜레쥬르_식빵_마구마구밤 식빵,293,43.44,6.38,10.52,2.89,580,17.24
8141,소고기산적,227,3.67,24.2,12.78,1.5,200,0.0
8142,뚜레쥬르_식빵_生生생크림식빵,305,45.22,8.53,10.95,3.01,422,11.14
8143,파리바게뜨_식빵_고구마가달구마,245,36.33,5.0,8.8,2.42,285,14.0
8144,파리바게뜨_식빵_고구마슈크림식빵,222,36.1,5.42,6.5,2.19,277,9.39
8145,뚜레쥬르_식빵_고단백하루견과곡물브레드,360,53.38,12.08,12.92,3.56,265,7.93
8146,뚜레쥬르_식빵_고메버터식빵,364,53.97,9.28,13.07,3.59,291,8.93
8147,뚜레쥬르_식빵_고소담백더치 브레드,240,35.58,7.14,8.62,2.37,210,4.29
8148,파리바게뜨_식빵_고소한 소보루데니쉬식빵,352,52.19,7.19,12.81,3.48,320,7.5
8149,파리바게뜨_식빵_고소한 소보루데니쉬식빵 (H),353,51.88,7.5,12.5,3.49,160,7.5
8150,파리바게뜨_식빵_고소한소보루데니쉬식빵,353,52.34,7.5,12.67,3.49,160,7.5
8151,뚜레쥬르_식빵_고소함이톡톡곡물 식빵,249,36.92,8.64,8.94,2.46,382,4.45
8152,롤링핀_식빵_공주밤 식빵,281,41.66,1.6,10.09,2.78,250,10.4
8153,따삐오_식빵_굿모닝 식빵,327,48.48,13.0,11.74,3.23,430,6.0
8154,뚜레쥬르_식빵_기본좋은소금버터식빵,319,47.3,7.92,11.45,3.15,202,3.96
8155,파스쿠찌_식빵_긴 밤 브레드,259,38.4,7.41,9.3,2.56,108,7.41
8156,파리바게뜨_식빵_달콤향긋한시나몬식빵,362,52.99,5.97,14.93,3.58,134,23.13
8157,파리바게뜨_식빵_담백하고 쫄깃한 뜯어먹는 식빵,265,44.0,7.0,6.0,2.62,435,6.0
8158,파리바게뜨_식빵_담백하고 쫄깃한 뜯어먹는 식빵 (H),265,44.0,7.0,6.0,2.62,218,6.0
8159,피자마루_피자_치즈크러스트불고기피자,251,25.61,11.37,10.68,2.48,790,3.3
8160,소고기볶음_채소,73,3.97,6.2,3.53,0.5,100,1.24
8161,시래기나물무침,114,7.74,4.32,7.28,6.7,50,0.54
8162,시루떡,217,47.54,5.47,0.61,4.4,100,3.22
8163,시루떡_녹두,246,48.08,7.74,2.53,4.9,100,4.05
8164,호밀호두_시리얼_무슬리,445,45.41,12.0,18.93,4.39,40,37.5
8165,시리얼_우유,85,13.15,2.9,2.24,0.3,100,7.0
8166,식빵,264,50.91,9.34,2.6,3.5,100,1.56
8167,뚜레쥬르_식빵_2배더진한우유식빵,293,43.44,8.43,10.52,2.89,439,9.34
8168,뚜레쥬르_식빵_2배더진한우유식빵(Half),292,43.29,8.68,10.48,2.88,219,9.59
8169,따삐오_식빵_64겹 페스트리 식빵,376,55.75,8.0,13.5,3.71,330,11.0
8170,뚜레쥬르_식빵_72겹의정성데니쉬 식빵,369,54.71,7.73,13.25,3.64,375,15.73
8171,뚜레쥬르_식빵_72겹의정성데니쉬식빵,369,54.71,7.73,13.25,3.64,375,15.73
8172,파리바게뜨_식빵_NEW 모닝토스트,370,48.0,8.0,16.0,3.65,405,7.0
8173,파리바게뜨_식빵_NEW 밤식빵,294,43.59,7.69,10.56,2.9,390,9.49
8174,파리바게뜨_식빵_NEW 밤식빵 (H),292,43.29,7.69,10.48,2.88,195,9.74
8175,파리바게뜨_식빵_NEW 밤식빵 (half),292,43.29,7.69,10.48,2.88,195,9.74
8176,뚜레쥬르_식빵_TLJ옥수수듬뿍옥수수식빵,291,43.15,8.48,10.45,2.87,342,8.19
8177,뚜레쥬르_식빵_TLJ옥수수식빵,291,43.15,8.38,10.45,2.87,513,8.19
8178,시금치나물_간장,35,4.57,2.4,1.46,2.5,100,1.34
8179,시금치나물_간장_소금,27,3.09,1.58,1.31,1.6,100,0.84
8180,시금치나물_고추장,35,5.81,1.71,1.13,1.8,100,2.27
8181,시금치나물_당근,23,2.78,1.6,0.99,1.6,100,0.69
8182,시금치나물_소금,49,5.26,3.8,2.28,3.2,100,0.22
8183,시래기 된장국,13,1.9,0.9,0.3,1.2,100,0.33
8184,시래기나물,60,10.61,2.1,1.78,3.8,100,3.32
8185,시래기나물_간장_소금,30,2.65,0.93,1.92,2.0,100,0.08
8186,이디야_스프_콘 수프,171,26.98,2.0,5.77,1.56,200,13.5
8187,커피베이_스프_콘 스프,135,21.3,3.0,4.56,1.23,200,1.5
8188,스프_크림,45,7.03,0.64,1.59,0.3,100,1.27
8189,파스쿠찌_스프_크림머쉬룸 수프&브레드,168,26.51,2.63,5.67,1.53,190,3.16
8190,스타벅스_스프_토마토 로제 수프,136,21.46,2.78,4.59,1.24,180,7.78
8191,스타벅스_스프_트러플 머쉬룸 수프,93,14.67,1.67,3.14,0.85,180,1.67
8192,할리스_스프_트러플 머쉬룸 수프볼,178,28.09,5.53,6.01,1.62,181,3.87
8193,시금치 겉절이,54,6.28,3.0,2.51,2.8,100,1.47
8194,시금치 된장국,15,2.44,1.1,0.32,1.0,100,0.76
8195,시금치나물,69,3.36,3.74,4.46,2.0,50,0.1
8196,지정환피자_스파게티_크림스파게티,129,15.06,1.7,5.95,1.42,485,4.27
8197,고피자_스파게티_토마토 치즈 파스타,153,17.86,6.59,7.06,1.69,334,6.29
8198,스파게티_토마토소스,129,18.64,4.87,3.83,1.5,500,3.12
8199,지정환피자_스파게티_토마토스파게티,131,15.29,3.35,6.05,1.45,366,2.35
8200,피자마루_스파게티_투움바 스파게티,219,25.56,7.95,10.11,2.42,390,3.4
8201,봉수아피자_스파게티_핫치킨스파게티,219,25.56,8.8,10.11,2.42,395,2.3
8202,스파게티_해물_크림소스,184,17.39,6.08,9.96,1.6,500,1.67
8203,스파게티_해물_토마토소스,117,17.45,5.59,2.75,1.7,500,2.7
8204,스프_감자,98,7.91,1.91,6.54,0.5,100,3.6
8205,스타벅스_스프_단호박 크림 수프,131,20.67,1.67,4.42,1.19,180,10.0
8206,커피베이_스프_머쉬룸 스프,108,17.04,3.33,3.65,0.98,180,0.56
8207,커피베이_스프_베이컨 포테이토 스프,120,18.93,2.78,4.05,1.09,180,0.0
8208,스프_소고기,40,6.91,1.06,0.87,0.9,100,2.72
8209,이디야_스프_양송이 수프,125,19.72,1.5,4.22,1.14,200,2.0
8210,스프_양송이버섯,42,7.23,0.78,1.11,0.4,100,2.36
8211,스프_옥수수,46,7.33,0.83,1.48,0.4,100,2.64
8212,고피자_스파게티_미트 치즈 파스타,155,18.09,7.26,7.15,1.71,358,2.79
8213,탐앤탐스_스파게티_미트 토마토 파스타,185,30.21,3.13,4.86,2.04,288,8.33
8214,스파게티_미트볼,180,17.62,7.34,8.88,2.7,500,0.89
8215,스파게티_미트소스,108,18.58,4.34,1.84,1.4,100,2.84
8216,고피자_스파게티_베이컨 로제 파스타,163,19.03,6.32,7.52,1.8,380,1.58
8217,탐앤탐스_스파게티_베이컨 크림 파스타,231,28.96,5.39,10.44,2.55,297,3.03
8218,탐앤탐스_스파게티_쉬림프 로제 파스타,247,29.63,6.06,11.78,2.73,297,6.73
8219,봉수아피자_스파게티_쉬림프스파게티,218,25.45,6.7,10.06,2.41,390,2.2
8220,봉수아피자_스파게티_스파게티,218,25.45,5.1,10.06,2.41,380,2.2
8221,스파게티_오일소스,162,22.35,4.89,5.86,2.8,400,0.35
8222,노모어피자_스파게티_옥수수바질치즈크림뇨끼,273,22.1,16.86,12.99,3.01,100,1.98
8223,피자마루_스파게티_치즈 오븐 스파게티,134,15.64,6.23,6.18,1.48,365,2.67
8224,노모어피자_스파게티_치즈오븐마라로제파스타,214,26.59,7.45,8.7,2.36,100,2.47
8225,노모어피자_스파게티_치즈오븐베이컨에멘탈크림,260,31.39,7.88,11.38,2.87,471,1.36
8226,노모어피자_스파게티_치즈오븐쉬림프로제파스타,207,23.59,6.24,9.75,2.29,461,2.33
8227,노모어피자_스파게티_치즈오븐토마토파스타,273,22.1,16.86,12.99,3.01,491,1.98
8228,피자알볼로_스파게티_크림감베로니스파게티,192,22.41,6.85,8.86,2.12,496,0.61
8229,스파게티_크림소스,209,18.44,5.45,12.65,1.2,400,2.29
8230,HY 잇츠온_스파게티_간편조리세트_쉬림프 크림파스타,226,13.06,4.81,17.21,1.3,790,1.98
8231,HY 잇츠온_스파게티_간편조리세트_알리오올리오파스타,313,26.72,6.47,20.07,1.8,406,1.32
8232,GS 리테일 심플리쿡_스파게티_간편조리세트_에그인헬파스타,128,15.16,5.28,5.12,1.6,964,3.68
8233,GS 리테일 심플리쿡_스파게티_간편조리세트_오마이갓파스타,161,18.43,5.86,7.14,2.2,822,6.52
8234,GS 리테일 심플리쿡_스파게티_간편조리세트_톡톡크림 빠네 파스타,233,13.4,6.05,17.24,1.8,943,2.74
8235,프레시지_스파게티_간편조리세트_트러플 크림 파스타,152,16.93,4.31,7.42,2.0,653,1.55
8236,GS 리테일 심플리쿡_스파게티_간편조리세트_할라피뇨베이컨파스타,200,19.29,4.62,11.59,1.9,851,1.8
8237,GS 리테일 심플리쿡_스파게티_간편조리세트_핫매콤크림파스타,179,22.24,5.07,7.7,1.3,854,4.19
8238,GS 리테일 심플리쿡_스파게티_간편조리세트_해장파스타,98,15.82,4.07,2.08,1.3,769,2.38
8239,고피자_스파게티_까르보나라 파스타,143,16.69,5.99,6.6,1.58,384,2.86
8240,스파게티_까르보나라소스,235,19.63,5.71,14.82,1.4,100,2.04
8241,피자알볼로_스파게티_까르보나라스파게티,181,21.13,5.07,8.35,2.0,472,0.67
8242,피자알볼로_스파게티_나폴리로제파스타,201,23.46,6.44,9.28,2.22,365,2.85
8243,롤링핀_스파게티_뇨끼,172,18.8,4.7,8.7,1.9,550,1.5
8244,스파게티_로제소스,171,17.34,5.21,8.99,1.9,100,3.33
8245,피자알볼로_스파게티_마라스파게티,170,19.84,6.87,7.85,1.88,451,1.33
8246,피자마루_스파게티_명란크림스파게티,233,27.2,7.9,10.75,2.57,349,3.42
8247,피자마루_피자_치즈크러스트스테이크불갈비피자,250,25.51,14.1,10.63,2.47,824,4.68
8248,소고기전골,38,1.98,2.4,2.34,0.9,100,0.98
8249,GS 리테일 심플리쿡_스테이크_간편조리세트_시그니처찹스테이크,130,7.92,10.5,6.21,1.0,502,6.4
8250,프레시지_스테이크_간편조리세트_파빌리온 양갈비 스테이크,151,13.07,9.46,6.8,3.4,555,6.47
8251,HY 잇츠온_스테이크_간편조리세트_프라임스테이크 부채살,186,5.63,10.77,13.41,1.2,633,2.21
8252,비비큐_스테이크_닭다리살 스테이크 극한왕갈비맛 (1개),234,11.49,13.48,11.9,1.8,100,2.6
8253,비비큐_스테이크_닭다리살 스테이크 통다리바비큐맛 (1개),230,11.3,13.32,11.7,1.77,100,1.94
8254,스테이크_소등심,194,0.14,30.22,8.07,1.2,200,0.0
8255,스테이크_소안심,183,0.13,34.82,4.83,1.9,200,0.0
8256,스파게티,164,20.0,5.0,7.05,1.6,100,3.87
8257,프레시지_스파게티_간편조리세트_감바스알리오올리오,171,21.33,4.78,7.44,1.3,680,1.08
8258,프레시지_스파게티_간편조리세트_바질크림 빠네 파스타,215,27.31,5.4,9.37,2.8,776,2.62
8259,GS 리테일 심플리쿡_스파게티_간편조리세트_베이컨까르보나라,159,18.29,4.02,7.78,1.2,915,2.63
8260,프레시지_스파게티_간편조리세트_볼로네제라구파스타,179,16.93,8.1,8.75,1.7,757,3.51
8261,HY 잇츠온_스파게티_간편조리세트_쉬림프 로제파스타,144,14.76,4.24,7.58,2.3,901,3.53
8262,프레시지_스파게티_간편조리세트_쉬림프 로제파스타,172,19.7,4.93,8.15,1.8,593,3.88
8263,파스쿠찌_스콘_플레인 스콘,371,40.38,5.88,20.71,3.66,85,7.06
8264,던킨_스콘_플레인 스콘,448,48.76,6.0,25.01,4.42,100,9.0
8265,커피에반하다_스콘_플레인 스콘,493,53.66,6.67,27.52,4.87,90,16.67
8266,카페베네_스콘_플레인 스콘,469,51.05,6.0,26.18,4.63,100,17.0
8267,스타벅스_스콘_피넛 쑥 떡 스콘,415,45.17,5.93,23.17,4.1,118,22.88
8268,뚜레쥬르_스콘_호두카라멜스콘,410,44.63,7.0,22.89,4.05,100,12.0
8269,스크램블드에그,206,1.63,11.6,16.16,0.0,100,0.76
8270,프레시지_스테이크_간편조리세트_그레이프 소스 스테이크,153,8.47,11.09,8.36,2.2,477,4.52
8271,GS 리테일 심플리쿡_스테이크_간편조리세트_뉴욕스테이크&크림뇨끼,176,15.39,8.71,8.79,1.1,445,1.86
8272,CJ 쿡킷_스테이크_간편조리세트_부채살 찹스테이크,176,5.94,11.08,12.04,1.2,435,4.16
8273,프레시지_스테이크_간편조리세트_블랙라벨 스테이크 부채살,155,5.73,13.1,8.86,2.2,496,3.38
8274,HY 잇츠온_스테이크_간편조리세트_비프찹스테이크,147,7.22,7.76,9.66,0.9,538,5.81
8275,GS 리테일 심플리쿡_스테이크_간편조리세트_시그니처 스테이크 부채살,140,7.52,11.42,7.12,1.1,429,6.0
8276,토프레소_스콘_얼그레이 스콘,473,51.48,7.5,26.4,4.67,80,12.5
8277,투썸플레이스_스콘_오리지널버터,410,44.63,6.0,22.89,4.05,100,10.0
8278,롤링핀_스콘_제주봄빛말차 스콘,441,48.0,6.7,24.7,4.36,90,16.5
8279,커피에반하다_스콘_초코 스콘,571,62.15,12.22,31.88,5.64,90,21.11
8280,뚜레쥬르_스콘_초코칩 스콘,384,41.8,6.32,21.44,3.79,95,13.68
8281,할리스_스콘_초코칩 콕콕 스콘,471,51.27,5.88,26.29,4.65,102,15.69
8282,뚜레쥬르_스콘_초코칩스콘,426,46.37,6.32,23.78,4.21,95,13.68
8283,파리바게뜨_스콘_초코칩스콘,385,41.9,6.0,21.49,3.8,100,17.0
8284,커피빈_스콘_치즈 넛츠 스콘,480,51.11,11.11,26.8,4.74,90,13.41
8285,던킨_스콘_카라멜 스콘,454,49.41,5.56,25.34,4.48,108,24.07
8286,파스쿠찌_스콘_크랜베리 미니 스콘,400,43.54,5.71,22.33,3.95,35,20.0
8287,롤링핀_스콘_크랜베리 스콘,414,45.06,6.67,23.11,4.09,105,13.33
8288,파스쿠찌_스콘_크랜베리 스콘,382,41.58,4.71,21.32,3.77,85,20.0
8289,토프레소_스콘_크랜베리 스콘,493,53.66,7.5,27.52,4.87,80,15.0
8290,할리스_스콘_클래식 버터 스콘 & 딸기잼,425,46.26,5.36,23.72,4.2,112,15.18
8291,스타벅스_스콘_클래식 스콘,446,48.54,3.81,24.9,4.4,105,16.19
8292,스타벅스_스콘_트리플 미니 스콘,454,49.41,7.77,25.34,4.48,103,15.53
8293,파스쿠찌_스콘_플레인 미니 스콘,400,43.54,5.71,22.33,3.95,35,8.57
8294,마리웨일237_스콘_플레인 스콘,373,40.6,4.0,20.82,3.68,75,13.33
8295,뚜레쥬르_스콘_라즈베리잼&크림 스콘,366,39.84,5.0,20.43,3.61,160,11.25
8296,던킨_스콘_레몬 스콘,423,46.04,4.81,23.61,4.18,104,26.92
8297,롤링핀_스콘_리얼초코 스콘,446,48.0,6.5,25.3,4.4,80,17.8
8298,마리웨일237_스콘_무화과 스콘,381,41.47,5.0,21.27,3.76,80,17.5
8299,투썸플레이스_스콘_무화과스콘,380,41.36,5.0,21.21,3.75,100,17.0
8300,스타벅스_스콘_미니 클래식 스콘,475,51.7,7.29,26.52,4.69,96,12.5
8301,블루샥_스콘_밀크 스콘,422,45.93,6.35,23.56,4.17,85,14.94
8302,마리웨일237_스콘_바질 스콘,375,40.82,5.0,20.93,3.7,80,12.5
8303,메가커피_스콘_버터버터 소보로 스콘,380,62.1,7.37,11.58,3.75,95,14.74
8304,롤링핀_스콘_블루베리 스콘,412,47.6,4.9,22.4,4.07,90,21.3
8305,뚜레쥬르_스콘_블루베리스콘,420,45.71,6.0,23.45,4.15,100,17.0
8306,뚜레쥬르_스콘_생크림버터스콘,416,45.28,7.37,23.22,4.11,95,11.58
8307,이디야_스콘_소금 버터 스콘,389,42.34,6.56,21.72,3.84,122,16.39
8308,커피마마_스콘_스콘 건포도,486,52.9,5.56,27.13,4.8,90,21.11
8309,커피마마_스콘_스콘 시나몬호두,407,44.3,4.44,22.72,4.02,90,21.11
8310,카페베네_스콘_아몬드 달고나 스콘,466,50.72,9.0,26.01,4.6,100,16.0
8311,따삐오_스콘_아몬드 스콘,438,47.67,6.15,24.45,4.33,65,21.54
8312,뚜레쥬르_스콘_앙버터 스콘,411,44.73,7.22,22.94,4.06,180,22.22
8313,마리웨일237_스콘_애플시나몬 스콘,350,38.1,3.75,19.54,3.46,80,13.75
8314,커피에반하다_스콘_건포도 스콘,436,47.46,5.56,24.34,4.31,90,26.67
8315,롤링핀_스콘_고메버터 스콘,428,46.3,5.4,24.6,4.23,80,16.7
8316,스타벅스_스콘_녹차 마카다미아 스콘,471,51.27,7.22,26.29,4.65,97,15.46
8317,따삐오_스콘_더블치즈 스콘,421,45.82,6.45,23.5,4.16,62,22.58
8318,롤링핀_스콘_라즈베리 스콘,408,45.8,5.1,22.7,4.03,90,15.8
8319,피자마루_피자_치즈크러스트아메리칸체다피자,263,26.84,13.1,11.19,2.6,808,3.04
8320,소고기육개장,32,2.09,2.59,1.68,1.0,100,0.55
8321,피자마루_피자_치즈크러스트이탈리안치즈피자,282,28.78,17.07,12.0,2.79,680,3.5
8322,피자마루_피자_치즈크러스트콤비네이션피자,247,25.2,13.65,10.51,2.44,806,3.37
8323,소고기채소볶음,198,7.24,8.4,14.99,1.8,100,4.57
8324,피자마루_피자_치즈크러스트투움바피자,237,24.18,11.27,10.08,2.34,848,3.32
8325,소고기찜,117,4.95,5.5,8.55,1.1,100,2.55
8326,피자마루_피자_치즈크러스트페퍼로니피자,290,29.59,15.1,12.34,2.87,763,3.94
8327,CJ 쿡킷_소고기전골_간편조리세트_평양식 어복쟁반,76,5.35,7.02,2.94,1.3,1840,0.61
8328,프레시지_소고기전골_간편조리세트_파빌리온 얼큰 소고기 전골,73,2.69,4.4,4.94,1.4,1228,0.66
8329,피자마루_피자_치즈크러스트포테이토피자,262,26.73,13.01,11.14,2.59,855,2.8
8330,GS 리테일 심플리쿡_소고기전골_간편조리세트_어복쟁반,37,1.41,3.39,1.96,0.7,1613,0.42
8331,피자마루_피자_치즈크러스트하와이안쉬림프피자,219,22.35,14.01,9.32,2.16,920,5.08
8332,소곱창 구이,171,3.71,8.8,11.89,1.2,100,2.43
8333,소고기튀김,258,10.11,10.4,18.92,0.7,100,1.88
8334,피자마루_피자_치즈크러스트흑마늘불고기피자,257,26.22,12.74,10.93,2.54,808,4.89
8335,GS 리테일 심플리쿡_순두부찌개_간편조리세트_해물짬뽕순두부,53,3.53,3.31,2.81,0.6,2058,1.27
8336,순두부찌개_김치,35,2.17,2.98,1.59,1.0,200,0.32
8337,순두부찌개_모듬,25,1.36,3.0,0.84,0.6,100,0.61
8338,순두부찌개_배추김치_돼지고기,29,1.55,3.55,1.02,0.8,100,0.67
8339,순두부찌개_해물,29,1.41,4.09,0.85,0.6,100,0.61
8340,숭어 매운탕,51,4.11,6.8,0.87,1.2,100,1.56
8341,숙주나물_숙주_채소,15,1.66,0.97,0.68,1.0,100,0.27
8342,숙주미나리나물,18,1.69,1.04,0.99,1.1,100,0.26
8343,순 현미밥,129,27.59,2.6,0.72,1.4,100,0.41
8344,순대,187,35.73,2.75,3.64,1.9,220,1.39
8345,순대국,85,14.95,2.35,1.75,2.1,600,0.26
8346,수제비_감자,88,17.65,2.9,0.27,1.2,100,0.48
8347,수제비_김치,67,12.81,2.6,0.29,0.9,100,0.35
8348,숙주나물,23,2.45,1.7,1.11,1.5,100,0.12
8349,숙주나물_미나리,18,1.66,1.0,0.99,1.1,100,0.26
8350,숙주나물_숙주,21,1.77,1.23,1.3,1.1,100,0.01
8351,숙주나물_숙주_게맛살,28,3.71,1.84,0.9,0.9,100,0.78
8352,소시지볶음_채소,119,6.78,5.74,7.61,0.7,100,2.19
8353,소시지조림,234,12.89,11.9,15.02,1.0,100,4.22
8354,소시지조림_어묵,223,16.02,10.8,12.86,1.1,100,4.4
8355,소시지튀김,311,20.49,13.6,18.41,0.9,100,1.37
8356,소안심스테이크,197,2.64,16.6,12.51,0.7,100,1.57
8357,소탕,58,1.27,5.1,3.57,1.2,150,0.02
8358,송어 매운탕,54,4.03,6.6,1.35,1.2,100,1.56
8359,송편_검정콩,200,41.2,6.9,0.8,4.29,100,10.81
8360,송편_깨,224,44.96,4.92,2.74,4.8,100,1.15
8361,송편_콩,194,41.66,5.24,0.75,4.8,100,1.26
8362,송편_팥,200,43.6,5.4,0.4,4.29,100,11.44
8363,수란_중탕,145,0.2,12.3,11.7,0.0,100,0.05
8364,롤링핀_소세지빵_허니마요 소세지,321,26.6,11.0,18.9,3.17,175,3.6
8365,뚜레쥬르_소세지빵_후라잉소시지포테이토,308,27.93,9.17,16.88,3.04,120,5.0
8366,GS 리테일 심플리쿡_소스/드레싱_간편조리세트_오야꼬동 (밥제외),116,7.66,8.93,5.54,1.0,768,5.93
8367,이디야_소스/드레싱_이디야초콜릿디핑소스,280,39.0,2.5,9.32,6.3,40,47.5
8368,소시지 케첩볶음,234,13.02,11.6,14.74,0.9,100,4.98
8369,봉수아피자_소시지_그릴소시지,220,3.64,15.0,10.65,0.5,350,2.0
8370,소시지볶음,236,15.9,9.4,14.95,1.4,200,4.45
8371,파리바게뜨_소세지빵_길어서 더 든든한 롱롱소시지빵,292,26.48,10.12,16.01,2.88,168,7.14
8372,뚜레쥬르_소세지빵_낙엽소시지브레드,287,26.03,8.09,15.73,2.83,136,7.35
8373,파리바게뜨_소세지빵_돌돌말린모짜렐라치즈소시지,292,26.48,12.8,16.01,2.88,125,2.4
8374,파리바게뜨_소세지빵_든든한통소시지빵,276,25.03,8.82,15.13,2.73,170,5.29
8375,따삐오_소세지빵_롱소시지 빼로야,341,30.93,14.81,18.69,3.37,135,3.7
8376,파리바게뜨_소세지빵_매콤할라 소시지빵,353,32.01,10.72,19.35,3.49,112,4.47
8377,파리바게뜨_소세지빵_뽀드득그릴소시지,248,22.49,7.83,13.6,2.45,115,5.22
8378,빽다방_소세지빵_소세지빵,260,23.58,9.87,14.25,2.57,100,0.52
8379,바나프레소_소세지빵_소시지빵,204,28.75,6.25,7.5,2.01,80,10.0
8380,따삐오_소세지빵_소시지빵(낙엽빵),298,27.03,11.7,16.34,2.94,94,5.32
8381,파리바게뜨_소세지빵_소시지소프트프랑스,315,25.31,9.88,19.14,3.11,162,6.17
8382,파리바게뜨_소세지빵_소시지조리빵,285,25.85,10.0,15.62,2.81,100,8.0
8383,따삐오_소세지빵_스모크 소시지빵,346,31.38,12.4,18.97,3.42,129,3.88
8384,따삐오_소세지빵_스모크소시지빵 할라피뇨,335,30.38,12.0,18.36,3.31,137,3.0
8385,파리바게뜨_소세지빵_오징어깨임,286,25.94,10.92,15.68,2.82,119,2.52
8386,파리바게뜨_소세지빵_추억의소시지빵,262,23.76,5.38,14.36,2.59,130,6.92
8387,파리바게뜨_소세지빵_탱글탱글 뽀드득 소시지,250,24.63,10.45,12.69,2.47,134,8.21
8388,파리바게뜨_소세지빵_탱글탱글뽀드득소시지,265,24.03,10.45,14.53,2.62,134,8.21
8389,뚜레쥬르_소보로빵_클래식딸기잼 맘모스,401,57.85,6.49,15.46,4.15,370,21.08
8390,뚜레쥬르_소보로빵_클래식딸기잼맘모스,403,58.14,6.49,15.54,4.17,370,21.08
8391,송사부수제쌀고로케_소보로빵_튀김 소보로,394,56.84,7.06,15.19,4.08,85,22.35
8392,소불고기,186,6.73,10.33,13.1,0.9,100,3.34
8393,소불고기_버섯,86,4.38,8.68,3.76,0.7,100,1.86
8394,소사태찜,137,10.44,12.6,4.65,1.7,100,2.9
8395,뚜레쥬르_소세지빵_NEW고소한후랑크소시지,327,29.66,12.25,17.93,3.23,98,9.18
8396,뚜레쥬르_소세지빵_NEW어니언소시지포카치아,336,30.47,11.82,18.42,3.32,110,3.64
8397,파리바게뜨_소세지빵_NEW추억의소시지빵,342,31.02,10.0,18.75,3.38,120,9.17
8398,따삐오_소세지빵_감자샐러드 소세지빵,319,28.93,10.37,17.49,3.15,135,4.44
8399,뚜레쥬르_소보로빵_소보로빵,421,60.74,9.21,16.23,4.36,76,19.74
8400,롤링핀_소보로빵_소보로빵,356,54.2,9.3,11.3,3.69,60,11.2
8401,파리바게뜨_소보로빵_소보루 완두앙금빵,248,35.78,5.71,9.56,2.57,105,20.0
8402,따삐오_소보로빵_소보루빵,383,55.25,9.72,14.77,3.97,72,18.06
8403,파리바게뜨_소보로빵_소보루빵,388,55.98,8.24,14.96,4.02,85,18.82
8404,파리바게뜨_소보로빵_소보루생크림빵,355,40.0,6.36,19.09,3.68,110,13.64
8405,파리바게뜨_소보로빵_스위트밀크브레드,305,44.0,8.0,11.76,3.16,570,18.0
8406,뚜레쥬르_소보로빵_쑥이듬뿍 맘모스,331,47.75,8.06,12.76,3.43,310,19.35
8407,파리바게뜨_소보로빵_왕단팥소보루,296,42.7,7.69,11.41,3.06,130,18.46
8408,뚜레쥬르_소보로빵_진짜고구마 소보로,348,50.2,6.09,13.42,3.6,115,22.61
8409,뚜레쥬르_소보로빵_진짜고구마소보로,345,49.77,5.04,13.3,3.57,119,22.61
8410,파리바게뜨_소보로빵_쫄깃한 찰떡맘모스,339,48.91,6.88,13.07,3.51,320,14.06
8411,파리바게뜨_소보로빵_쫄깃한 찰떡맘모스 (1/4),338,48.76,6.25,13.03,3.5,80,13.75
8412,파리바게뜨_소보로빵_쫄깃한 찰떡맘모스 (1/8),338,48.76,7.5,13.03,3.5,40,15.0
8413,파리바게뜨_소보로빵_쫄깃한 찰떡맘모스 (H),338,48.76,6.88,13.03,3.5,160,13.75
8414,따삐오_소보로빵_찹쌀숨은 소보루,290,41.84,8.0,11.18,3.0,300,11.0
8415,뚜레쥬르_소보로빵_치치모스(대),348,50.2,7.5,13.42,3.6,240,19.17
8416,뚜레쥬르_소보로빵_치치모스(소),346,49.92,7.5,13.34,3.58,120,19.17
8417,만두국,62,6.83,3.06,2.49,4.6,700,0.44
8418,파리바게뜨_소보로빵_달콤고소한밤롤브레드,290,41.84,7.0,11.18,3.0,235,13.0
8419,뚜레쥬르_소보로빵_땅콩크림 소보로,456,65.79,7.84,17.58,4.72,102,20.59
8420,뚜레쥬르_소보로빵_땅콩크림소보로,456,65.79,8.82,17.58,4.72,102,20.59
8421,따삐오_소보로빵_맘모스 딸기,361,52.08,8.0,13.92,3.74,130,20.0
8422,파리바게뜨_소보로빵_맘모스브레드,365,52.66,7.0,14.07,3.78,330,21.0
8423,파리바게뜨_소보로빵_맘모스브레드 (H),368,53.09,7.06,14.19,3.81,170,21.18
8424,파리바게뜨_소보로빵_맘모스브레드(half),368,53.09,7.06,14.19,3.81,170,21.18
8425,뚜레쥬르_소보로빵_맘모스빵,348,50.2,7.2,13.42,3.6,250,18.4
8426,소보로빵_맘모스빵,354,51.07,6.77,13.65,3.7,100,25.73
8427,파리바게뜨_소보로빵_밤롤브레드,300,43.28,7.0,11.57,3.11,220,13.0
8428,파리바게뜨_소보로빵_밤소보루맘모스,288,48.21,7.14,8.93,2.98,280,17.86
8429,파리바게뜨_소보로빵_밤소보루맘모스 (H),289,47.86,6.43,8.57,2.99,140,17.86
8430,뚜레쥬르_소보로빵_밤이듬뿍맘모스(대),342,49.34,5.08,13.19,3.54,335,30.45
8431,뚜레쥬르_소보로빵_밤이듬뿍맘모스(소),341,49.19,5.39,13.15,3.53,167,30.54
8432,뚜레쥬르_소보로빵_생크림 소보로,414,59.73,7.53,15.96,4.29,93,18.28
8433,따삐오_소보로빵_생크림 소보루,388,55.98,8.24,14.96,4.02,85,18.82
8434,뚜레쥬르_소보로빵_생크림소보로,414,59.73,8.6,15.96,4.29,93,18.28
8435,파리바게뜨_소보로빵_생크림소보루,370,53.38,6.96,14.27,3.83,115,17.39
8436,소등심 스테이크,223,3.3,10.6,18.22,0.6,100,2.27
8437,소등심구이,318,0.0,15.9,26.71,0.0,100,0.0
8438,소라무침,122,7.46,18.7,1.58,1.0,100,2.0
8439,소라산적,150,8.06,22.4,3.14,0.6,80,1.06
8440,소보로빵,392,55.63,8.27,15.13,2.9,70,16.69
8441,뚜레쥬르_소보로빵_NEW단팥소보로,386,55.69,10.0,14.88,4.0,110,27.27
8442,파리바게뜨_소보로빵_PB달콤한크림정통소보루,364,46.36,7.27,17.27,3.77,110,16.36
8443,파리바게뜨_소보로빵_PB정통소보루,388,55.0,8.75,15.0,4.02,80,18.75
8444,파리바게뜨_소보로빵_단팥소보루,283,40.83,7.63,10.91,2.93,120,18.33
8445,피자헛_피자_치즈킹오리지널 (L),264,26.94,13.27,11.23,2.61,861,2.52
8446,만두_물만두,195,15.61,8.06,11.13,3.1,230,2.13
8447,더벤티_소금빵_바질토마토 치킨 소금빵,292,36.76,14.94,13.97,2.88,87,3.45
8448,파리바게뜨_소금빵_발효버터 먹물소금빵,373,46.95,7.27,17.85,3.68,55,9.09
8449,파리바게뜨_소금빵_발효버터 명란소금빵,392,41.54,7.69,21.54,3.87,65,7.69
8450,파리바게뜨_소금빵_발효버터 소금빵,373,46.95,7.27,17.85,3.68,55,9.09
8451,바나프레소_소금빵_버터리 소금빵,376,48.0,8.0,17.33,3.71,75,5.33
8452,메가커피_소금빵_버터버터 소금빵,448,48.0,6.67,25.33,4.42,75,1.33
8453,롤링핀_소금빵_뺑오플레르 (L),338,42.55,8.0,16.17,3.34,85,2.0
8454,이디야_소금빵_소금빵,318,40.03,9.23,15.21,3.14,65,6.15
8455,롤링핀_소금빵_앙버터 소금빵,376,47.63,7.63,17.88,3.71,80,8.88
8456,커피베이_소금빵_앙버터 소금빵,365,45.95,6.19,17.46,3.6,118,11.1
8457,롤링핀_소금빵_앙버터 소금빵 (L),381,47.66,7.66,18.34,3.76,145,9.03
8458,더벤티_소금빵_에멘탈 햄치즈 소금빵,362,45.57,11.59,17.32,3.58,69,5.8
8459,커피베이_소금빵_오리지널 소금빵,371,46.7,7.9,17.75,3.66,76,5.26
8460,파리바게뜨_소금빵_치즈할라피뇨소금빵,372,46.83,8.98,17.8,3.67,78,7.69
8461,커피베이_소금빵_크랜베리치킨 소금빵,323,40.66,10.12,15.45,3.19,100,7.09
8462,커피베이_소금빵_핫치킨 소금빵,243,30.59,10.12,11.63,2.4,100,5.93
8463,커피베이_소금빵_허니버터 소금빵,416,52.37,6.56,19.9,4.11,93,4.41
8464,소내장구이,92,0.75,6.75,6.53,0.1,100,0.1
8465,소고기버섯죽,99,15.03,2.7,2.89,0.5,100,0.03
8466,소고기볶음,237,2.71,10.6,19.41,0.7,100,1.33
8467,프레시지_소고기볶음_간편조리세트_차돌박이숙주볶음,193,6.38,7.3,15.35,1.6,369,0.98
8468,소고기볶음_고추장,157,7.04,5.7,11.51,0.6,100,3.09
8469,소고기볶음_버섯,72,3.97,6.2,3.53,0.5,100,1.25
8470,파리바게뜨_소금빵_갈릭버터소금빵,402,50.61,6.06,19.23,3.97,66,12.12
8471,더벤티_소금빵_고메 소금빵,374,47.08,9.43,17.89,3.69,53,3.77
8472,파리바게뜨_소금빵_고짠고짠소금버터링,325,46.67,8.33,11.67,3.21,60,3.33
8473,파리바게뜨_소금빵_매콤할라 소금빵,346,43.56,8.98,16.55,3.42,78,7.69
8474,소고기 완자전,318,10.08,14.1,23.28,1.4,100,0.19
8475,소고기 장조림,237,3.97,31.5,9.66,0.1,100,2.35
8476,소고기 장조림_꽈리고추,132,8.22,14.7,4.25,0.7,100,4.99
8477,소고기 장조림_메추리알,152,6.22,14.4,7.12,0.3,100,1.4
8478,소고기국_무_당면,34,2.92,1.8,1.67,0.2,100,0.14
8479,소고기 국밥_내장,62,11.02,2.2,0.75,0.4,100,0.22
8480,소고기 덮밥,120,18.92,3.3,3.07,0.8,100,0.69
8481,소고기 두부국,34,0.62,2.8,2.18,0.3,100,0.04
8482,소고기 떡찜,303,32.19,10.6,14.48,1.6,100,1.45
8483,소고기 무국,23,0.53,1.6,1.49,0.1,100,0.17
8484,소고기 무국_콩나물,27,1.06,1.9,1.64,0.3,100,0.37
8485,소고기 미역국,21,0.92,1.6,1.37,0.7,100,0.02
8486,소고기 미역국_떡,24,1.15,1.7,1.39,0.4,100,0.03
8487,소고기 미역국_바지락,11,0.9,1.1,0.57,0.7,100,0.04
8488,소고기 샌드위치,195,20.03,7.1,9.6,1.2,100,3.01
8489,소고기 샤브샤브,47,4.1,3.0,2.08,0.6,100,0.4
8490,세발낙지볶음,88,8.35,11.6,0.9,1.2,100,3.09
8491,세발낙지찜,74,3.8,5.5,4.31,1.2,100,0.9
8492,소간 채소볶음,120,7.74,10.5,5.29,2.5,100,3.79
8493,소갈비 구이,210,6.33,10.2,15.23,0.4,100,3.48
8494,소갈비찜,238,7.91,12.8,16.8,1.7,100,2.99
8495,소갈비찜_해물,137,8.65,11.41,6.11,1.3,100,0.7
8496,소고기 감자죽,88,13.65,3.1,2.0,0.7,100,0.32
8497,소고기 국밥,66,12.54,2.3,0.56,0.5,100,0.41
8498,미스터피자_피자_치즈블라썸 스테이크 피자 에그타르트 (R),269,27.45,14.55,11.44,2.66,879,5.45
8499,미스터피자_피자_치즈블라썸 스테이크 피자 치즈캡 (L),246,25.1,12.99,10.46,2.43,100,4.58
8500,미스터피자_피자_치즈블라썸 스테이크 피자 치즈캡 (M),258,26.33,13.54,10.97,2.55,100,4.19
8501,미스터피자_피자_치즈블라썸 스테이크 피자 치즈캡 (R),232,23.67,14.16,9.87,2.29,866,2.65
8502,미스터피자_피자_치즈블라썸 스테이크 피자 크림치즈 (L),245,25.0,10.81,10.42,2.42,100,5.95
8503,미스터피자_피자_치즈블라썸 스테이크 피자 크림치즈 (M),257,26.22,11.15,10.93,2.54,100,5.66
8504,미스터피자_피자_치즈블라썸 스테이크 피자 크림치즈 (R),265,27.04,15.04,11.27,2.62,907,4.42
8505,청년피자_피자_치즈스테이크 피자(L),261,26.63,16.45,11.1,2.58,1058,0.38
8506,도미노피자_피자_치즈씬(L),310,31.63,16.0,13.19,3.06,470,3.33
8507,도미노피자_피자_치즈오리지널 (L),267,27.24,12.67,11.36,2.64,779,2.67
8508,서오릉피자_피자_치즈왕창 (L),261,26.63,13.97,11.1,2.58,1000,4.41
8509,서오릉피자_피자_치즈왕창 (R),259,26.43,13.4,11.02,2.56,537,4.12
8510,서오릉피자_피자_치즈왕창 피자 (L),280,28.57,14.87,11.91,2.77,100,4.62
8511,서오릉피자_피자_치즈왕창 피자 (R),276,28.16,14.31,11.74,2.73,100,4.88
8512,난타5000피자_피자_치즈크러스트 피자 (L),574,46.83,38.92,25.64,5.67,705,6.68
8513,피자마루_피자_치즈크러스트고추마요치킨피자,284,28.98,14.16,12.08,2.81,756,4.5
8514,피자마루_피자_치즈크러스트꿀고구마피자,234,23.88,9.7,9.95,2.31,950,6.66
8515,피자마루_피자_치즈크러스트돼지불백피자,270,27.55,15.13,11.48,2.67,733,3.68
8516,비토랩_피자_치즈로니 피자 (L),287,29.29,16.22,12.21,2.84,890,4.59
8517,비토랩_피자_치즈로니 피자 (R),286,29.18,15.79,12.17,2.83,570,4.53
8518,선명희피자_피자_치즈바이트 피자,250,25.93,14.81,10.63,2.47,1083,4.44
8519,난타5000피자_피자_치즈바이트 피자 (L),549,56.57,29.8,22.65,5.42,785,12.04
8520,맘스피자_피자_치즈베이컨피자 (L),274,27.96,15.3,11.66,2.71,672,0.98
8521,맘스피자_피자_치즈베이컨피자 (M),263,26.84,14.46,11.19,2.6,481,0.98
8522,맘스피자_피자_치즈베이컨피자 리치골드크러스트 (L),274,27.96,14.93,11.66,2.71,872,1.12
8523,맘스피자_피자_치즈베이컨피자 리치골드크러스트 (M),265,27.04,14.32,11.27,2.62,581,1.09
8524,맘스피자_피자_치즈베이컨피자 치즈크러스트 (L),276,28.16,15.09,11.74,2.73,772,0.94
8525,맘스피자_피자_치즈베이컨피자 치즈크러스트 (M),266,27.14,14.36,11.31,2.63,556,0.93
8526,미스터피자_피자_치즈블라썸 스테이크 피자 골드 (L),245,25.0,11.78,10.42,2.42,100,5.48
8527,미스터피자_피자_치즈블라썸 스테이크 피자 골드 (M),256,26.12,12.05,10.89,2.53,100,5.24
8528,미스터피자_피자_치즈블라썸 스테이크 피자 골드 (R),263,26.84,15.45,11.19,2.6,879,3.64
8529,미스터피자_피자_치즈블라썸 스테이크 피자 노엣지 (L),243,24.8,11.9,10.34,2.4,1158,5.07
8530,미스터피자_피자_치즈블라썸 스테이크 피자 노엣지 (M),256,26.12,12.3,10.89,2.53,750,4.72
8531,미스터피자_피자_치즈블라썸 스테이크 피자 노엣지 (R),264,26.94,16.06,11.23,2.61,770,3.11
8532,미스터피자_피자_치즈블라썸 스테이크 피자 에그타르트 (L),251,25.61,10.95,10.68,2.48,100,7.09
8533,미스터피자_피자_치즈블라썸 스테이크 피자 에그타르트 (M),262,26.73,11.27,11.14,2.59,100,6.84
8534,7번가피자_피자_치즈 피자 치즈링 (R),286,29.18,15.79,12.17,2.83,455,3.51
8535,도미노피자_피자_치즈 피자 치즈버스트 나폴리 (L),273,23.11,13.41,14.05,2.7,806,3.56
8536,도미노피자_피자_치즈 피자 치즈버스트 오리지널 (L),265,28.42,12.03,11.51,2.62,1012,3.49
8537,도미노피자_피자_치즈 피자 크레이프 샌드 피자 (L),247,27.18,9.5,11.09,2.44,1075,5.0
8538,도미노피자_피자_치즈 피자 크레이프 샌드 피자 (M),248,25.26,9.8,11.97,2.45,728,5.9
8539,피자헛_피자_치즈 피자 팬 (L),287,29.29,11.75,12.21,2.84,822,2.72
8540,피자헛_피자_치즈 피자 팬 (M),285,29.08,11.64,12.12,2.82,420,2.71
8541,피자나라치킨공주_피자_치즈(L),268,27.35,13.33,11.4,2.65,632,2.67
8542,피자나라치킨공주_피자_치즈(M),268,27.35,13.33,11.4,2.65,429,2.67
8543,피자와치킨의러브레터_피자_치즈多 피자,294,30.0,15.06,12.51,2.91,680,4.45
8544,도미노피자_피자_치즈더블치즈엣지 오리지널 (L),277,28.27,13.33,11.78,2.74,944,2.67
8545,피자헛_피자_치즈더포테이토 피자 마니아 에어도우 (L),289,29.49,10.25,12.29,2.86,980,1.97
8546,피자헛_피자_치즈더포테이토 피자 마니아 에어도우 (M),288,29.39,10.79,12.25,2.85,573,1.36
8547,피자헛_피자_치즈더포테이토 피자 마니아 파마산엣지 (L),287,29.29,11.28,12.21,2.84,1003,1.28
8548,피자헛_피자_치즈더포테이토 피자 마니아 파마산엣지 (M),291,29.69,11.33,12.38,2.88,587,1.33
8549,피자헛_피자_치즈딥 LA BBQ 불고기(L),254,25.92,12.59,10.8,2.51,789,3.25
8550,피자헛_피자_치즈딥 콤비네이션 (L),248,25.31,12.06,10.55,2.45,819,2.6
8551,피자헛_피자_치즈딥 페페로니 (L),284,28.98,12.87,12.08,2.81,696,2.76
8552,배스킨라빈스_아이스크림_아몬드봉봉,271,40.47,4.35,10.1,3.56,115,22.61
8553,배스킨라빈스_아이스크림_아몬드봉봉 아이스크림,271,32.17,4.35,13.91,3.56,115,22.61
8554,배스킨라빈스_아이스크림_아빠는 딸바봉,268,40.02,3.48,9.99,3.52,115,22.61
8555,배스킨라빈스_아이스크림_아이 원 츄,280,41.81,3.48,10.44,3.68,115,20.87
8556,배스킨라빈스_아이스크림_아이스 그린티 킷캣,245,36.59,4.35,9.14,3.22,115,21.74
8557,배스킨라빈스_아이스크림_아이스 노티드 우유 생크림 아이스크림,236,26.09,3.48,13.04,3.1,115,20.0
8558,배스킨라빈스_아이스크림_아이스 노티드 클래식 바닐라 아이스크림,196,27.83,3.48,7.83,2.57,115,19.13
8559,배스킨라빈스_아이스크림_아이스 도쿄바나나,210,31.36,3.48,7.83,2.76,115,25.22
8560,배스킨라빈스_아이스크림_아이스 맥심 모카골드,227,33.9,3.48,8.46,2.98,115,19.13
8561,배스킨라빈스_아이스크림_아이스 메론빵,215,32.11,3.48,8.02,2.82,115,22.61
8562,배스킨라빈스_아이스크림_아이스 초코 도쿄바나나,223,33.3,3.48,8.31,2.93,115,21.74
8563,배스킨라빈스_아이스크림_아이스 칸탈로프 멜론,185,27.63,1.74,6.9,2.43,115,22.61
8564,배스킨라빈스_아이스크림_아이스 호떡,249,37.19,3.48,9.28,3.27,115,25.22
8565,배스킨라빈스_아이스크림_아이스마카롱 체리쥬빌레,295,44.06,5.82,11.0,3.87,83,32.53
8566,배스킨라빈스_아이스크림_아이스마카롱 쿠키앤크림,308,46.0,5.82,11.48,4.04,83,31.33
8567,도미노피자_피자_치즈 피자 오리지널 (L),260,33.85,13.31,6.32,2.57,766,3.04
8568,도미노피자_피자_치즈 피자 오리지널 (M),261,35.23,11.58,8.17,2.58,457,2.23
8569,7번가피자_피자_치즈 피자 치즈링 (L),290,29.59,15.68,12.34,2.87,740,3.24
8570,배스킨라빈스_아이스크림_슈팅스타 아이스크림,226,30.43,2.61,10.43,2.97,115,23.48
8571,배스킨라빈스_아이스크림_슈팅스타 아이스크림 레디팩,189,28.23,2.77,7.05,2.48,100,13.98
8572,카페띠아모_아이스크림_스트라치아텔라 젤라또,177,26.43,3.8,6.6,2.32,100,23.1
8573,커피마마_아이스크림_스트로베리 아이스크림,115,17.17,2.0,4.29,1.51,100,13.0
8574,요거프레소_아이스크림_스트로베리 치즈 아이스크림,179,26.73,2.48,6.67,2.35,161,29.19
8575,마이요거트립_아이스크림_스트로베리파라다이스 요거트아이스크림,119,17.77,2.51,4.44,1.56,450,12.91
8576,배스킨라빈스_아이스크림_스틱바민트쿠앤크 아이스크림,265,39.57,3.0,9.88,3.48,100,25.0
8577,배스킨라빈스_아이스크림_스틱바초코그린티 아이스크림,225,33.6,3.65,8.39,2.95,100,16.0
8578,파스쿠찌_아이스크림_시그니처 샘플러 젤라또,182,27.18,2.53,6.79,2.39,158,25.32
8579,카페베네_아이스크림_시그니처 콜드브루 리코타치즈 아포가토,155,23.15,1.95,5.78,2.04,205,13.17
8580,카페베네_아이스크림_시그니처 콜드브루 바닐라 아포가토,160,23.89,1.95,5.97,2.1,205,13.66
8581,마이요거트립_아이스크림_시나몬그래그래바나밤 요거트아이스크림,145,21.65,2.99,5.41,1.9,411,17.42
8582,배스킨라빈스_아이스크림_시카고팝콘 아이스크림,232,25.22,3.48,13.04,3.05,115,20.87
8583,파스쿠찌_아이스크림_시크릿 컵 젤라또,187,27.93,3.03,6.97,2.46,132,21.97
8584,파스쿠찌_아이스크림_시크릿 콘 젤라또,214,31.96,3.92,7.98,2.81,153,20.26
8585,마이요거트립_아이스크림_싱가포르의아침 그릭요거트,164,24.49,11.93,6.11,2.15,290,15.86
8586,배스킨라빈스_아이스크림_쌀떡궁합 아이스크림,138,20.61,1.96,5.15,1.81,100,16.66
8587,아이스크림_썬대,196,30.45,3.17,6.86,0.9,100,25.42
8588,빽다방_아이스크림_소프트 아이스크림,171,25.54,2.05,6.38,2.25,195,10.26
8589,츄러스1500_아이스크림_소프트 아이스크림,139,21.62,3.0,4.5,1.83,210,21.1
8590,투썸플레이스_아이스크림_소프트 아이스크림 (컵),159,23.74,2.73,5.93,2.09,110,17.27
8591,투썸플레이스_아이스크림_소프트 아이스크림 (콘),241,35.99,4.44,8.99,3.16,135,15.56
8592,롯데리아_아이스크림_소프트콘,164,24.49,2.78,6.11,2.15,90,17.78
8593,크리스피크림도넛_아이스크림_솔티 카라멜 글레이즈,261,38.98,4.12,9.73,3.43,194,18.04
8594,크리스피크림도넛_아이스크림_솔티 카라멜 글레이즈 프레즐,268,40.02,4.43,9.99,3.52,203,17.73
8595,배스킨라빈스_아이스크림_솔티끼 나 너 초코,246,36.74,3.48,9.17,3.23,115,22.61
8596,카페띠아모_아이스크림_솔티드 카라멜 젤라또,167,24.94,3.2,6.23,2.19,100,23.7
8597,카페띠아모_아이스크림_솔티드 카초멜리아 젤라또,180,26.88,3.8,6.71,2.36,100,23.1
8598,카페띠아모_아이스크림_솜사탕 젤라또,119,17.77,1.3,4.44,1.56,100,23.2
8599,배스킨라빈스_아이스크림_수박 Hero,143,21.36,0.0,5.33,1.88,115,24.35
8600,배스킨라빈스_아이스크림_수퍼 펭귄 시리얼 아이스크림,262,28.7,3.48,14.78,3.44,115,20.87
8601,크리스피크림도넛_아이스크림_순수우유 소프트콘,213,31.81,4.24,7.94,2.8,165,14.55
8602,배스킨라빈스_아이스크림_숭아야  그릭다,172,25.69,3.48,6.41,2.26,115,24.35
8603,파스쿠찌_아이스크림_슈크림 젤라또,206,30.76,5.0,7.68,2.71,100,21.0
8604,파스쿠찌_아이스크림_슈크림 코파 젤라또,208,31.06,4.86,7.76,2.73,144,22.92
8605,배스킨라빈스_아이스크림_슈팅스타,226,33.75,2.61,8.43,2.97,115,23.48
8606,배스킨라빈스_아이스크림_블루베리 요거트,183,27.33,4.35,6.82,2.4,115,21.74
8607,카페띠아모_아이스크림_블루베리 요거트 젤라또,148,22.1,2.4,5.52,1.94,100,24.6
8608,요거프레소_아이스크림_블루베리 치즈 아이스크림,193,28.82,2.78,7.2,2.53,144,32.64
8609,배스킨라빈스_아이스크림_블루베리 파나코타,197,29.42,3.48,7.35,2.59,115,20.87
8610,요거트아이스크림의정석_아이스크림_블루베리의 정석,175,34.59,2.08,3.33,2.3,240,24.59
8611,요거트아이스크림의정석_아이스크림_빠삭 두바이 초코쉘,237,26.0,3.5,10.5,3.11,200,21.0
8612,요거트아이스크림의정석_아이스크림_빠삭말차 초코쉘의 정석,249,30.0,4.29,12.38,3.27,210,23.33
8613,요거트아이스크림의정석_아이스크림_빠작 바나나 브륄레,133,28.15,1.85,1.45,1.75,270,24.45
8614,배스킨라빈스_아이스크림_사랑에 빠진 딸기,254,37.93,3.48,9.47,3.34,115,22.61
8615,배스킨라빈스_아이스크림_사랑에 빠진 딸기 아이스크림,254,28.7,3.48,13.91,3.34,115,22.61
8616,요거트아이스크림의정석_아이스크림_새콤달콤의 정석,104,21.77,1.93,1.1,1.37,363,19.01
8617,롯데리아_아이스크림_선데아이스크림스트로베리,155,23.15,2.16,5.78,2.04,165,21.21
8618,롯데리아_아이스크림_선데아이스크림플레인,151,22.55,2.34,5.63,1.98,150,18.67
8619,롯데리아_아이스크림_선데아이스크림허쉬초코,164,24.49,2.27,6.11,2.15,170,22.35
8620,배스킨라빈스_아이스크림_소금 우유 아이스크림,193,28.82,4.35,7.2,2.53,115,19.13
8621,마이요거트립_아이스크림_소소한행복 그릭요거트,147,21.95,15.09,5.48,1.93,226,11.19
8622,이디야_아이스크림_소프트 아이스크림,168,25.09,3.08,6.26,2.21,130,16.92
8623,피자마루_피자_치즈크러스트레드콘피자,241,24.59,12.45,10.25,2.38,864,3.83
8624,배스킨라빈스_아이스크림_블랙 소르베 아이스크림,122,30.43,0.0,0.0,1.6,115,19.13
8625,배스킨라빈스_아이스크림_블록팩 뉴욕치즈 케이크 아이스크림,226,33.75,3.42,8.43,2.97,100,18.9
8626,배스킨라빈스_아이스크림_블록팩 바람과함께사라지다 아이스크림,201,30.02,2.9,7.49,2.64,100,17.89
8627,배스킨라빈스_아이스크림_블록팩 슈팅스타 아이스크림,207,30.91,2.47,7.72,2.72,100,21.76
8628,배스킨라빈스_아이스크림_블록팩 아몬드봉봉 아이스크림,217,32.41,3.16,8.09,2.85,100,20.73
8629,배스킨라빈스_아이스크림_블록팩 엄마는외계인 아이스크림,218,32.56,3.09,8.13,2.86,100,18.3
8630,배스킨라빈스_아이스크림_블록팩 이상한나라의솜사탕 아이스크림,210,31.36,3.05,7.83,2.76,100,17.88
8631,배스킨라빈스_아이스크림_블록팩 체리쥬빌레 아이스크림,185,27.63,2.52,6.9,2.43,100,21.85
8632,배스킨라빈스_아이스크림_블록팩 초콜릿무스 아이스크림,237,35.39,3.49,8.84,3.11,100,19.65
8633,배스킨라빈스_아이스크림_블록팩 쿠키앤크림 아이스크림,216,32.26,3.32,8.05,2.84,100,18.53
8634,배스킨라빈스_아이스크림_블루 바나나 브륄레,212,31.66,3.48,7.9,2.78,115,20.87
8635,배스킨라빈스_아이스크림_블루 서퍼 비치,241,35.99,3.48,8.99,3.16,115,16.52
8636,카페베네_아이스크림_블루밍 콜드브루 리코타치즈 아포가토,155,23.15,1.95,5.78,2.04,205,13.17
8637,카페베네_아이스크림_블루밍 콜드브루 바닐라 아포가토,155,23.15,1.95,5.78,2.04,205,13.17
8638,카페띠아모_아이스크림_블루베리 라떼 젤라또,123,18.37,1.5,4.59,1.62,100,24.8
8639,카페띠아모_아이스크림_블루베리 솔베 젤라또,118,17.62,0.3,4.4,1.55,100,21.8
8640,요거프레소_아이스크림_블루베리 아이스크림,151,22.55,1.48,5.63,1.98,135,32.59
8641,청자다방_아이스크림_블루베리 아이스크림,149,22.25,1.76,5.56,1.96,100,21.01
8642,투썸플레이스_아이스크림_바닐라아포가토,208,31.06,2.52,7.76,2.73,159,16.35
8643,커피마마_아이스크림_바닐라품었슈,122,18.22,1.73,4.55,1.6,139,8.8
8644,배스킨라빈스_아이스크림_바람과함께사라지다,234,34.95,3.48,8.72,3.07,115,21.74
8645,배스킨라빈스_아이스크림_바람과함께사라지다 아이스크림,234,29.57,3.48,11.3,3.07,115,21.74
8646,배스킨라빈스_아이스크림_바삭한 쫀꾸렛,271,40.47,4.35,10.1,3.56,115,22.61
8647,배스킨라빈스_아이스크림_벅스 버니버니 당근당근 아이스크림,227,27.83,3.48,11.3,2.98,115,20.0
8648,마이요거트립_아이스크림_벌집꿀허니넛 요거트아이스크림,209,31.21,4.62,7.79,2.74,260,25.92
8649,배스킨라빈스_아이스크림_베리베리스트로베리,198,29.57,2.61,7.38,2.6,115,20.87
8650,배스킨라빈스_아이스크림_베리베리스트로베리 아이스크림,198,23.48,2.61,10.43,2.6,115,20.87
8651,배스킨라빈스_아이스크림_베리베리스트로베리 아이스크림 레디팩,132,19.71,2.48,4.92,1.73,100,11.65
8652,파스쿠찌_아이스크림_베스트 샘플러 젤라또,188,28.08,2.61,7.01,2.47,153,23.53
8653,요거트아이스크림의정석_아이스크림_보늬밤 열린 말차숲의 정석,216,41.54,3.69,4.0,2.84,325,30.77
8654,커피마마_아이스크림_보이즌 베리드림 아이스크림,220,32.85,3.0,8.2,2.89,100,25.6
8655,카페띠아모_아이스크림_복숭아 젤라또,130,19.41,1.6,4.85,1.71,100,27.4
8656,배스킨라빈스_아이스크림_봄날의 곰을 좋아하세요,183,27.33,2.61,6.82,2.4,115,26.96
8657,배스킨라빈스_아이스크림_봉쥬르  마카롱,231,34.5,5.22,8.61,3.03,115,20.0
8658,배스킨라빈스_아이스크림_북극곰 폴라베어,243,36.29,2.61,9.06,3.19,115,20.0
8659,배스킨라빈스_아이스크림_블랙 소르베,122,18.22,0.0,4.55,1.6,115,19.13
8660,요거프레소_아이스크림_밀크 아이스크림,79,11.8,2.83,2.95,1.04,100,9.58
8661,엔제리너스_아이스크림_밀크 아이스크림,188,17.33,4.0,7.01,2.47,150,16.67
8662,요거프레소_아이스크림_밀크 아포가토,79,11.8,2.86,2.95,1.04,100,9.57
8663,파스쿠찌_아이스크림_밀크티 코파 젤라또,187,27.93,3.64,6.97,2.46,100,19.64
8664,카페띠아모_아이스크림_바나나 속 초코칩 젤라또,185,27.63,3.7,6.9,2.43,100,27.0
8665,카페띠아모_아이스크림_바나나 젤라또,170,25.39,3.7,6.34,2.23,100,27.0
8666,카페띠아모_아이스크림_바나나 품은 헤이즐넛 초코렛 젤라또,193,28.82,4.0,7.2,2.53,100,24.7
8667,배스킨라빈스_아이스크림_바나나쥬빌레 아이스크림,217,24.35,2.61,12.17,2.85,115,20.0
8668,배스킨라빈스_아이스크림_바닐라,214,31.96,3.48,7.98,2.81,115,18.26
8669,카페베네_아이스크림_바닐라 (더블),213,31.81,2.78,7.94,2.8,180,18.89
8670,카페베네_아이스크림_바닐라 (싱글),213,31.81,2.22,7.94,2.8,90,18.89
8671,카페띠아모_아이스크림_바닐라 빈 젤라또,165,24.64,3.6,6.15,2.17,100,26.6
8672,배스킨라빈스_아이스크림_바닐라 아이스크림,214,22.61,3.48,12.17,2.81,115,18.26
8673,스타벅스_아이스크림_바닐라 아포가토,194,28.97,2.8,7.23,2.55,107,15.89
8674,카페베네_아이스크림_바닐라 아포가토,156,23.3,1.95,5.82,2.05,205,13.66
8675,카페띠아모_아이스크림_바닐라 젤라또,166,24.79,3.6,6.19,2.18,100,26.0
8676,커피마마_아이스크림_바닐라 클래식 아이스크림,115,17.17,2.0,4.29,1.51,100,11.0
8677,배스킨라빈스_아이스크림_바닐라아몬드 크런치 아이스크림,218,26.96,6.09,9.57,2.86,115,5.22
8678,배스킨라빈스_아이스크림_망고탱고 아이스크림 레디팩,177,26.43,2.4,6.6,2.32,100,16.14
8679,파스쿠찌_아이스크림_망고패션 젤라또,129,19.26,0.54,4.81,1.69,140,25.71
8680,배스킨라빈스_아이스크림_메롱멜론,190,28.37,1.74,7.08,2.49,115,21.74
8681,츄러스1500_아이스크림_메이플아츄,296,51.67,4.28,7.59,3.89,311,15.59
8682,파스쿠찌_아이스크림_멜론 젤라또,114,17.02,1.43,4.25,1.5,140,22.86
8683,마이요거트립_아이스크림_멜론멍키카바나나 요거트아이스크림,93,13.89,2.23,3.47,1.22,470,11.7
8684,요거트아이스크림의정석_아이스크림_멜론의 정석,145,28.71,1.94,2.58,1.9,310,21.29
8685,청자다방_아이스크림_몬스터 아이스크림,166,24.79,2.12,6.19,2.18,100,22.6
8686,요거트아이스크림의정석_아이스크림_무지개요아정,204,25.28,3.06,10.0,2.68,360,23.06
8687,배스킨라빈스_아이스크림_미니 스노우모찌(그린티  스트로베리  망고),270,40.32,4.54,10.07,3.55,96,9.95
8688,요거트아이스크림의정석_아이스크림_민초의 정석,288,41.72,4.14,11.72,3.78,290,31.03
8689,배스킨라빈스_아이스크림_민트 블리스,246,36.74,4.35,9.17,3.23,115,20.0
8690,배스킨라빈스_아이스크림_민트 초코 봉봉,248,37.04,3.48,9.25,3.26,115,20.0
8691,카페띠아모_아이스크림_민트 초코 젤라또,181,27.03,3.3,6.75,2.38,100,26.1
8692,커피마마_아이스크림_민트초코칩 아이스크림,250,37.33,3.8,9.32,3.28,100,23.1
8693,배스킨라빈스_아이스크림_민트초콜릿칩,225,33.6,3.48,8.39,2.95,115,20.0
8694,배스킨라빈스_아이스크림_민트초콜릿칩 아이스크림,225,23.48,3.48,13.04,2.95,115,20.0
8695,배스킨라빈스_아이스크림_민트초콜릿칩 아이스크림 레디팩,192,28.67,3.67,7.16,2.52,100,15.93
8696,배스킨라빈스_아이스크림_마법사의 할로윈 아이스크림,254,28.7,3.48,13.91,3.34,115,25.22
8697,카페띠아모_아이스크림_마스카포네치즈 젤라또,179,26.73,4.4,6.67,2.35,100,23.8
8698,요거트아이스크림의 정석_아이스크림_마시는 요거트,65,4.0,3.0,4.1,0.85,100,3.0
8699,배스킨라빈스_아이스크림_말랑 꿀떡 모찌,214,31.96,2.61,7.98,2.81,115,26.96
8700,배스킨라빈스_아이스크림_말랑 딸기 찹쌀떡,228,34.05,3.48,8.5,2.99,115,33.05
8701,배스킨라빈스_아이스크림_말차다미아,223,33.3,3.48,8.31,2.93,115,21.74
8702,요거트아이스크림의정석_아이스크림_말차숲 오렌지의 정석,139,24.33,3.0,4.0,1.83,300,16.33
8703,카페베네_아이스크림_망고 (더블),109,16.28,0.56,4.06,1.43,180,21.11
8704,카페띠아모_아이스크림_망고 라떼 젤라또,124,18.52,1.6,4.62,1.63,100,25.7
8705,카페띠아모_아이스크림_망고 솔베 젤라또,121,18.07,0.4,4.51,1.59,100,27.8
8706,요거프레소_아이스크림_망고 아이스드림,166,24.79,1.67,6.19,2.18,300,12.67
8707,청자다방_아이스크림_망고 아이스크림,136,20.31,1.66,5.07,1.79,100,21.6
8708,요거프레소_아이스크림_망고 아이스크림,173,25.84,2.5,6.45,2.27,120,36.67
8709,카페띠아모_아이스크림_망고 요거트 젤라또,148,22.1,2.4,5.52,1.94,100,25.1
8710,요거트아이스크림의정석_아이스크림_망고의 정석,148,26.25,1.88,3.75,1.94,320,23.13
8711,요거트아이스크림의정석_아이스크림_망고차차 아사이볼,155,31.58,2.11,4.21,2.04,285,15.09
8712,배스킨라빈스_아이스크림_망고탱고,207,30.91,2.61,7.72,2.72,115,23.48
8713,배스킨라빈스_아이스크림_망고탱고 아이스크림,173,26.96,2.61,6.09,2.27,115,25.22
8714,배스킨라빈스_아이스크림_럭키카라멜터틀 아이스크림,126,18.82,2.09,4.7,1.65,100,2.63
8715,배스킨라빈스_아이스크림_레드 라즈베리 소르베 아이스크림,129,32.17,0.0,0.0,1.69,115,26.96
8716,카페띠아모_아이스크림_레드 포레스트 젤라또,155,23.15,2.8,5.78,2.04,100,23.6
8717,카페띠아모_아이스크림_레몬 젤라또,118,17.62,0.5,4.4,1.55,100,25.7
8718,커피마마_아이스크림_레인보우 아이스크림,114,17.02,2.0,4.25,1.5,100,11.0
8719,배스킨라빈스_아이스크림_레인보우샤베트,141,21.06,0.87,5.26,1.85,115,21.74
8720,배스킨라빈스_아이스크림_레인보우샤베트 아이스크림,141,28.7,2.61,1.74,1.85,115,25.22
8721,투썸플레이스_아이스크림_로얄밀크티파르페 아이스(ICED) (Short),251,37.48,2.83,9.36,3.3,247,17.0
8722,배스킨라빈스_아이스크림_로투스비스코프 아이스크림 레디팩,219,32.71,2.7,8.17,2.88,100,18.39
8723,파스쿠찌_아이스크림_로투스비스코프 젤라또,200,29.87,3.0,7.46,2.63,100,22.0
8724,마이요거트립_아이스크림_리얼초콜릿오버로드 요거트아이스크림,232,34.65,4.19,8.65,3.05,279,26.2
8725,카페띠아모_아이스크림_리코타 젤라또,164,24.49,4.1,6.11,2.15,100,22.5
8726,카페베네_아이스크림_리코타치즈 (더블),206,30.76,2.78,7.68,2.71,180,17.78
8727,카페베네_아이스크림_리코타치즈 (싱글),206,30.76,2.22,7.68,2.71,90,17.78
8728,카페베네_아이스크림_리코타치즈 아포가토,151,22.55,1.95,5.63,1.98,205,13.17
8729,배스킨라빈스_아이스크림_리콜라 레몬민트 샤베트,194,28.97,0.87,7.23,2.55,115,20.87
8730,배스킨라빈스_아이스크림_마법사의 비밀 레시피,254,37.93,3.48,9.47,3.34,115,25.22
8731,피자마루_피자_치즈크러스트명란크림새우피자,267,27.24,13.44,11.36,2.64,776,4.32
8732,배스킨라빈스_아이스크림_디노 젤리 아이스크림,223,28.7,3.48,10.43,2.93,115,21.74
8733,카페베네_아이스크림_딸기 (싱글),100,14.93,0.0,3.73,1.31,109,19.27
8734,카페띠아모_아이스크림_딸기 라떼 젤라또,121,18.07,1.6,4.51,1.59,100,25.2
8735,카페띠아모_아이스크림_딸기 솔베 젤라또,103,15.38,0.5,3.84,1.35,100,24.6
8736,요거프레소_아이스크림_딸기 아이스드림,167,24.94,2.0,6.23,2.19,300,10.67
8737,배스킨라빈스_아이스크림_딸기 연유 퐁당,203,30.32,3.48,7.57,2.67,115,22.61
8738,카페띠아모_아이스크림_딸기 요거트 젤라또,146,21.8,2.4,5.44,1.92,100,24.8
8739,파스쿠찌_아이스크림_딸기 젤라또,150,22.4,0.3,5.59,1.97,100,19.0
8740,요거프레소_아이스크림_딸기 티라미스크림,208,31.06,2.52,7.76,2.73,220,11.54
8741,커피베이_아이스크림_딸기 파르페,252,37.63,0.99,9.4,3.31,263,33.0
8742,파스쿠찌_아이스크림_딸기라떼 젤라또,139,20.76,2.86,5.18,1.83,140,22.86
8743,요거트아이스크림의정석_아이스크림_딸기의 정석,158,24.08,2.96,5.56,2.07,270,21.11
8744,이디야_아이스크림_딸기쿠키 아이스크림,183,27.33,2.76,6.82,2.4,145,20.69
8745,카페띠아모_아이스크림_땅콩 바나나 젤라또,195,29.12,5.0,7.27,2.56,100,23.5
8746,파스쿠찌_아이스크림_라떼 젤라또,215,32.11,5.0,8.02,2.82,100,23.0
8747,배스킨라빈스_아이스크림_라이언망고 마카롱 아이스크림,195,30.43,2.61,6.96,2.56,115,22.61
8748,배스킨라빈스_아이스크림_러브미,217,32.41,3.48,8.09,2.85,115,20.0
8749,배스킨라빈스_아이스크림_러브미 아이스크림,217,25.22,3.48,11.3,2.85,115,20.0
8750,피자마루_피자_점보불고기 피자,221,22.55,16.29,9.4,2.18,1560,6.1
8751,지정환피자_피자_짱감자 피자 흑미스크린 (L),222,22.65,11.19,9.44,2.19,1072,2.99
8752,지정환피자_피자_짱감자 피자 흑미스크린 (R),218,22.24,10.31,9.27,2.15,582,3.09
8753,지정환피자_피자_짱감자 피자 흑미스크린치즈크러스트 (L),219,22.35,11.72,9.32,2.16,1160,2.76
8754,지정환피자_피자_짱감자 피자 흑미스크린치즈크러스트 (R),212,21.63,11.11,9.02,2.09,648,2.78
8755,지정환피자_피자_짱감자고구마크러스트(L),228,23.27,10.54,9.7,2.25,1225,3.12
8756,지정환피자_피자_짱감자고구마크러스트(R),228,23.27,10.01,9.7,2.25,100,3.15
8757,지정환피자_피자_짱감자밀스크린(L),234,23.88,11.23,9.95,2.31,100,1.75
8758,지정환피자_피자_짱감자밀스크린(R),228,23.27,10.66,9.7,2.25,100,1.7
8759,지정환피자_피자_짱감자밀스크린치즈크러스트(L),228,23.27,11.57,9.7,2.25,100,1.79
8760,지정환피자_피자_짱감자밀스크린치즈크러스트(R),222,22.65,11.16,9.44,2.19,100,1.76
8761,지정환피자_피자_짱감자백미스크린(L),228,23.27,11.17,9.7,2.25,100,3.98
8762,지정환피자_피자_짱감자백미스크린(R),223,22.76,10.59,9.49,2.2,100,3.75
8763,지정환피자_피자_짱감자백미치즈크러스트(L),223,22.76,11.53,9.49,2.2,100,3.84
8764,지정환피자_피자_짱감자백미치즈크러스트(R),217,22.14,11.11,9.23,2.14,100,3.6
8765,지정환피자_피자_짱감자씬(L),232,23.67,11.38,9.87,2.29,865,1.63
8766,지정환피자_피자_짱감자씬(R),231,23.57,10.66,9.83,2.28,492,1.59
8767,지정환피자_피자_짱감자체다크림크러스트(L),230,23.47,10.94,9.78,2.27,1230,3.56
8768,지정환피자_피자_짱감자체다크림크러스트(R),229,23.37,10.43,9.74,2.26,100,3.6
8769,피자마루_피자_점보꿀고구마피자,251,25.61,14.05,10.68,2.48,1712,7.18
8770,지정환피자_피자_짱감자 피자 백미스크린치즈크러스트 (R),215,21.94,11.11,9.15,2.12,648,3.7
8771,임실N치즈피자_피자_짱감자 피자 석쇠 (F),254,25.92,18.28,10.8,2.51,1232,2.88
8772,임실N치즈피자_피자_짱감자 피자 석쇠 (L),252,25.71,17.32,10.72,2.49,940,2.69
8773,임실N치즈피자_피자_짱감자 피자 석쇠 (R),254,25.92,14.93,10.8,2.51,490,2.64
8774,지정환피자_피자_짱감자 피자 씬 (L),231,23.57,11.11,9.83,2.28,864,1.85
8775,지정환피자_피자_짱감자 피자 씬 (R),232,23.67,10.98,9.87,2.29,492,1.22
8776,지정환피자_피자_짱감자 피자 체다크림크러스트 (L),229,23.37,11.04,9.74,2.26,1232,3.25
8777,지정환피자_피자_짱감자 피자 체다크림크러스트 (R),229,23.37,10.08,9.74,2.26,714,3.36
8778,임실N치즈피자_피자_짱감자 피자 치즈크러스트 (F),255,26.02,18.57,10.85,2.52,1362,2.59
8779,임실N치즈피자_피자_짱감자 피자 치즈크러스트 (L),262,26.73,17.83,11.14,2.59,1140,2.47
8780,지정환피자_피자_짱감자 피자 치즈크러스트 (L),225,22.96,11.76,9.57,2.22,1224,1.96
8781,임실N치즈피자_피자_짱감자 피자 치즈크러스트 (R),269,27.45,16.24,11.44,2.66,660,2.38
8782,지정환피자_피자_짱감자 피자 치즈크러스트 (R),223,22.76,10.83,9.49,2.2,720,1.67
8783,임실N치즈피자_피자_짱감자 피자 팬 (F),262,26.73,18.32,11.14,2.59,1332,2.92
8784,임실N치즈피자_피자_짱감자 피자 팬 (L),260,26.53,17.48,11.06,2.57,1000,2.76
8785,지정환피자_피자_짱감자 피자 팬 (L),231,23.57,11.35,9.83,2.28,1128,2.13
8786,지정환피자_피자_짱감자 피자 팬 (R),230,23.47,11.01,9.78,2.27,654,1.83
8787,임실N치즈피자_피자_짱감자 피자 팬 (R),261,26.63,15.15,11.1,2.58,520,2.69
8788,피자스쿨_피자_직화홀릭바이트 피자,268,32.23,6.2,9.09,2.65,644,5.22
8789,지정환피자_피자_짱감자 피자 고구마크러스트 (L),228,23.27,10.46,9.7,2.25,1224,3.27
8790,지정환피자_피자_짱감자 피자 고구마크러스트 (R),231,23.57,10.17,9.83,2.28,708,3.39
8791,임실N치즈피자_피자_짱감자 피자 라이스골드 (F),250,25.51,17.84,10.63,2.47,1655,3.22
8792,임실N치즈피자_피자_짱감자 피자 라이스골드 (L),262,26.73,16.81,11.14,2.59,1300,2.25
8793,임실N치즈피자_피자_짱감자 피자 라이스골드 (R),269,27.45,15.55,11.44,2.66,740,2.2
8794,임실N치즈피자_피자_짱감자 피자 라이스바이트 (F),259,26.43,16.7,11.02,2.56,1737,2.59
8795,지정환피자_피자_짱감자 피자 밀스크린 (L),234,23.88,10.95,9.95,2.31,1096,1.46
8796,지정환피자_피자_짱감자 피자 밀스크린 (R),227,23.16,11.11,9.66,2.24,594,2.02
8797,지정환피자_피자_짱감자 피자 밀스크린고구마크러스트 (L),230,23.47,10.74,9.78,2.27,1192,2.68
8798,지정환피자_피자_짱감자 피자 밀스크린고구마크러스트 (R),226,23.06,10.19,9.61,2.23,648,2.78
8799,지정환피자_피자_짱감자 피자 밀스크린체다크림크러스트 (L),234,23.88,10.74,9.95,2.31,1192,3.36
8800,지정환피자_피자_짱감자 피자 밀스크린체다크림크러스트 (R),227,23.16,10.09,9.66,2.24,654,3.67
8801,지정환피자_피자_짱감자 피자 밀스크린치즈크러스트 (L),228,23.27,11.41,9.7,2.25,1192,2.01
8802,지정환피자_피자_짱감자 피자 밀스크린치즈크러스트 (R),221,22.55,10.91,9.4,2.18,660,1.82
8803,지정환피자_피자_짱감자 피자 백미스크린 (L),229,23.37,11.28,9.74,2.26,1064,3.76
8804,지정환피자_피자_짱감자 피자 백미스크린 (R),224,22.86,10.42,9.53,2.21,576,4.17
8805,지정환피자_피자_짱감자 피자 백미스크린치즈크러스트 (L),222,22.65,11.72,9.44,2.19,1160,4.14
8806,피자마루_피자_점보콤비네이션피자,232,23.67,14.17,9.87,2.29,1631,7.06
8807,피자헛_피자_직화불고기 피자 더블치즈크러스트 (L),272,27.76,14.33,11.57,2.69,1072,2.01
8808,피자헛_피자_직화불고기 피자 더블치즈크러스트 (M),277,28.27,15.09,11.78,2.74,648,2.13
8809,피자헛_피자_직화불고기 피자 리치골드(L),269,27.45,12.3,11.44,2.66,1118,3.67
8810,피자헛_피자_직화불고기 피자 리치골드(M),272,27.76,12.63,11.57,2.69,688,4.21
8811,피자헛_피자_직화불고기 피자 치즈크러스트 (L),270,27.55,13.28,11.48,2.67,957,2.15
8812,피자헛_피자_직화불고기 피자 치즈크러스트 (M),271,27.65,13.98,11.53,2.68,575,2.04
8813,피자헛_피자_직화불고기 피자 팬 (L),290,29.59,11.18,12.34,2.87,880,2.45
8814,피자헛_피자_직화불고기 피자 프리미엄 오리지널 (M),277,28.27,13.33,11.78,2.74,442,2.52
8815,피자헛_피자_직화불고기 피자 프리첼 치즈 (M),278,28.37,10.6,11.83,2.75,603,6.7
8816,피자파는집_피자_직화불고기 피자밀도우(L),103,10.51,8.19,4.38,1.02,860,2.88
8817,피자파는집_피자_직화불고기 피자밀도우(R),68,6.94,5.45,2.89,0.67,540,1.93
8818,피자파는집_피자_직화불고기 피자씬도우(L),103,10.51,8.19,4.38,1.02,650,2.87
8819,피자파는집_피자_직화불고기 피자씬도우®,68,6.94,5.46,2.89,0.67,440,1.91
8820,피자탑_피자_직화스테이크 피자 (L),193,19.69,11.03,8.21,1.91,1005,2.54
8821,피자스쿨_피자_직화파인애플 피자,230,31.89,5.95,6.49,2.27,735,3.78
8822,피자스쿨_피자_직화파인애플피자,244,24.9,12.65,10.38,2.41,830,3.78
8823,피자는치즈빨_피자_직화홀릭바베큐 피자 (L),259,26.43,14.15,11.02,2.56,848,4.72
8824,피자는치즈빨_피자_직화홀릭바베큐 피자 (M),258,26.33,14.14,10.97,2.55,594,5.05
8825,피자마루_피자_점보이탈리안치즈피자,297,30.31,16.13,12.63,2.93,1016,5.35
8826,피자는치즈빨_피자_죄다치즈 피자 (M),307,31.33,17.05,13.06,3.03,528,3.41
8827,피자스쿨_피자_지구식단직화피자,263,26.84,13.62,11.19,2.6,668,4.34
8828,피자는치즈빨_피자_지옥행불닭 피자 (L),250,25.51,13.79,10.63,2.47,928,6.03
8829,피자는치즈빨_피자_지옥행불닭 피자 (M),252,25.71,14.02,10.72,2.49,642,5.61
8830,피자헛_피자_직화 불고기리치골드 (M),271,27.65,12.33,11.53,2.68,701,4.48
8831,피자헛_피자_직화 불고기오리지널 (L),263,26.84,12.47,11.19,2.6,730,3.35
8832,피자헛_피자_직화 불고기오리지널 (M),270,27.55,12.79,11.48,2.67,476,3.35
8833,피자헛_피자_직화 불고기치즈크러스트 (L),264,26.94,12.65,11.23,2.61,938,2.48
8834,피자헛_피자_직화 불고기치즈크러스트 (M),272,27.76,13.54,11.57,2.69,585,2.67
8835,피자헛_피자_직화 불고기치즈크러스트 골드 (L),269,27.45,13.22,11.44,2.66,971,2.4
8836,피자헛_피자_직화 불고기치즈크러스트 골드 (M),277,28.27,13.98,11.78,2.74,603,2.59
8837,선명희피자_피자_직화매운갈비 피자,250,28.03,14.39,10.63,2.47,1058,8.33
8838,선명희피자_피자_직화매운갈비피자,250,25.51,14.39,10.63,2.47,1058,8.33
8839,피자파는집_피자_직화바베큐 디트로이트,113,11.53,6.05,4.81,1.12,970,1.23
8840,빅스타피자_피자_직화바베큐 피자,246,21.67,13.89,8.89,2.43,1440,1.11
8841,피자와치킨의러브레터_피자_직화불고기 피자,261,26.63,14.31,11.1,2.58,810,5.19
8842,피굽남피자_피자_직화불고기 피자 (L),314,32.04,14.32,13.36,3.1,791,4.18
8843,오르새피자_피자_직화불고기 피자 (L),243,24.8,14.67,10.34,2.4,750,2.67
8844,피자마루_피자_점보스테이크불갈비피자,240,24.49,12.47,10.21,2.37,1640,5.75
8845,파파존스_피자_존스 페이버릿 치즈롤 (P),299,30.51,13.94,12.72,2.95,100,3.32
8846,파파존스_피자_존스 페이버릿 크루아상,345,35.2,12.56,14.68,3.41,100,3.17
8847,파파존스_피자_존스 페이버릿 피자 골드링 (F),307,31.33,14.19,13.06,3.03,100,6.76
8848,파파존스_피자_존스 페이버릿 피자 골드링 (L),307,31.33,14.14,13.06,3.03,100,6.57
8849,파파존스_피자_존스 페이버릿 피자 골드링 (P),307,31.33,14.38,13.06,3.03,100,6.25
8850,파파존스_피자_존스 페이버릿 피자 골드링씬 (F),321,32.76,13.0,13.65,3.17,100,4.79
8851,파파존스_피자_존스 페이버릿 피자 씬 (F),324,33.06,13.37,13.78,3.2,100,1.78
8852,파파존스_피자_존스 페이버릿 피자 오리지널 (F),289,29.49,12.28,12.29,2.86,100,4.39
8853,파파존스_피자_존스 페이버릿 피자 오리지널 (L),290,29.59,12.38,12.34,2.87,678,4.13
8854,파파존스_피자_존스 페이버릿 피자 오리지널 (P),290,29.59,12.07,12.34,2.87,100,4.31
8855,파파존스_피자_존스 페이버릿 피자 치즈롤 (F),299,30.51,14.05,12.72,2.95,100,3.34
8856,파파존스_피자_존스 페이버릿 피자 치즈롤 (L),299,30.51,14.23,12.72,2.95,100,2.67
8857,파파존스_피자_존스 페이버릿 피자 치즈롤 (P),299,30.51,13.94,12.72,2.95,100,3.32
8858,파파존스_피자_존스페이버릿 (L),289,29.49,12.35,12.29,2.86,678,4.12
8859,파파존스_피자_존스페이버릿 피자 (F),289,29.49,12.28,12.29,2.86,912,4.39
8860,파파존스_피자_존스페이버릿 피자 (L),289,29.49,12.35,12.29,2.86,678,4.12
8861,파파존스_피자_존스페이버릿 피자 (P),290,29.59,12.07,12.34,2.87,1160,4.31
8862,피자는치즈빨_피자_죄다치즈 피자 (L),305,31.12,17.24,12.97,3.01,696,3.45
8863,임실N치즈피자_피자_랍스타 피자 팬 (L),256,26.12,15.25,10.89,2.53,1016,3.78
8864,임실N치즈피자_피자_랍스타 피자 팬 (R),258,26.33,15.29,10.97,2.55,519,3.73
8865,유로코피자_피자_랍스타미트 피자,240,24.49,12.28,10.21,2.37,908,5.0
8866,피자마루_피자_점보하와이안쉬림프피자,228,23.27,12.86,9.7,2.25,1768,4.94
8867,파스쿠찌_피자_제노베제 살시챠 포카챠,205,20.92,8.5,8.72,2.03,200,1.5
8868,피자헛_피자_제주 고르곤졸라 피자 메가크런치 씬 (L),404,41.22,16.27,17.18,3.99,360,3.43
8869,파파존스_피자_존스 페이버릿 (F),289,29.49,12.28,12.29,2.86,100,4.39
8870,파파존스_피자_존스 페이버릿 (P),290,29.59,12.07,12.34,2.87,100,4.31
8871,파파존스_피자_존스 페이버릿 골드링 (F),307,31.33,14.19,13.06,3.03,100,6.76
8872,파파존스_피자_존스 페이버릿 골드링 (L),307,31.33,14.14,13.06,3.03,100,6.57
8873,파파존스_피자_존스 페이버릿 골드링 (P),307,31.33,14.38,13.06,3.03,100,6.25
8874,파파존스_피자_존스 페이버릿 골드링 씬,321,32.76,13.01,13.65,3.17,100,4.79
8875,파파존스_피자_존스 페이버릿 스파이시 갈릭 치즈롤 (F),305,31.12,14.44,12.97,3.01,100,3.44
8876,파파존스_피자_존스 페이버릿 스파이시 갈릭 치즈롤 (L),306,31.22,14.47,13.02,3.02,100,3.62
8877,파파존스_피자_존스 페이버릿 스파이시 갈릭 치즈롤 (P),306,31.22,14.43,13.02,3.02,100,3.44
8878,파파존스_피자_존스 페이버릿 씬,324,33.06,13.37,13.78,3.2,100,1.78
8879,파파존스_피자_존스 페이버릿 치즈롤 (F),299,30.51,14.05,12.72,2.95,100,3.35
8880,파파존스_피자_존스 페이버릿 치즈롤 (L),299,30.51,14.24,12.72,2.95,100,2.67
8881,지정환피자_피자_짱감자치즈크러스트(L),226,23.06,11.66,9.61,2.23,1225,1.93
8882,봉수아피자_피자_떡갈비(R),184,18.78,16.43,7.83,1.82,693,3.83
8883,봉수아피자_피자_떡갈비(XL),245,25.0,21.83,10.42,2.42,1050,5.04
8884,빅스타피자_피자_라구미트볼 시카고 피자,250,25.51,14.37,10.63,2.47,1002,4.79
8885,피자에땅_피자_라구포테이토 (L),247,25.2,12.5,10.51,2.44,956,5.83
8886,빅스타피자_피자_라자냐 시카고 피자,257,25.93,12.96,11.73,2.54,974,5.56
8887,비스트로피자_피자_라코타스테이크 피자 오리지널,265,27.04,11.11,13.51,2.62,650,4.63
8888,임실N치즈피자_피자_랍스타 피자 라이스골드 (F),245,25.0,15.33,10.42,2.42,1758,3.92
8889,임실N치즈피자_피자_랍스타 피자 라이스골드 (L),259,26.43,15.1,11.02,2.56,1316,3.05
8890,임실N치즈피자_피자_랍스타 피자 라이스골드 (R),267,27.24,15.65,11.36,2.64,739,2.93
8891,임실N치즈피자_피자_랍스타 피자 라이스바이트 (F),253,25.82,14.35,10.76,2.5,1840,3.29
8892,임실N치즈피자_피자_랍스타 피자 백미떡도우 (L),178,18.16,8.8,7.57,1.76,896,2.78
8893,임실N치즈피자_피자_랍스타 피자 석쇠 (F),245,25.0,14.81,10.42,2.42,1335,3.81
8894,임실N치즈피자_피자_랍스타 피자 석쇠 (L),249,25.41,14.97,10.59,2.46,956,3.78
8895,임실N치즈피자_피자_랍스타 피자 석쇠 (R),252,25.71,15.07,10.72,2.49,489,3.75
8896,임실N치즈피자_피자_랍스타 피자 치즈크러스트 (F),247,25.2,15.39,10.51,2.44,1465,3.46
8897,임실N치즈피자_피자_랍스타 피자 치즈크러스트 (L),258,26.33,15.88,10.97,2.55,1156,3.37
8898,임실N치즈피자_피자_랍스타 피자 치즈크러스트 (R),267,27.24,16.35,11.36,2.64,659,3.2
8899,임실N치즈피자_피자_랍스타 피자 팬 (F),253,25.82,15.09,10.76,2.5,1435,3.78
8900,미스터피자_피자_딜라이트치킨볼 피자 크림치즈 (L),264,26.94,12.57,11.23,2.61,100,6.61
8901,미스터피자_피자_딜라이트치킨볼 피자 크림치즈 (M),256,26.12,12.13,10.89,2.53,100,5.32
8902,피자스톰_피자_딥체다치즈베이컨 (R),353,36.02,17.09,15.02,3.49,515,3.26
8903,피자플래넷_피자_딥치즈 피자 (L),279,28.47,2.71,11.87,2.76,600,1.65
8904,네오피자_피자_딥치즈고구마 피자 (L),267,27.24,14.89,11.36,2.64,1128,7.0
8905,네오피자_피자_딥치즈더블바베큐 피자 (L),246,25.1,16.96,10.46,2.43,1128,5.84
8906,선명희피자_피자_딥치즈베이컨 피자,299,20.81,20.81,12.72,2.95,1192,2.01
8907,선명희피자_피자_딥치즈베이컨피자,299,30.51,20.8,12.72,2.95,1192,2.01
8908,네오피자_피자_딥치즈불닭 피자 (L),266,27.14,18.5,11.31,2.63,1184,7.62
8909,네오피자_피자_딥치즈콤비네이션 피자 (L),286,29.18,18.61,12.17,2.83,1264,7.27
8910,네오피자_피자_딥치즈포테이토 피자 (L),245,25.0,14.2,10.42,2.42,1264,5.24
8911,네오피자_피자_딥치즈핫치킨 피자,266,27.14,18.5,11.31,2.63,1184,7.62
8912,피자플래넷_피자_땡초불고기 피자 (L),236,24.08,5.42,10.04,2.33,910,2.89
8913,피제이피자_피자_땡초참치마요 피자 (L),254,25.92,11.2,10.8,2.51,1088,6.53
8914,피자스쿨_피자_떡갈비 피자,264,26.94,12.73,11.23,2.61,935,2.57
8915,난타5000피자_피자_떡갈비 피자 (L),318,31.73,18.77,12.93,3.14,526,4.21
8916,피자애_피자_떡갈비 피자 (L),296,30.2,6.46,12.59,2.92,780,4.31
8917,봉수아피자_피자_떡갈비 피자 (XL),245,25.0,21.83,10.42,2.42,1050,5.04
8918,난타5000피자_피자_떡갈비 피자 (XL),281,28.67,12.57,11.95,2.78,1052,4.0
8919,지정환피자_피자_디럭스치즈흑미스크린(L),261,26.63,11.72,11.1,2.58,100,5.17
8920,지정환피자_피자_디럭스치즈흑미스크린(R),258,26.33,11.84,10.97,2.55,100,5.09
8921,지정환피자_피자_디럭스치즈흑미치즈크러스트(L),250,25.51,12.16,10.63,2.47,100,4.83
8922,지정환피자_피자_디럭스치즈흑미치즈크러스트(R),244,24.9,12.38,10.38,2.41,100,4.68
8923,피자에땅_피자_디스이즈4유 (L),258,26.33,13.89,10.97,2.55,860,4.63
8924,탐앤탐스_피자_디아블로 (L),251,22.66,14.03,11.51,2.48,278,5.76
8925,탐앤탐스_피자_디아블로 피자,317,39.79,14.14,10.99,3.13,191,13.09
8926,피자헛_피자_디트로이트 더블페퍼로니 피자 (L),357,36.43,14.0,15.19,3.53,926,3.22
8927,피자헛_피자_디트로이트 미티디럭스 피자 (L),337,34.39,13.85,14.33,3.33,942,3.33
8928,피자헛_피자_디트로이트 하와이안 피자 (L),299,30.51,11.29,12.72,2.95,992,5.89
8929,미스터피자_피자_딜라이트치킨볼 피자 골드 (L),265,27.04,13.81,11.27,2.62,100,6.07
8930,미스터피자_피자_딜라이트치킨볼 피자 골드 (M),256,26.12,13.23,10.89,2.53,100,4.82
8931,미스터피자_피자_딜라이트치킨볼 피자 노엣지 (L),266,27.14,14.32,11.31,2.63,932,5.66
8932,미스터피자_피자_딜라이트치킨볼 피자 노엣지 (M),256,26.12,13.73,10.89,2.53,626,4.12
8933,미스터피자_피자_딜라이트치킨볼 피자 에그타르트 (L),272,27.76,12.81,11.57,2.69,100,8.01
8934,미스터피자_피자_딜라이트치킨볼 피자 에그타르트 (M),263,26.84,12.32,11.19,2.6,100,6.69
8935,미스터피자_피자_딜라이트치킨볼 피자 치즈캡 (L),266,27.14,15.37,11.31,2.63,100,5.0
8936,미스터피자_피자_딜라이트치킨볼 피자 치즈캡 (M),258,26.33,15.0,10.97,2.55,100,3.57
8937,지정환피자_피자_디럭스치즈고구마크러스트(L),260,26.53,10.82,11.06,2.57,875,4.89
8938,지정환피자_피자_디럭스치즈고구마크러스트(R),261,26.63,10.82,11.1,2.58,100,4.88
8939,지정환피자_피자_디럭스치즈밀스크린(L),275,28.06,11.87,11.7,2.72,100,3.17
8940,지정환피자_피자_디럭스치즈밀스크린(R),271,27.65,11.98,11.53,2.68,100,3.28
8941,지정환피자_피자_디럭스치즈밀스크린치즈크러스트(L),263,26.84,12.28,11.19,2.6,100,3.07
8942,지정환피자_피자_디럭스치즈밀스크린치즈크러스트(R),256,26.12,12.48,10.89,2.53,100,3.14
8943,지정환피자_피자_디럭스치즈백미스크린(L),269,27.45,11.82,11.44,2.66,100,6.56
8944,지정환피자_피자_디럭스치즈백미스크린(R),265,27.04,11.93,11.27,2.62,100,6.34
8945,지정환피자_피자_디럭스치즈백미치즈크러스트(L),257,26.22,12.25,10.93,2.54,100,6.06
8946,지정환피자_피자_디럭스치즈백미치즈크러스트(R),250,25.51,12.46,10.63,2.47,100,5.75
8947,지정환피자_피자_디럭스치즈씬(L),290,29.59,12.41,12.34,2.87,515,3.61
8948,지정환피자_피자_디럭스치즈씬(R),290,29.59,12.41,12.34,2.87,309,3.61
8949,지정환피자_피자_디럭스치즈체다크림크러스트(L),263,26.84,11.37,11.19,2.6,880,5.48
8950,지정환피자_피자_디럭스치즈체다크림크러스트(R),263,26.84,11.37,11.19,2.6,100,5.48
8951,지정환피자_피자_디럭스치즈치즈크러스트(L),258,26.33,12.37,10.97,2.55,875,3.22
8952,지정환피자_피자_디럭스치즈치즈크러스트(R),256,26.12,12.44,10.89,2.53,100,3.2
8953,지정환피자_피자_디럭스치즈팬(L),269,27.45,11.99,11.44,2.66,780,3.33
8954,지정환피자_피자_디럭스치즈팬(R),269,27.45,11.99,11.44,2.66,100,3.33
8955,지정환피자_피자_디럭스(치즈) 피자 흑미스크린 (L),260,26.53,12.22,11.06,2.57,720,5.56
8956,지정환피자_피자_디럭스(치즈) 피자 흑미스크린 (R),258,26.33,12.12,10.97,2.55,396,4.55
8957,지정환피자_피자_디럭스(치즈) 피자 흑미스크린치즈크러스트 (L),250,25.51,11.88,10.63,2.47,808,4.95
8958,지정환피자_피자_디럭스(치즈) 피자 흑미스크린치즈크러스트 (R),244,24.9,11.69,10.38,2.41,462,5.19
8959,임실N치즈피자_피자_디럭스치즈 피자 라이스골드 (F),277,28.27,18.03,11.78,2.74,1428,3.45
8960,임실N치즈피자_피자_디럭스치즈 피자 라이스골드 (L),293,29.9,17.6,12.46,2.9,1090,2.45
8961,임실N치즈피자_피자_디럭스치즈 피자 라이스골드 (R),298,30.41,17.86,12.68,2.94,620,2.44
8962,임실N치즈피자_피자_디럭스치즈 피자 라이스바이트 (F),286,29.18,16.7,12.17,2.83,1510,2.71
8963,임실N치즈피자_피자_디럭스치즈 피자 라이스바이트 (L),294,30.0,17.06,12.51,2.91,1170,3.16
8964,임실N치즈피자_피자_디럭스치즈 피자 석쇠 (F),292,29.8,18.48,12.42,2.89,1005,3.1
8965,임실N치즈피자_피자_디럭스치즈 피자 석쇠 (L),294,30.0,18.54,12.51,2.91,730,3.1
8966,임실N치즈피자_피자_디럭스치즈 피자 석쇠 (R),298,30.41,18.59,12.68,2.94,370,3.18
8967,임실N치즈피자_피자_디럭스치즈 피자 치즈크러스트 (F),289,29.49,18.81,12.29,2.86,1135,2.73
8968,임실N치즈피자_피자_디럭스치즈 피자 치즈크러스트 (L),298,30.41,18.99,12.68,2.94,930,2.75
8969,임실N치즈피자_피자_디럭스치즈 피자 치즈크러스트 (R),302,30.82,19.04,12.85,2.98,540,2.69
8970,임실N치즈피자_피자_디럭스치즈 피자 팬 (F),298,30.41,18.5,12.68,2.94,1105,3.14
8971,임실N치즈피자_피자_디럭스치즈 피자 팬 (L),299,30.51,18.56,12.72,2.95,790,3.14
8972,임실N치즈피자_피자_디럭스치즈 피자 팬 (R),303,30.92,18.62,12.89,2.99,400,3.2
8973,지정환피자_피자_디럭스(치즈) 피자 밀스크린고구마크러스트 (L),266,27.14,10.48,11.31,2.63,840,4.76
8974,지정환피자_피자_디럭스(치즈) 피자 밀스크린고구마크러스트 (R),260,26.53,10.26,11.06,2.57,468,5.13
8975,지정환피자_피자_디럭스(치즈) 피자 밀스크린체다크림크러스트 (L),267,27.24,11.32,11.36,2.64,848,5.66
8976,지정환피자_피자_디럭스(치즈) 피자 밀스크린체다크림크러스트 (R),265,27.04,11.54,11.27,2.62,468,5.13
8977,지정환피자_피자_디럭스(치즈) 피자 밀스크린치즈크러스트 (L),262,26.73,12.38,11.14,2.59,840,2.86
8978,지정환피자_피자_디럭스(치즈) 피자 밀스크린치즈크러스트 (R),254,25.92,12.5,10.8,2.51,480,3.75
8979,지정환피자_피자_디럭스(치즈) 피자 백미스크린 (L),270,27.55,12.36,11.48,2.67,712,6.74
8980,지정환피자_피자_디럭스(치즈) 피자 백미스크린 (R),264,26.94,12.12,11.23,2.61,396,6.06
8981,지정환피자_피자_디럭스(치즈) 피자 백미스크린치즈크러스트 (L),255,26.02,11.88,10.85,2.52,808,5.94
8982,지정환피자_피자_디럭스(치즈) 피자 백미스크린치즈크러스트 (R),247,25.2,12.99,10.51,2.44,462,5.19
8983,지정환피자_피자_디럭스(치즈) 피자 씬 (L),220,22.45,14.46,9.36,2.17,664,3.61
8984,지정환피자_피자_디럭스(치즈) 피자 씬 (R),220,22.45,13.64,9.36,2.17,396,4.55
8985,지정환피자_피자_디럭스(치즈) 피자 체다크림크러스트 (L),263,26.84,11.82,11.19,2.6,880,5.45
8986,지정환피자_피자_디럭스(치즈) 피자 체다크림크러스트 (R),264,26.94,11.36,11.23,2.61,528,5.68
8987,지정환피자_피자_디럭스(치즈) 피자 치즈크러스트 (L),257,26.22,11.93,10.93,2.54,872,3.67
8988,지정환피자_피자_디럭스(치즈) 피자 치즈크러스트 (R),256,26.12,12.36,10.89,2.53,534,3.37
8989,지정환피자_피자_디럭스(치즈) 피자 팬 (L),267,27.24,12.24,11.36,2.64,784,3.06
8990,지정환피자_피자_디럭스(치즈) 피자 팬 (R),269,27.45,11.54,11.44,2.66,468,3.85
8991,투썸플레이스_케이크_초코쉬폰 케이크,320,29.17,4.71,20.32,1.46,679,19.0
8992,피자스쿨_피자_도이치바이트 피자,258,32.45,12.23,9.04,2.55,755,3.72
8993,피자스쿨_피자_도이치바이트피자,261,26.63,11.98,11.1,2.58,785,3.72
8994,피자파는집_피자_도이치피자밀도우(L),101,10.31,7.54,4.3,1.0,1120,1.61
8995,피자파는집_피자_도이치피자밀도우(R),67,6.84,5.02,2.85,0.66,650,1.08
8996,피자파는집_피자_도이치피자씬도우(L),101,10.31,7.55,4.3,1.0,910,1.6
8997,피자파는집_피자_도이치피자씬도우(R),67,6.84,5.03,2.85,0.66,550,1.07
8998,피자는치즈빨_피자_돈까스웨그 피자 (L),306,31.22,12.7,13.02,3.02,1008,3.97
8999,피자는치즈빨_피자_돈까스웨그 피자 (M),307,31.33,12.14,13.06,3.03,840,3.57
9000,피자마루_피자_돼지불백피자,270,27.55,14.91,11.48,2.67,653,4.07
9001,피자마루_피자_돼지불백피자바이트,258,26.33,13.76,10.97,2.55,813,5.03
9002,피자스톰_피자_두둥 바이킹쉬림프 (R),206,21.02,12.43,8.76,2.04,732,2.7
9003,피자스톰_피자_두둥 바이킹쉬림프 피자 (XL),206,21.02,12.43,8.76,2.04,1024,2.7
9004,피자탑_피자_듬뿍체다페파로니 피자 (L),253,25.82,12.5,10.76,2.5,902,3.85
9005,지정환피자_피자_디럭스(치즈) 피자 고구마크러스트 (L),261,26.63,11.01,11.1,2.58,872,4.59
9006,지정환피자_피자_디럭스(치즈) 피자 고구마크러스트 (R),259,26.43,10.23,11.02,2.56,528,4.55
9007,지정환피자_피자_디럭스(치즈) 피자 밀스크린 (L),275,28.06,11.83,11.7,2.72,744,3.23
9008,지정환피자_피자_디럭스(치즈) 피자 밀스크린 (R),272,27.76,11.76,11.57,2.69,408,2.94
9009,지정환피자_피자_짱감자치즈크러스트(R),224,22.86,11.23,9.53,2.21,100,1.92
9010,뚜레쥬르_케이크_초코생크림케이크3호,285,25.98,4.49,18.1,1.3,1026,17.16
9011,킹스타피자_피자_더블페퍼로니 피자 (L),281,28.67,15.88,11.95,2.78,825,3.38
9012,노모어피자_피자_더블페퍼로니피자(L),273,22.1,16.86,12.99,2.7,997,1.98
9013,노모어피자_피자_더블페퍼로니피자(P),273,22.1,16.86,12.99,2.7,399,1.98
9014,노모어피자_피자_더블페퍼로니피자(R),273,22.1,16.86,12.99,2.7,625,1.98
9015,반올림피자_피자_더블포크쉬림프 피자 (L),262,26.73,11.48,11.14,2.59,100,5.96
9016,피자나라치킨공주_피자_더블포테이토 피자 (L),247,25.2,10.67,10.51,2.44,928,4.0
9017,오르새피자_피자_더블포테이토 피자 (L),213,21.73,9.17,9.06,2.1,1200,1.67
9018,피자헤븐_피자_더블포테이토 피자 (L),250,25.51,11.04,10.63,2.47,1304,3.68
9019,비스트로피자_피자_더블포테이토 피자 오리지널 (M),279,24.37,10.71,12.75,2.76,670,4.46
9020,피자나라치킨공주_피자_더블포테이토(L),247,25.2,10.67,10.51,2.44,923,4.0
9021,피자나라치킨공주_피자_더블포테이토(M),247,25.2,10.67,10.51,2.44,643,4.0
9022,비스트로피자_피자_더블포테이토피자 오리지널,281,28.67,10.91,11.95,2.78,660,4.55
9023,피자탑_피자_더블핫치킨폭탄 피자 (L),159,16.22,13.23,6.76,1.57,1125,3.58
9024,피자파는집_피자_도이치 피자 밀도우 (L),101,10.31,7.54,4.3,1.0,1120,1.61
9025,피자파는집_피자_도이치 피자 밀도우 (R),67,6.84,5.02,2.85,0.66,650,1.08
9026,피자파는집_피자_도이치 피자 씬도우 (L),101,10.31,7.55,4.3,1.0,910,1.6
9027,피자파는집_피자_도이치 피자 씬도우 (R),67,6.84,5.03,2.85,0.66,550,1.07
9028,지정환피자_피자_짱감자팬(L),231,23.57,11.33,9.83,2.28,1130,1.9
9029,뚜레쥬르_케이크_초코생크림케이크2호,275,25.06,4.2,17.46,1.26,786,17.17
9030,7번가피자_피자_더블치즈 피자 석쇠 (G),279,28.47,18.25,11.87,2.76,1261,2.38
9031,7번가피자_피자_더블치즈 피자 석쇠 (L),278,28.37,17.93,11.83,2.75,736,2.17
9032,7번가피자_피자_더블치즈 피자 석쇠 (R),278,28.37,17.89,11.83,2.75,490,2.44
9033,7번가피자_피자_더블치즈 피자 씬도우 (L),331,33.78,19.08,14.08,3.27,523,3.05
9034,7번가피자_피자_더블치즈 피자 씬도우 (R),333,33.98,20.81,14.16,3.29,396,4.7
9035,7번가피자_피자_더블치즈 피자 치즈링 (G),273,27.86,18.92,11.61,2.7,1481,2.03
9036,7번가피자_피자_더블치즈 피자 치즈링 (L),273,27.86,18.69,11.61,2.7,856,1.87
9037,7번가피자_피자_더블치즈 피자 치즈링 (R),272,27.76,18.24,11.57,2.69,590,2.03
9038,파파존스_피자_더블치즈버거 피자 (F),289,29.49,10.53,12.29,2.86,1062,5.26
9039,파파존스_피자_더블치즈버거 피자 (L),290,29.59,10.66,12.34,2.87,789,5.08
9040,파파존스_피자_더블치즈버거 피자 (P),290,29.59,11.11,12.34,2.87,1350,5.19
9041,파파존스_피자_더블치즈버거피자 (F),289,29.49,10.53,12.29,2.86,1062,5.26
9042,피자헤븐_피자_더블치즈베이컨 피자 (L),249,25.41,15.08,10.59,2.46,1010,3.97
9043,오르새피자_피자_더블치즈불고기 피자 (L),233,23.78,14.1,9.91,2.3,780,2.56
9044,피자탑_피자_더블치즈폭탄 피자 (L),233,23.78,13.1,9.91,2.3,1000,2.1
9045,오르새피자_피자_더블콤비네이션 피자 (L),239,24.39,15.19,10.17,2.36,790,2.53
9046,피자탑_피자_더블페파로니폭탄 피자 (L),219,22.35,13.93,9.32,2.16,1031,2.5
9047,빅스타피자_피자_더블페퍼로니 피자,301,30.71,15.0,12.8,2.97,1277,0.63
9048,뚜레쥬르_케이크_초코생크림케이크1호,273,24.88,4.14,17.33,1.25,555,16.76
9049,파파존스_피자_더블체다 치즈버거 피자 치즈롤 (F),282,28.78,13.58,12.0,2.79,100,2.51
9050,파파존스_피자_더블체다 치즈버거 피자 치즈롤 (L),282,28.78,13.38,12.0,2.79,100,2.68
9051,파파존스_피자_더블체다 치즈버거 피자 치즈롤 (P),282,28.78,13.48,12.0,2.79,100,2.5
9052,파파존스_피자_더블체다치즈버거 피자 (F),272,27.76,11.84,11.57,2.69,1214,3.95
9053,파파존스_피자_더블체다치즈버거 피자 (L),273,27.86,11.5,11.61,2.7,902,3.54
9054,파파존스_피자_더블체다치즈버거 피자 (P),273,27.86,11.69,11.61,2.7,1543,3.9
9055,피자헛_피자_더블치즈 스테이크 피자 리치골드 (L),248,25.31,11.91,10.55,2.45,1089,8.6
9056,피자헛_피자_더블치즈 스테이크 피자 리치골드 (M),246,25.1,11.67,10.46,2.43,684,7.19
9057,피자헛_피자_더블치즈 스테이크 피자 치즈크러스트 (L),247,25.2,12.48,10.51,2.44,1002,7.44
9058,피자헛_피자_더블치즈 스테이크 피자 치즈크러스트 (M),248,25.31,12.65,10.55,2.45,613,5.49
9059,킹스타피자_피자_더블치즈 피자 (L),274,27.96,18.34,11.66,2.71,805,3.59
9060,피자헤븐_피자_더블치즈 피자 (L),290,29.59,13.64,12.34,2.87,880,3.64
9061,7번가피자_피자_더블치즈 피자 골드스윗 (G),281,28.67,16.88,11.95,2.78,1596,3.75
9062,7번가피자_피자_더블치즈 피자 골드스윗 (L),281,28.67,17.24,11.95,2.78,926,3.45
9063,7번가피자_피자_더블치즈 피자 골드스윗 (R),281,28.67,16.35,11.95,2.78,635,3.77
9064,7번가피자_피자_더블치즈 피자 리코타링 (G),283,28.88,17.36,12.04,2.8,1441,2.78
9065,7번가피자_피자_더블치즈 피자 리코타링 (L),282,28.78,18.1,12.0,2.79,836,2.86
9066,7번가피자_피자_더블치즈 피자 리코타링 (R),283,28.88,17.48,12.04,2.8,570,3.5
9067,청년피자_피자_더블바베큐피자 (L),246,25.1,13.16,10.46,2.43,1001,6.03
9068,프레드피자_피자_더블불고기 피자 (L),269,26.29,14.18,11.2,2.66,835,6.53
9069,비스트로피자_피자_더블불고기 피자 오리지널 (M),257,38.28,12.5,9.35,2.54,525,5.68
9070,피자탑_피자_더블불고기폭탄 피자 (L),160,16.33,10.75,6.81,1.58,1155,2.94
9071,프레드피자_피자_더블불고기피자오리지널(L),250,25.51,15.13,10.63,2.47,740,5.85
9072,피자헛_피자_더블쉬림프크런치씬 포테이토엣지 (L),262,26.73,10.06,11.14,2.59,709,5.93
9073,피자헛_피자_더블쉬림프크런치오리지널포테이토엣지 (L),237,24.18,9.84,10.08,2.34,977,4.92
9074,피자헛_피자_더블쉬림프크런치오리지널포테이토엣지 (M),243,24.8,10.47,10.34,2.4,645,4.58
9075,비토랩_피자_더블스테이크 피자 (L),257,26.22,16.41,10.93,2.54,1020,3.83
9076,비토랩_피자_더블스테이크 피자 (R),259,26.43,16.67,11.02,2.56,830,3.91
9077,파파존스_피자_더블체다 치즈버거 피자 골드링 (F),290,29.59,13.21,12.34,2.87,100,5.59
9078,파파존스_피자_더블체다 치즈버거 피자 골드링 (L),289,29.49,13.67,12.29,2.86,100,5.32
9079,파파존스_피자_더블체다 치즈버거 피자 골드링 (P),289,29.49,13.15,12.29,2.86,100,5.64
9080,파파존스_피자_더블체다 치즈버거 피자 골드링씬 (F),302,30.82,12.35,12.85,2.98,100,4.12
9081,파파존스_피자_더블체다 치즈버거 피자 씬 (F),305,31.12,12.73,12.97,3.01,100,1.34
9082,파파존스_피자_더블체다 치즈버거 피자 오리지널 (F),273,27.86,11.86,11.61,2.7,100,3.95
9083,파파존스_피자_더블체다 치즈버거 피자 오리지널 (L),273,27.86,11.53,11.61,2.7,902,3.55
9084,파파존스_피자_더블체다 치즈버거 피자 오리지널 (P),273,27.86,11.67,11.61,2.7,100,3.89
9085,파파존스_피자_더블 치즈버거 피자 크루아상,346,35.31,10.99,14.72,3.42,100,3.78
9086,피자헛_피자_더블 포테이토크래프티드 플래츠 (P),315,32.14,11.92,13.4,3.11,303,2.91
9087,파파존스_피자_더블 핫&스파이시 멕시칸  (F),239,24.39,10.34,10.17,2.36,100,4.02
9088,파파존스_피자_더블 핫&스파이시 멕시칸  (L),239,24.39,9.91,10.17,2.36,969,4.13
9089,파파존스_피자_더블 핫&스파이시 멕시칸  (P),240,24.49,10.35,10.21,2.37,100,4.36
9090,피자스쿨_피자_더블갈릭바베큐 피자,271,33.33,12.12,9.7,2.68,660,7.27
9091,피자스쿨_피자_더블갈릭바베큐피자,271,27.65,12.12,11.53,2.68,660,7.27
9092,피자파는집_피자_더블바베큐 불고기 피자 밀도우 (L),101,10.31,7.9,4.3,1.0,810,2.96
9093,피자파는집_피자_더블바베큐 불고기 피자 밀도우 (R),67,6.84,5.29,2.85,0.66,560,1.96
9094,피자파는집_피자_더블바베큐 불고기 피자 씬도우 (L),101,10.31,7.93,4.3,1.0,600,2.96
9095,피자파는집_피자_더블바베큐 불고기 피자 씬도우 (R),67,6.84,5.28,2.85,0.66,460,1.97
9096,피자파는집_피자_더블바베큐 불고기 피자밀도우(L),101,10.31,7.9,4.3,1.0,810,2.96
9097,피자파는집_피자_더블바베큐 불고기 피자밀도우(R),67,6.84,5.29,2.85,0.66,560,1.96
9098,피자파는집_피자_더블바베큐 불고기 피자씬도우(L),101,10.31,7.93,4.3,1.0,600,2.96
9099,피자파는집_피자_더블바베큐 불고기 피자씬도우(R),67,6.84,5.28,2.85,0.66,460,1.97
9100,네오피자_피자_더블바베큐 피자 (L),237,24.18,16.83,10.08,2.34,896,6.45
9101,오구쌀피자_피자_더블바베큐 피자 (L),237,24.18,11.28,10.08,2.34,780,5.13
9102,반올림피자_피자_더블바베큐 피자 (L),237,24.18,12.69,10.08,2.34,100,6.41
9103,파파존스_피자_더블 치즈버거 피자 (L),290,29.59,10.65,12.34,2.87,789,5.08
9104,파파존스_피자_더블 치즈버거 피자 (P),290,29.59,11.11,12.34,2.87,100,5.19
9105,파파존스_피자_더블 치즈버거 피자 골드링 (F),308,31.43,12.2,13.1,3.04,100,7.55
9106,파파존스_피자_더블 치즈버거 피자 골드링 (L),308,31.43,12.15,13.1,3.04,100,7.81
9107,파파존스_피자_더블 치즈버거 피자 골드링 (P),308,31.43,12.35,13.1,3.04,100,7.52
9108,파파존스_피자_더블 치즈버거 피자 골드링 씬,322,32.86,11.18,13.7,3.18,100,5.29
9109,파파존스_피자_더블 치즈버거 피자 골드링씬 (F),322,32.86,11.18,13.7,3.18,100,5.29
9110,파파존스_피자_더블 치즈버거 피자 스파이시 갈릭 치즈롤 (F),306,31.22,12.41,13.02,3.02,100,4.14
9111,파파존스_피자_더블 치즈버거 피자 스파이시 갈릭 치즈롤 (L),306,31.22,12.43,13.02,3.02,100,3.89
9112,파파존스_피자_더블 치즈버거 피자 스파이시 갈릭 치즈롤 (P),306,31.22,12.4,13.02,3.02,100,4.13
9113,파파존스_피자_더블 치즈버거 피자 씬,324,33.06,12.25,13.78,3.2,100,1.53
9114,파파존스_피자_더블 치즈버거 피자 씬 (F),324,33.06,12.25,13.78,3.2,100,1.53
9115,파파존스_피자_더블 치즈버거 피자 오리지널 (F),290,29.59,10.55,12.34,2.87,100,5.28
9116,파파존스_피자_더블 치즈버거 피자 오리지널 (L),290,29.59,10.65,12.34,2.87,789,5.07
9117,파파존스_피자_더블 치즈버거 피자 오리지널 (P),290,29.59,11.11,12.34,2.87,100,5.19
9118,파파존스_피자_더블 치즈버거 피자 치즈롤 (F),300,30.61,12.08,12.76,2.96,100,3.45
9119,파파존스_피자_더블 치즈버거 피자 치즈롤 (L),300,30.61,12.23,12.76,2.96,100,3.82
9120,파파존스_피자_더블 치즈버거 피자 치즈롤 (P),300,30.61,12.56,12.76,2.96,100,3.43
9121,봉수아피자_피자_닭발피자피자(XL),156,15.92,10.75,6.64,1.54,2016,0.54
9122,피자스쿨_피자_닭안심살 피자,234,29.09,12.73,7.73,2.31,880,3.64
9123,피자스쿨_피자_닭안심살피자,248,25.31,13.42,10.55,2.45,775,3.64
9124,도미노피자_피자_대만 콘 치즈 감자 피자 나폴리 (L),253,27.86,8.9,11.73,2.5,793,5.0
9125,도미노피자_피자_대만 콘 치즈 감자 피자 더블치즈 엣지 (L),250,26.48,9.8,11.66,2.47,1186,3.8
9126,도미노피자_피자_대만 콘 치즈 감자 피자 더블치즈 페퍼로니 엣지 (L),254,25.58,10.32,13.27,2.51,1226,3.68
9127,도미노피자_피자_대만 콘 치즈 감자 피자 슈퍼시드 화이버 버스트 오리지널 (L),307,29.03,11.04,12.42,3.03,1188,5.75
9128,도미노피자_피자_대만 콘 치즈 감자 피자 슈퍼시드 화이버 오리지널 (L),260,32.66,8.5,10.57,2.57,1002,5.0
9129,도미노피자_피자_대만 콘 치즈 감자 피자 슈화 더블치즈 페퍼로니 엣지 (L),307,27.85,11.63,13.25,3.03,1199,4.94
9130,도미노피자_피자_대만 콘 치즈 감자 피자 씬 (L),261,25.38,9.0,13.73,2.58,658,6.5
9131,도미노피자_피자_대만 콘 치즈 감자 피자 오리지널 (L),257,30.45,9.3,10.89,2.54,1008,3.1
9132,도미노피자_피자_대만 콘 치즈 감자 피자 치즈버스트 나폴리 (L),259,23.96,10.0,13.59,2.56,1021,3.6
9133,도미노피자_피자_대만 콘 치즈 감자 피자 치즈버스트 오리지널 (L),257,28.33,9.0,11.96,2.54,1210,2.5
9134,피자헤븐_피자_대만감자 피자 (L),235,23.98,9.68,10.0,2.32,1240,3.23
9135,피자알볼로_피자_대새 피자 (L),227,23.16,16.28,9.66,2.24,1036,2.33
9136,피자알볼로_피자_대새 피자 (R),231,23.57,15.38,9.83,2.28,620,2.56
9137,오구쌀피자_피자_대왕페퍼로니 피자 (L),276,28.16,13.66,11.74,2.73,820,4.88
9138,오구쌀피자_피자_대왕햄 피자 (L),297,30.31,13.51,12.63,2.93,890,4.95
9139,피자탑_피자_달콤고구마 피자 (L),165,16.84,7.32,7.02,1.63,1158,3.27
9140,빅스타피자_피자_달콤구마 피자,273,29.76,13.1,10.12,2.7,1347,0.6
9141,피자파는집_피자_달콤딥고구마 피자 밀도우 (L),119,12.14,4.03,5.06,1.18,1250,4.86
9142,피자파는집_피자_달콤딥고구마 피자 밀도우 (R),79,8.06,2.68,3.36,0.78,710,3.24
9143,피자파는집_피자_달콤딥고구마 피자 씬도우 (L),119,12.14,4.04,5.06,1.18,1040,4.85
9144,피자파는집_피자_달콤딥고구마 피자 씬도우 (R),79,8.06,2.69,3.36,0.78,610,3.23
9145,피자파는집_피자_달콤딥고구마밀도우(L),119,12.14,4.03,5.06,1.18,1250,4.86
9146,피자파는집_피자_달콤딥고구마밀도우(R),79,8.06,2.68,3.36,0.78,710,3.24
9147,피자파는집_피자_달콤딥고구마씬도우(L),119,12.14,4.04,5.06,1.18,1040,4.85
9148,피자파는집_피자_달콤딥고구마씬도우(R),79,8.06,2.69,3.36,0.78,610,3.23
9149,선명희피자_피자_달콤불고기 피자,205,23.4,14.18,8.72,2.03,1126,9.22
9150,피자와치킨의러브레터_피자_달콤옥수수 피자,275,28.06,12.12,11.7,2.72,790,4.04
9151,청년피자_피자_달콤한나의고구마피자(L),240,24.49,8.97,10.21,2.37,1087,10.0
9152,피자에땅_피자_달콤호구마 (L),252,25.71,11.71,10.72,2.49,890,9.01
9153,피자에땅_피자_달피자 피자 (L),335,34.18,12.93,14.25,3.31,930,5.17
9154,피제이피자_피자_닭발 피자 (L),253,25.82,13.64,10.76,2.5,932,6.58
9155,봉수아피자_피자_닭발 피자 (XL),295,30.1,15.89,12.55,2.92,932,7.6
9156,봉수아피자_피자_닭발피자피자(R),107,10.92,5.95,4.55,1.06,1608,0.6
9157,지정환피자_피자_짱감자팬(R),231,23.57,10.79,9.83,2.28,100,1.88
9158,피자알볼로_피자_단호박피자 (R),245,25.0,8.34,10.42,2.42,550,1.02
9159,피자알볼로_피자_단호박피자 (XL),245,25.0,8.32,10.42,2.42,1280,1.05
9160,피자에땅_피자_달 피자 (L),333,33.98,12.61,14.16,3.29,950,4.2
9161,피자는치즈빨_피자_달달고구마 피자 (L),248,25.31,11.02,10.55,2.45,1016,8.66
9162,피자는치즈빨_피자_달달고구마 피자 (M),248,25.31,10.64,10.55,2.45,846,8.51
9163,피자헛_피자_달달옥수수 피자 씬 (L),350,35.71,12.11,14.89,3.46,457,7.63
9164,봉수아피자_피자_달달허니(R),228,23.27,9.23,9.7,2.25,625,5.58
9165,봉수아피자_피자_달달허니(XL),229,23.37,9.38,9.74,2.26,910,7.52
9166,피자파는집_피자_달짝핫도그 피자 밀도우 (L),125,12.76,7.64,5.32,1.24,1120,3.39
9167,피자파는집_피자_달짝핫도그 피자 밀도우 (R),92,9.39,5.6,3.91,0.91,650,2.49
9168,피자파는집_피자_달짝핫도그 피자 씬도우 (L),129,13.16,7.86,5.49,1.27,880,3.5
9169,피자파는집_피자_달짝핫도그 피자 씬도우 (R),86,8.78,5.24,3.66,0.85,595,2.32
9170,피자파는집_피자_달짝핫도그피자밀도우(L),125,12.76,7.64,5.32,1.24,1120,3.39
9171,피자파는집_피자_달짝핫도그피자밀도우(R),92,9.39,5.6,3.91,0.91,650,2.49
9172,피자파는집_피자_달짝핫도그피자씬도우(L),129,13.16,7.86,5.49,1.27,880,3.5
9173,피자파는집_피자_달짝핫도그피자씬도우(R),86,8.78,5.24,3.66,0.85,595,2.32
9174,고피자_피자_달콤 고구마 피자,219,22.35,7.96,9.32,2.16,441,9.09
9175,고피자_피자_달콤 고구마 피자 (L),247,25.2,9.28,10.51,2.44,778,11.34
9176,유로코피자_피자_달콤고구마 피자,236,24.08,7.72,10.04,2.33,984,8.58
9177,파리바게뜨_케이크_초코생크림뉴욕롤,436,43.02,5.81,25.58,1.99,86,13.95
9178,임실N치즈피자_피자_단호박 피자 라이스골드 (F),254,25.92,14.2,10.8,2.51,1788,4.64
9179,임실N치즈피자_피자_단호박 피자 라이스골드 (L),267,27.24,13.95,11.36,2.64,1351,3.79
9180,임실N치즈피자_피자_단호박 피자 라이스골드 (R),273,27.86,14.56,11.61,2.7,757,3.6
9181,임실N치즈피자_피자_단호박 피자 라이스바이트 (F),262,26.73,13.29,11.14,2.59,1870,3.98
9182,임실N치즈피자_피자_단호박 피자 라이스바이트 (L),269,27.45,13.72,11.44,2.66,1431,4.31
9183,임실N치즈피자_피자_단호박 피자 백미 (L),192,19.59,7.33,8.17,1.9,921,3.9
9184,임실N치즈피자_피자_단호박 피자 백미 (R),194,19.8,6.46,8.25,1.92,567,3.25
9185,임실N치즈피자_피자_단호박 피자 석쇠 (F),257,26.22,13.35,10.93,2.54,1365,4.74
9186,임실N치즈피자_피자_단호박 피자 석쇠 (L),259,26.43,13.4,11.02,2.56,991,4.78
9187,임실N치즈피자_피자_단호박 피자 석쇠 (R),261,26.63,13.48,11.1,2.58,507,4.72
9188,임실N치즈피자_피자_단호박 피자 치즈크러스트 (F),258,26.33,14.05,10.97,2.55,1495,4.31
9189,임실N치즈피자_피자_단호박 피자 치즈크러스트 (L),267,27.24,14.55,11.36,2.64,1191,4.21
9190,임실N치즈피자_피자_단호박 피자 치즈크러스트 (R),274,27.96,15.12,11.66,2.71,677,3.94
9191,임실N치즈피자_피자_단호박 피자 팬 (F),264,26.94,13.73,11.23,2.61,1465,4.66
9192,임실N치즈피자_피자_단호박 피자 팬 (L),266,27.14,13.76,11.31,2.63,1051,4.73
9193,임실N치즈피자_피자_단호박 피자 팬 (R),267,27.24,13.78,11.36,2.64,537,4.65
9194,피자알볼로_피자_단호박피자,243,24.8,8.02,10.34,2.4,497,1.41
9195,피자알볼로_피자_단호박피자 (L),245,25.0,8.33,10.42,2.42,1010,1.04
9196,피제이피자_피자_뉴클리어 피자 (L),245,25.0,11.09,10.42,2.42,1003,5.81
9197,피자는치즈빨_피자_니가가라하와이 피자 (L),263,26.84,12.9,11.19,2.6,744,6.45
9198,피자는치즈빨_피자_니가가라하와이 피자 (M),263,26.84,12.9,11.19,2.6,558,6.45
9199,오르새피자_피자_다넣었어 피자 (L),93,9.49,3.76,3.96,0.92,1250,1.92
9200,업텐브로피자_피자_다이나믹고구마무스 피자 (L),291,29.69,13.0,12.38,2.88,1345,7.0
9201,피자알볼로_피자_단고통밀도우피자,275,28.06,8.93,11.7,2.72,724,5.76
9202,서오릉피자_피자_단짠반반 (L),236,24.08,9.02,10.04,2.33,983,5.26
9203,서오릉피자_피자_단짠반반 (R),238,24.29,8.93,10.12,2.35,621,5.36
9204,서오릉피자_피자_단짠반반 피자 (L),263,26.84,9.57,11.19,2.6,100,6.1
9205,서오릉피자_피자_단짠반반 피자 (R),269,27.45,9.95,11.44,2.66,100,6.01
9206,피자는치즈빨_피자_단짠콘후라이 피자 (L),240,24.49,11.57,10.21,2.37,968,3.31
9207,피자는치즈빨_피자_단짠콘후라이 피자 (M),240,24.49,11.46,10.21,2.37,576,4.17
9208,피자알볼로_피자_단호박 알픽,296,30.2,8.59,12.59,2.92,200,6.23
9209,오구쌀피자_피자_단호박 피자 (L),209,21.33,7.91,8.89,2.07,858,8.37
9210,킹스타피자_피자_단호박 피자 (L),223,22.76,7.9,9.49,2.2,980,9.68
9211,피자알볼로_피자_단호박 피자 (L),243,24.8,8.41,10.34,2.4,1280,1.04
9212,피자애_피자_단호박 피자 (L),288,29.39,5.78,12.25,2.85,935,6.64
9213,킹스타피자_피자_단호박 피자 (M),212,21.63,9.24,9.02,2.09,715,10.08
9214,피자알볼로_피자_단호박 피자 (R),242,24.69,8.79,10.29,2.39,725,1.02
9215,도미노피자_피자_뉴욕 오리진 피자 슈화 더블 치즈 페퍼로니 엣지 (M),307,31.33,15.84,14.97,3.03,797,1.58
9216,도미노피자_피자_뉴욕 오리진 피자 씬 (L),260,26.53,13.45,15.43,2.57,788,2.75
9217,도미노피자_피자_뉴욕 오리진 피자 씬 (M),269,27.45,14.66,16.16,2.66,419,2.66
9218,도미노피자_피자_뉴욕 오리진 피자 오리지널 (L),251,20.04,12.73,13.33,2.48,1154,3.08
9219,도미노피자_피자_뉴욕 오리진 피자 오리지널 (M),250,24.06,13.24,11.19,2.47,663,2.36
9220,도미노피자_피자_뉴욕 오리진 피자 치즈버스트 나폴리 (L),270,27.55,12.62,17.48,2.67,1185,3.03
9221,도미노피자_피자_뉴욕 오리진 피자 치즈버스트 오리지널 (L),234,21.32,12.47,10.94,2.31,1374,2.95
9222,도미노피자_피자_뉴욕 오리진 피자 트리플치즈버스트 엣지 (L),242,24.69,12.79,10.29,2.39,1375,4.07
9223,피자헛_피자_뉴욕 핫도그씬 핫도그엣지 (L),290,29.59,12.25,12.34,2.87,604,3.64
9224,피자헛_피자_뉴욕 핫도그핫도그엣지 (L),249,25.41,10.25,10.59,2.46,966,2.67
9225,피자헛_피자_뉴욕 핫도그핫도그엣지 (M),260,26.53,10.92,11.06,2.57,588,2.7
9226,피자플래넷_피자_뉴욕베이컨체더 피자 (L),247,25.2,5.94,10.51,2.44,995,2.45
9227,비스트로피자_피자_뉴욕소세지 피자 오리지널 (M),287,28.4,13.4,14.14,2.84,580,5.15
9228,피자탑_피자_뉴욕스테이크 피자 (L),164,16.73,9.96,6.98,1.62,1170,2.3
9229,도미노피자_피자_뉴욕오리진 오리지널 트리플치즈버스트엣지 (L),253,25.82,13.33,10.76,2.5,1297,2.67
9230,피제이피자_피자_뉴욕페퍼로니 피자,290,36.18,14.69,11.24,2.87,751,5.33
9231,비토랩_피자_뉴욕핫독 피자 (L),249,25.41,13.29,10.59,2.46,1140,0.28
9232,비토랩_피자_뉴욕핫독 피자 (R),250,25.51,13.04,10.63,2.47,830,0.07
9233,지정환피자_피자_뉴그릴드치킨치즈크러스트(L),218,22.24,13.5,9.27,2.15,1020,3.52
9234,지정환피자_피자_뉴그릴드치킨치즈크러스트(R),217,22.14,13.48,9.23,2.14,100,3.5
9235,지정환피자_피자_뉴그릴드치킨팬(L),223,22.76,13.29,9.49,2.2,925,3.64
9236,지정환피자_피자_뉴그릴드치킨팬(R),223,22.76,13.23,9.49,2.2,100,3.65
9237,지정환피자_피자_뉴그릴드치킨흑미스크린(L),214,21.84,13.16,9.1,2.11,100,5.19
9238,지정환피자_피자_뉴그릴드치킨흑미스크린(R),208,21.22,13.29,8.85,2.06,100,5.14
9239,지정환피자_피자_뉴그릴드치킨흑미치즈크러스트(L),209,21.33,13.39,8.89,2.07,100,4.91
9240,지정환피자_피자_뉴그릴드치킨흑미치즈크러스트(R),203,20.71,13.57,8.63,2.01,100,4.79
9241,도미노피자_피자_뉴욕 오리진 피자 나폴리 (L),249,21.97,11.6,12.74,2.46,945,3.28
9242,도미노피자_피자_뉴욕 오리진 피자 나폴리 (M),244,21.31,12.87,11.91,2.41,553,2.54
9243,도미노피자_피자_뉴욕 오리진 피자 더블치즈 엣지 (L),245,21.38,12.94,11.94,2.42,1342,2.41
9244,도미노피자_피자_뉴욕 오리진 피자 더블치즈 엣지 (M),264,25.84,13.84,11.66,2.61,806,2.55
9245,도미노피자_피자_뉴욕 오리진 피자 더블치즈 페퍼로니 엣지 (L),249,25.41,13.31,14.96,2.46,1382,2.34
9246,도미노피자_피자_뉴욕 오리진 피자 더블치즈 페퍼로니 엣지 (M),267,27.24,14.13,13.38,2.64,826,2.49
9247,도미노피자_피자_뉴욕 오리진 피자 슈퍼시드 화이버 버스트 오리지널 (L),299,21.35,14.13,14.18,2.95,1351,1.66
9248,도미노피자_피자_뉴욕 오리진 피자 슈퍼시드 화이버 오리지널 (L),257,23.25,11.9,12.87,2.54,1165,1.0
9249,도미노피자_피자_뉴욕 오리진 피자 슈퍼시드 화이버 오리지널 (M),255,23.01,12.6,12.55,2.52,661,1.5
9250,도미노피자_피자_뉴욕 오리진 피자 슈화 더블 치즈 페퍼로니 엣지 (L),298,20.38,14.56,14.89,2.94,1362,1.07
9251,지정환피자_피자_뉴그릴드치킨 피자 흑미스크린 (L),214,21.84,13.89,9.1,2.11,864,5.56
9252,지정환피자_피자_뉴그릴드치킨 피자 흑미스크린 (R),208,21.22,12.5,8.85,2.06,480,5.0
9253,지정환피자_피자_뉴그릴드치킨 피자 흑미스크린치즈크러스트 (L),208,21.22,13.33,8.85,2.06,960,5.0
9254,지정환피자_피자_뉴그릴드치킨 피자 흑미스크린치즈크러스트 (R),202,20.61,13.19,8.59,2.0,546,4.4
9255,지정환피자_피자_뉴그릴드치킨고구마크러스트(L),221,22.55,12.16,9.4,2.18,1020,4.95
9256,지정환피자_피자_뉴그릴드치킨고구마크러스트(R),221,22.55,12.1,9.4,2.18,100,4.96
9257,지정환피자_피자_뉴그릴드치킨밀스크린(L),227,23.16,13.24,9.66,2.24,100,3.52
9258,지정환피자_피자_뉴그릴드치킨밀스크린(R),220,22.45,13.36,9.36,2.17,100,3.64
9259,지정환피자_피자_뉴그릴드치킨밀스크린치즈크러스트(L),221,22.55,13.46,9.4,2.18,100,3.4
9260,지정환피자_피자_뉴그릴드치킨밀스크린치즈크러스트(R),213,21.73,13.62,9.06,2.1,100,3.48
9261,지정환피자_피자_뉴그릴드치킨백미스크린(L),220,22.45,13.25,9.36,2.17,100,6.35
9262,지정환피자_피자_뉴그릴드치킨백미스크린(R),213,21.73,13.37,9.06,2.1,100,6.18
9263,지정환피자_피자_뉴그릴드치킨백미치즈크러스트(L),214,21.84,13.47,9.1,2.11,100,5.94
9264,지정환피자_피자_뉴그릴드치킨백미치즈크러스트(R),207,21.12,13.64,8.81,2.05,100,5.7
9265,지정환피자_피자_뉴그릴드치킨씬(L),222,22.65,14.14,9.44,2.19,660,3.98
9266,지정환피자_피자_뉴그릴드치킨씬(R),221,22.55,14.06,9.4,2.18,393,4.0
9267,지정환피자_피자_뉴그릴드치킨체다크림크러스트(L),223,22.76,12.63,9.49,2.2,1025,5.46
9268,지정환피자_피자_뉴그릴드치킨체다크림크러스트(R),223,22.76,12.57,9.49,2.2,100,5.47
9269,지정환피자_피자_뉴그릴드치킨 피자 밀스크린고구마크러스트 (L),224,22.86,12.2,9.53,2.21,984,4.88
9270,지정환피자_피자_뉴그릴드치킨 피자 밀스크린고구마크러스트 (R),216,22.04,11.96,9.19,2.13,552,5.43
9271,지정환피자_피자_뉴그릴드치킨 피자 밀스크린체다크림크러스트 (L),225,22.96,12.9,9.57,2.22,992,5.65
9272,지정환피자_피자_뉴그릴드치킨 피자 밀스크린체다크림크러스트 (R),220,22.45,13.04,9.36,2.17,552,5.43
9273,지정환피자_피자_뉴그릴드치킨 피자 밀스크린치즈크러스트 (L),220,22.45,13.01,9.36,2.17,984,3.25
9274,지정환피자_피자_뉴그릴드치킨 피자 밀스크린치즈크러스트 (R),213,21.73,12.77,9.06,2.1,564,3.19
9275,지정환피자_피자_뉴그릴드치킨 피자 백미스크린 (L),221,22.55,13.08,9.4,2.18,856,6.54
9276,지정환피자_피자_뉴그릴드치킨 피자 백미스크린 (R),213,21.73,12.5,9.06,2.1,480,6.25
9277,지정환피자_피자_뉴그릴드치킨 피자 백미스크린치즈크러스트 (L),213,21.73,12.5,9.06,2.1,960,5.83
9278,지정환피자_피자_뉴그릴드치킨 피자 백미스크린치즈크러스트 (R),207,21.12,13.19,8.81,2.05,546,5.49
9279,지정환피자_피자_뉴그릴드치킨 피자 씬 (L),238,24.29,10.64,10.12,2.35,752,4.26
9280,지정환피자_피자_뉴그릴드치킨 피자 씬 (R),239,24.39,9.72,10.17,2.36,432,4.17
9281,지정환피자_피자_뉴그릴드치킨 피자 체다크림크러스트 (L),223,22.76,12.5,9.49,2.2,1024,5.47
9282,지정환피자_피자_뉴그릴드치킨 피자 체다크림크러스트 (R),223,22.76,12.75,9.49,2.2,612,5.88
9283,지정환피자_피자_뉴그릴드치킨 피자 치즈크러스트 (L),218,22.24,13.39,9.27,2.15,1016,3.15
9284,지정환피자_피자_뉴그릴드치킨 피자 치즈크러스트 (R),217,22.14,13.59,9.23,2.14,618,3.88
9285,지정환피자_피자_뉴그릴드치킨 피자 팬 (L),222,22.65,12.93,9.44,2.19,928,3.45
9286,지정환피자_피자_뉴그릴드치킨 피자 팬 (R),224,22.86,13.04,9.53,2.21,552,3.26
9287,뚜레쥬르_케이크_초코생크림 케이크 2호,294,26.8,4.45,18.67,1.34,786,17.17
9288,7번가피자_피자_놀부단호박 피자 골드스윗 (L),257,26.22,13.19,10.93,2.54,1150,3.47
9289,7번가피자_피자_놀부단호박 피자 골드스윗 (R),256,26.12,12.38,10.89,2.53,839,3.81
9290,7번가피자_피자_놀부단호박 피자 리코타링 (L),256,26.12,13.53,10.89,2.53,1060,3.01
9291,7번가피자_피자_놀부단호박 피자 리코타링 (R),257,26.22,13.4,10.93,2.54,774,3.61
9292,7번가피자_피자_놀부단호박 피자 석쇠 (L),250,25.51,13.33,10.63,2.47,960,2.5
9293,7번가피자_피자_놀부단호박 피자 석쇠 (R),251,25.61,13.22,10.68,2.48,694,2.87
9294,7번가피자_피자_놀부단호박 피자 씬도우 (L),287,29.29,13.26,12.21,2.84,723,5.52
9295,7번가피자_피자_놀부단호박 피자 씬도우 (R),269,27.45,12.16,11.44,2.66,592,4.73
9296,7번가피자_피자_놀부단호박 피자 치즈링 (L),249,25.41,14.07,10.59,2.46,1080,2.22
9297,7번가피자_피자_놀부단호박 피자 치즈링 (R),249,25.41,14.07,10.59,2.46,794,2.51
9298,비토랩_피자_눈꽃열차 피자 (L),279,28.47,15.94,11.87,2.76,1240,3.74
9299,비토랩_피자_눈꽃열차 피자 (R),279,28.47,15.93,11.87,2.76,810,3.78
9300,피자에땅_피자_눈꽃치즈 피자 (L),248,25.31,8.75,10.55,2.45,1279,6.88
9301,피자헤븐_피자_눈꽃치즈스테이크 피자 (L),237,24.18,13.53,10.08,2.34,1359,2.94
9302,지정환피자_피자_뉴그릴드치킨 피자 고구마크러스트 (L),220,22.45,12.5,9.36,2.17,1024,4.69
9303,지정환피자_피자_뉴그릴드치킨 피자 고구마크러스트 (R),220,22.45,11.76,9.36,2.17,612,4.9
9304,지정환피자_피자_뉴그릴드치킨 피자 밀스크린 (L),227,23.16,13.51,9.66,2.24,888,3.6
9305,지정환피자_피자_뉴그릴드치킨 피자 밀스크린 (R),221,22.55,13.41,9.4,2.18,492,3.66
9306,피자마루_피자_꿀고구마 피자 바이트 (L),231,23.57,9.06,9.83,2.28,1035,7.46
9307,피자마루_피자_꿀고구마피자,231,23.57,8.76,9.83,2.28,870,6.91
9308,피자마루_피자_꿀고구마피자바이트,231,23.57,9.07,9.83,2.28,1035,7.46
9309,피자알볼로_피자_꿈을 피자 (L),233,23.78,16.44,9.91,2.3,1165,1.23
9310,피자알볼로_피자_꿈을 피자 (R),250,25.51,16.28,10.63,2.47,690,1.16
9311,피자알볼로_피자_꿈을피자 (L),237,24.18,15.99,10.08,2.34,942,1.23
9312,피자알볼로_피자_꿈을피자 (R),252,25.71,15.63,10.72,2.49,564,1.16
9313,피자알볼로_피자_꿈을피자 (XL),260,26.53,16.13,11.06,2.57,1165,0.84
9314,반올림피자_피자_나이스투미트유 피자 (L),270,27.55,15.97,11.48,2.67,1145,3.65
9315,피자스쿨_피자_나폴리 피자,241,29.7,12.35,8.24,2.38,761,4.12
9316,피자알볼로_피자_나폴리로제피자 (L),235,23.98,12.03,10.0,2.32,915,4.0
9317,피자알볼로_피자_나폴리로제피자 (R),238,24.29,13.29,10.12,2.35,465,3.68
9318,피자알볼로_피자_나폴리로제피자 (XL),235,23.98,12.04,10.0,2.32,1097,4.01
9319,고피자_피자_나폴리슈림프 피자,214,21.84,10.78,9.1,2.11,288,5.42
9320,피자스쿨_피자_나폴리피자,246,25.1,11.7,10.46,2.43,761,4.12
9321,피자알볼로_피자_날개 피자 (L),268,27.35,12.68,11.4,2.65,1136,4.93
9322,비토랩_피자_날밤새우게 피자 (L),218,22.24,13.67,9.27,2.15,1110,3.31
9323,비토랩_피자_날밤새우게 피자 (R),218,22.24,13.79,9.27,2.15,870,3.38
9324,뽕뜨락피자_피자_넌필수있어 피자 (L),293,29.9,10.79,12.46,2.9,737,3.92
9325,마리웨일237_케이크_초코바스크치즈 케이크,363,33.08,5.26,23.05,1.66,38,21.05
9326,7번가피자_피자_깐쇼불갈비 피자 씬도우 (R),264,26.94,11.11,11.23,2.61,646,2.47
9327,7번가피자_피자_깐쇼불갈비 피자 씬바샤삭 (L),288,29.39,12.17,12.25,2.85,757,4.23
9328,7번가피자_피자_깐쇼불갈비 피자 씬바샤삭 (R),264,26.94,11.11,11.23,2.61,646,2.47
9329,7번가피자_피자_깐쇼불갈비 피자 치즈링 (L),253,25.82,13.56,10.76,2.5,944,5.08
9330,7번가피자_피자_깐쇼불갈비 피자 치즈링 (R),252,25.71,14.2,10.72,2.49,677,4.73
9331,피자스쿨_피자_깐쇼새우 피자,305,42.59,13.89,8.8,3.01,864,5.09
9332,피자스쿨_피자_깐쇼새우피자,253,25.82,11.98,10.76,2.5,785,5.09
9333,오구쌀피자_피자_꽃 피자 (L),283,28.88,15.57,12.04,2.8,850,4.72
9334,피제이피자_피자_꽃길만 감자 피자,198,25.27,8.89,6.87,1.96,927,6.26
9335,봉수아피자_피자_꽃맛살쉬림프 피자 (XL),260,26.53,18.87,11.06,2.57,1200,3.4
9336,봉수아피자_피자_꽃맛살쉬림프(R),195,19.9,14.17,8.29,1.93,792,2.58
9337,봉수아피자_피자_꽃맛살쉬림프(XL),260,26.53,18.87,11.06,2.57,1200,3.4
9338,서오릉피자_피자_꽉채운 페퍼로니 피자 (L),260,26.53,13.87,11.06,2.57,100,4.59
9339,서오릉피자_피자_꽉채운 페퍼로니 피자 (R),262,26.73,14.26,11.14,2.59,100,4.59
9340,서오릉피자_피자_꽉채운페퍼로니 (L),238,24.29,12.96,10.12,2.35,793,3.7
9341,서오릉피자_피자_꽉채운페퍼로니 (R),242,24.69,13.48,10.29,2.39,493,4.49
9342,피자마루_피자_꿀고구마 피자 (L),231,23.57,8.76,9.83,2.28,870,6.91
9343,지정환피자_피자_짱감자흑미스크린(R),218,22.24,10.54,9.27,2.15,100,2.9
9344,뚜레쥬르_케이크_초코생크림 케이크 3호,302,27.52,4.77,19.17,1.38,1027,17.16
9345,파파존스_피자_그린잇 식물성 가든 스페셜,211,21.53,5.74,8.98,2.08,767,5.74
9346,파파존스_피자_그린잇 식물성 가든 스페셜 피자 오리지널 (L),211,21.53,5.74,8.98,2.08,767,5.74
9347,파파존스_피자_그린잇 식물성 마가리타,274,27.96,6.85,11.66,2.71,584,6.16
9348,파파존스_피자_그린잇 식물성 마가리타 피자 오리지널 (L),274,27.96,6.85,11.66,2.71,584,6.16
9349,굽네치킨_피자_그릴드비프 갈비천왕 피자,297,30.52,12.34,12.63,2.93,100,6.49
9350,피자헤븐_피자_그릴드포크벨리 피자 (L),251,25.61,11.04,10.68,2.48,1233,4.55
9351,오르새피자_피자_까르보나라 피자 (L),243,24.8,14.08,10.34,2.4,980,3.06
9352,피자스쿨_피자_까르보네 피자,253,30.98,13.59,8.4,2.5,740,3.8
9353,피자스쿨_피자_까르보네피자,247,25.2,13.65,10.51,2.44,740,3.8
9354,반올림피자_피자_까르보치킨 피자 (L),235,23.98,10.51,10.0,2.32,1160,4.74
9355,7번가피자_피자_깐쇼불갈비 피자 골드스윗 (L),261,26.63,12.6,11.1,2.58,1014,6.3
9356,7번가피자_피자_깐쇼불갈비 피자 골드스윗 (R),260,26.53,12.71,11.06,2.57,722,6.08
9357,7번가피자_피자_깐쇼불갈비 피자 리코타링 (L),260,26.53,12.93,11.06,2.57,924,6.03
9358,7번가피자_피자_깐쇼불갈비 피자 리코타링 (R),262,26.73,13.41,11.14,2.59,657,6.1
9359,7번가피자_피자_깐쇼불갈비 피자 석쇠 (L),254,25.92,12.62,10.8,2.51,824,5.83
9360,7번가피자_피자_깐쇼불갈비 피자 석쇠 (R),254,25.92,13.19,10.8,2.51,577,5.56
9361,7번가피자_피자_깐쇼불갈비 피자 씬도우 (L),288,29.39,12.17,12.25,2.85,757,4.23
9362,지정환피자_피자_짱감자흑미스크린(L),223,22.76,11.11,9.49,2.2,100,3.05
9363,뚜레쥬르_케이크_초코생크림 케이크 1호,287,26.16,4.14,18.22,1.31,556,16.76
9364,뽕뜨락피자_피자_관자네 온 새우 피자 (L),219,22.35,13.35,9.32,2.16,1079,3.71
9365,뽕뜨락피자_피자_관자네 온 새우 피자 (M),229,23.37,15.07,9.74,2.26,664,3.62
9366,서오릉피자_피자_국민반반 (L),216,22.04,9.92,9.19,2.13,890,4.96
9367,서오릉피자_피자_국민반반 (R),219,22.35,11.11,9.32,2.16,545,4.04
9368,서오릉피자_피자_국민반반 피자 (L),235,23.98,11.23,10.0,2.32,100,4.99
9369,서오릉피자_피자_국민반반 피자 (R),239,24.39,11.63,10.17,2.36,100,4.98
9370,왕손피자_피자_궁중불고기 피자 (L),260,26.53,12.36,11.06,2.57,1100,2.91
9371,피자플래넷_피자_그라나콤비네이션 피자 (L),249,25.41,5.28,10.59,2.46,985,2.5
9372,7번가피자_피자_그린머쉬룸 피자 골드스윗 (L),263,26.84,12.73,11.19,2.6,880,6.36
9373,7번가피자_피자_그린머쉬룸 피자 골드스윗 (R),263,26.84,12.23,11.19,2.6,556,6.47
9374,7번가피자_피자_그린머쉬룸 피자 리코타링 (L),263,26.84,13.13,11.19,2.6,790,5.56
9375,7번가피자_피자_그린머쉬룸 피자 리코타링 (R),264,26.94,13.01,11.23,2.61,491,6.5
9376,7번가피자_피자_그린머쉬룸 피자 석쇠 (L),255,26.02,13.29,10.85,2.52,690,5.2
9377,7번가피자_피자_그린머쉬룸 피자 석쇠 (R),254,25.92,12.62,10.8,2.51,411,5.83
9378,7번가피자_피자_그린머쉬룸 피자 씬바샤삭 (L),305,31.12,14.52,12.97,3.01,495,4.03
9379,7번가피자_피자_그린머쉬룸 피자 씬바샤삭 (R),299,30.51,15.6,12.72,2.95,376,3.55
9380,7번가피자_피자_그린머쉬룸 피자 치즈링 (L),252,25.71,13.86,10.72,2.49,810,4.95
9381,7번가피자_피자_그린머쉬룸 피자 치즈링 (R),252,25.71,14.06,10.72,2.49,511,4.69
9382,파리바게뜨_케이크_초코반 딸기반,290,25.0,4.0,20.0,1.32,710,12.0
9383,피자마루_피자_골드페파로니 피자 (L),286,29.18,14.54,12.17,2.83,908,4.85
9384,피자마루_피자_골드페퍼로니피자,286,29.18,14.54,12.17,2.83,908,4.85
9385,피자마루_피자_골드포테이토 피자 (L),263,26.84,12.8,11.19,2.6,1000,3.8
9386,피자마루_피자_골드포테이토피자,263,26.84,12.8,11.19,2.6,1000,3.8
9387,난타5000피자_피자_골드프리미엄 불고기 피자 (L),377,42.67,17.73,15.0,3.73,792,6.37
9388,피자마루_피자_골드하와이언쉬림프 피자 (L),232,23.67,12.49,9.87,2.29,1059,6.53
9389,피자마루_피자_골드하와이언쉬림프피자,232,23.67,12.49,9.87,2.29,1059,6.53
9390,난타5000피자_피자_골드핫치킨 피자 (L),371,40.61,20.84,13.88,3.67,900,7.18
9391,피자마루_피자_골드흑마늘불고기피자,257,26.22,12.41,10.93,2.54,948,5.64
9392,맘스피자_피자_골든맥앤치즈피자 (L),241,24.59,11.02,10.25,2.38,906,2.13
9393,맘스피자_피자_골든맥앤치즈피자 (M),238,24.29,12.06,10.12,2.35,678,1.2
9394,맘스피자_피자_골든맥앤치즈피자 리치골드크러스트 (L),247,25.2,11.5,10.51,2.44,1106,2.03
9395,맘스피자_피자_골든맥앤치즈피자 리치골드크러스트 (M),243,24.8,12.27,10.34,2.4,778,1.25
9396,맘스피자_피자_골든맥앤치즈피자 치즈크러스트 (L),246,25.1,11.29,10.46,2.43,1006,1.98
9397,맘스피자_피자_골든맥앤치즈피자 치즈크러스트 (M),243,24.8,12.22,10.34,2.4,753,1.14
9398,피자나라치킨공주_피자_골든치즈볼 피자 (L),307,31.33,13.33,13.06,3.03,856,4.0
9399,유로코피자_피자_골든큐브스테이크 피자,215,21.94,11.35,9.15,2.12,1138,3.89
9400,유로코피자_피자_과카몰리 비프 쉬림프 피자,249,25.41,12.21,10.59,2.46,992,7.52
9401,파리바게뜨_케이크_초코바닐라 마블쉬폰,315,30.0,4.0,20.0,1.44,560,16.0
9402,피자헛_피자_골드 콘 하베스트팬 (L),289,29.49,8.62,12.29,2.86,933,5.95
9403,난타5000피자_피자_골드고구마 피자 (L),283,37.84,12.51,9.07,2.8,920,4.91
9404,비스트로피자_피자_골드고구마 피자 오리지널 (M),292,25.34,17.2,15.34,2.89,555,5.38
9405,비스트로피자_피자_골드고구마피자 오리지널,282,28.78,12.25,12.0,2.79,590,5.1
9406,피자마루_피자_골드고추마요치킨피자,280,28.57,13.59,11.91,2.77,896,5.36
9407,피자마루_피자_골드꿀고구마 피자 (L),239,24.39,9.91,10.17,2.36,1095,7.05
9408,피자마루_피자_골드꿀고구마피자,239,24.39,9.9,10.17,2.36,1095,7.05
9409,피자마루_피자_골드데리치킨피자,254,25.92,14.5,10.8,2.51,948,5.55
9410,피자마루_피자_골드스테이크불갈비피자,263,26.84,15.0,11.19,2.6,955,4.87
9411,피자마루_피자_골드아메리칸체다피자,262,26.73,12.73,11.14,2.59,948,4.06
9412,피자마루_피자_골드이탈리안치즈 피자 (L),280,28.57,16.07,11.91,2.77,825,4.56
9413,피자마루_피자_골드이탈리안치즈피자,280,28.57,16.07,11.91,2.77,825,4.56
9414,피자마루_피자_골드체다소세지 피자 (L),255,26.02,13.57,10.85,2.52,905,5.28
9415,피자마루_피자_골드콤비네이션 피자 (L),250,25.51,13.28,10.63,2.47,951,4.33
9416,피자마루_피자_골드콤비네이션피자,250,25.51,13.28,10.63,2.47,951,4.33
9417,피자마루_피자_골드투움바파스타 피자 (L),242,24.69,11.27,10.29,2.39,993,4.24
9418,피자마루_피자_골드투움바피자,242,24.69,11.27,10.29,2.39,993,4.24
9419,피자마루_피자_골드트러플버섯 피자 (L),262,26.73,11.61,11.14,2.59,817,4.98
9420,따삐오_케이크_초코미니 롤,318,28.98,6.0,20.19,1.45,120,19.0
9421,피자탑_피자_고소포테이토 피자 (L),187,19.08,9.17,7.95,1.85,1067,2.59
9422,반올림피자_피자_고스트페퍼로니 피자 (L),269,27.45,10.56,11.44,2.66,100,6.49
9423,피자마루_피자_고추마요치킨피자,285,29.08,13.83,12.12,2.82,676,4.98
9424,피자마루_피자_고추마요치킨피자바이트,271,27.65,12.92,11.53,2.68,836,5.74
9425,선명희피자_피자_고추불고기 피자,221,24.63,14.18,9.4,2.18,1074,5.97
9426,봉수아피자_피자_고추장불고기 피자,270,27.55,14.16,11.48,2.67,900,7.96
9427,봉수아피자_피자_고추장불고기(R),272,27.76,14.44,11.57,2.69,540,7.78
9428,봉수아피자_피자_고추장불고기(XL),270,27.55,14.16,11.48,2.67,900,7.97
9429,피자헛_피자_골드 콘 하베스트리치골드 (L),258,26.33,9.74,10.97,2.55,1227,5.95
9430,피자헛_피자_골드 콘 하베스트리치골드 (M),261,26.63,10.39,11.1,2.58,764,5.83
9431,피자헛_피자_골드 콘 하베스트씬 (L),293,29.9,9.52,12.46,2.9,591,8.16
9432,피자헛_피자_골드 콘 하베스트오리지널 (L),258,26.33,9.43,10.97,2.55,852,6.32
9433,피자헛_피자_골드 콘 하베스트오리지널 (M),259,26.43,10.11,11.02,2.56,536,5.39
9434,피자헛_피자_골드 콘 하베스트치즈크러스트 (L),259,26.43,10.15,11.02,2.56,1068,4.89
9435,피자헛_피자_골드 콘 하베스트치즈크러스트 (M),261,26.63,11.2,11.1,2.58,648,4.35
9436,피자헛_피자_골드 콘 하베스트치즈크러스트 골드 (L),263,26.84,10.66,11.19,2.6,1100,4.74
9437,피자헛_피자_골드 콘 하베스트치즈크러스트 골드 (M),266,27.14,11.62,11.31,2.63,666,4.23
9438,지정환피자_피자_짱감자흑미치즈크러스트(L),219,22.35,11.47,9.32,2.16,100,2.99
9439,7번가피자_피자_고르곤졸라 피자 씬도우 (R),373,38.06,18.4,15.87,3.69,332,3.2
9440,7번가피자_피자_고르곤졸라 피자 씬바샤삭 (L),366,37.35,20.51,15.57,3.62,467,1.71
9441,7번가피자_피자_고르곤졸라 피자 씬바샤삭 (R),373,38.06,18.4,15.87,3.69,332,3.2
9442,7번가피자_피자_고르곤졸라 피자 치즈링 (G),296,30.2,18.49,12.59,2.92,1191,4.2
9443,7번가피자_피자_고르곤졸라 피자 치즈링 (L),301,30.71,19.21,12.8,2.97,708,4.52
9444,7번가피자_피자_고르곤졸라 피자 치즈링 (R),301,30.71,19.08,12.8,2.97,525,3.82
9445,봉수아피자_피자_고르곤졸라(R),209,21.33,8.0,8.89,2.07,602,2.5
9446,봉수아피자_피자_고르곤졸라(XL),276,28.16,12.28,11.74,2.73,912,3.51
9447,서오릉피자_피자_고르곤졸라씬 (L),305,31.12,14.06,12.97,3.01,469,3.13
9448,서오릉피자_피자_고르곤졸라씬 (R),311,31.73,14.82,13.23,3.07,300,3.7
9449,피자스쿨_피자_고르곤졸라피자,279,28.47,16.17,11.87,2.76,538,1.67
9450,선명희피자_피자_고르곤졸라피자,297,30.31,16.67,12.63,2.93,716,3.33
9451,피자알볼로_피자_고르곤졸라피자 (R),320,32.65,22.17,13.61,3.16,300,1.4
9452,피자알볼로_피자_고르곤졸라피자 (XL),243,24.8,20.91,10.34,2.4,505,2.81
9453,피자알볼로_피자_고르곤졸리피자 (L),242,24.69,20.42,10.29,2.39,502,2.72
9454,피자는치즈빨_피자_고르목졸라 피자 (L),319,32.55,18.07,13.57,3.15,664,3.61
9455,피자는치즈빨_피자_고르목졸라 피자 (M),315,32.14,17.28,13.4,3.11,486,3.7
9456,지정환피자_피자_고른곤졸라씬(L),295,30.1,15.15,12.55,2.92,589,9.29
9457,지정환피자_피자_고른곤졸라씬(R),295,30.1,15.2,12.55,2.92,100,9.25
9458,카페띠아모_케이크_초코무스케이크,348,31.72,6.78,22.1,1.59,90,11.22
9459,피굽남피자_피자_고르곤졸라 피자 (L),364,37.14,19.61,15.48,3.6,452,4.98
9460,킹스타피자_피자_고르곤졸라 피자 (M),310,31.63,14.05,13.19,3.06,430,3.98
9461,피자알볼로_피자_고르곤졸라 피자 (R),329,33.57,23.68,13.99,3.25,305,1.4
9462,봉수아피자_피자_고르곤졸라 피자 (XL),276,28.16,12.28,11.74,2.73,912,3.51
9463,7번가피자_피자_고르곤졸라 피자 골드스윗 (G),303,30.92,16.03,12.89,2.99,1306,6.11
9464,7번가피자_피자_고르곤졸라 피자 골드스윗 (L),309,31.53,16.41,13.14,3.05,778,6.15
9465,7번가피자_피자_고르곤졸라 피자 골드스윗 (R),306,31.22,16.78,13.02,3.02,570,5.59
9466,7번가피자_피자_고르곤졸라 피자 리코타링 (G),310,31.63,16.52,13.19,3.06,1151,5.22
9467,7번가피자_피자_고르곤졸라 피자 리코타링 (L),314,32.04,17.44,13.36,3.1,688,5.81
9468,7번가피자_피자_고르곤졸라 피자 리코타링 (R),315,32.14,18.25,13.4,3.11,505,5.56
9469,7번가피자_피자_고르곤졸라 피자 석쇠 (G),308,31.43,17.01,13.1,3.04,971,5.15
9470,7번가피자_피자_고르곤졸라 피자 석쇠 (L),314,32.04,18.37,13.36,3.1,588,5.44
9471,7번가피자_피자_고르곤졸라 피자 석쇠 (R),315,32.14,18.87,13.4,3.11,425,4.72
9472,서오릉피자_피자_고르곤졸라 피자 씬 (L),339,34.59,15.78,14.42,3.35,100,4.51
9473,지정환피자_피자_고르곤졸라 피자 씬 (L),293,29.9,14.86,12.46,2.9,592,9.46
9474,지정환피자_피자_고르곤졸라 피자 씬 (R),295,30.1,15.25,12.55,2.92,354,8.47
9475,서오릉피자_피자_고르곤졸라 피자 씬 (R),342,34.9,16.11,14.55,3.38,100,4.23
9476,7번가피자_피자_고르곤졸라 피자 씬도우 (L),366,37.35,20.51,15.57,3.62,467,1.71
9477,청년피자_피자_고기밭피자 (L),272,27.76,15.16,11.57,2.69,1044,1.11
9478,피자는치즈빨_피자_고기천국 피자 (L),271,27.65,14.95,11.53,2.68,856,4.67
9479,피자는치즈빨_피자_고기천국 피자 (M),270,27.55,14.71,11.48,2.67,612,4.9
9480,탐앤탐스_피자_고르곤졸라 (L),364,33.89,18.89,17.22,3.6,180,11.11
9481,탐앤탐스_피자_고르곤졸라 피자,384,39.66,18.1,17.24,3.79,116,17.24
9482,빅스타피자_피자_고르곤졸라 피자,322,32.76,16.38,13.79,3.18,932,8.62
9483,유로코피자_피자_고르곤졸라 피자,280,28.57,14.81,11.91,2.77,736,4.82
9484,피자스쿨_피자_고르곤졸라 피자,303,36.11,16.67,10.0,2.99,480,1.67
9485,치킨플러스_피자_고르곤졸라 피자,278,28.37,15.71,11.83,2.75,100,0.43
9486,고피자_피자_고르곤졸라 피자,331,33.78,12.9,14.08,3.27,311,1.61
9487,선명희피자_피자_고르곤졸라 피자,297,34.44,16.67,12.63,2.93,716,3.33
9488,네오피자_피자_고르곤졸라 피자 (L),358,36.53,20.35,15.23,3.54,360,8.89
9489,오르새피자_피자_고르곤졸라 피자 (L),306,31.22,25.0,13.02,3.02,360,2.78
9490,왕손피자_피자_고르곤졸라 피자 (L),262,26.73,16.76,11.14,2.59,830,2.79
9491,킹스타피자_피자_고르곤졸라 피자 (L),312,31.84,14.24,13.27,3.08,616,3.85
9492,피자알볼로_피자_고르곤졸라 피자 (L),238,24.29,21.43,10.12,2.35,505,2.38
9493,피자애_피자_고르곤졸라 피자 (L),374,38.16,7.5,15.91,3.7,581,3.33
9494,피자탑_피자_고르곤졸라 피자 (L),503,51.33,27.7,21.4,4.97,570,2.59
9495,고피자_피자_고르곤졸라 피자 (L),377,38.47,12.86,16.04,3.73,556,1.43
9496,지정환피자_피자_고구마팬(L),236,24.08,10.59,10.04,2.33,1015,3.95
9497,지정환피자_피자_고구마팬(R),236,24.08,10.15,10.04,2.33,100,4.0
9498,피자알볼로_피자_고구마피자,251,25.61,7.9,10.68,2.48,492,4.51
9499,피자스쿨_피자_고구마피자,249,25.41,9.17,10.59,2.46,785,5.86
9500,피자마루_피자_고구마피자 (1인),221,22.55,8.86,9.4,2.18,327,9.35
9501,맘스피자_피자_고구마피자 (L),272,27.76,9.01,11.57,2.69,850,7.23
9502,피자알볼로_피자_고구마피자 (L),251,25.61,8.22,10.68,2.48,985,3.97
9503,맘스피자_피자_고구마피자 (M),272,27.76,10.33,11.57,2.69,605,7.08
9504,피자알볼로_피자_고구마피자 (R),251,25.61,8.23,10.68,2.48,560,3.92
9505,피자알볼로_피자_고구마피자 (XL),252,25.71,8.23,10.72,2.49,1260,4.05
9506,맘스피자_피자_고구마피자 리치골드크러스트 (L),273,27.86,9.9,11.61,2.7,1050,6.16
9507,맘스피자_피자_고구마피자 리치골드크러스트 (M),272,27.76,10.8,11.57,2.69,705,6.3
9508,맘스피자_피자_고구마피자 치즈크러스트 (L),274,27.96,9.51,11.66,2.71,950,6.54
9509,맘스피자_피자_고구마피자 치즈크러스트 (M),274,27.96,10.7,11.66,2.71,680,6.37
9510,지정환피자_피자_고구마흑미스크린(L),228,23.27,10.3,9.7,2.25,100,5.37
9511,지정환피자_피자_고구마흑미스크린(R),223,22.76,9.77,9.49,2.2,100,5.44
9512,지정환피자_피자_고구마흑미치즈크러스트(L),222,22.65,10.77,9.44,2.19,100,5.1
9513,지정환피자_피자_고구마흑미치즈크러스트(R),217,22.14,10.44,9.23,2.14,100,5.07
9514,오구쌀피자_피자_고기농장 피자 (L),171,17.45,8.09,7.27,1.69,940,0.85
9515,카페띠아모_케이크_초코무스 케이크,348,31.72,6.78,22.1,1.59,90,11.22
9516,선명희피자_피자_고구마무스피자,217,22.14,7.88,9.23,2.14,1318,9.7
9517,지정환피자_피자_고구마밀스크린(L),240,24.49,10.45,10.21,2.37,100,3.85
9518,지정환피자_피자_고구마밀스크린(R),234,23.88,9.93,9.95,2.31,100,4.03
9519,지정환피자_피자_고구마밀스크린치즈크러스트(L),233,23.78,10.9,9.91,2.3,100,3.71
9520,지정환피자_피자_고구마밀스크린치즈크러스트(R),226,23.06,10.56,9.61,2.23,100,3.84
9521,지정환피자_피자_고구마백미스크린(L),234,23.88,10.36,9.95,2.31,100,6.42
9522,지정환피자_피자_고구마백미스크린(R),228,23.27,9.83,9.7,2.25,100,6.4
9523,지정환피자_피자_고구마백미치즈크러스트(L),228,23.27,10.83,9.7,2.25,100,6.05
9524,지정환피자_피자_고구마백미치즈크러스트(R),221,22.55,10.5,9.4,2.18,100,5.92
9525,왕손피자_피자_고구마베이컨 피자 (L),238,24.29,6.65,10.12,2.35,1179,5.29
9526,피자헤븐_피자_고구마스위트 피자 (L),277,28.27,9.33,11.78,2.74,1201,8.67
9527,지정환피자_피자_고구마씬(L),239,24.39,10.38,10.17,2.36,750,4.36
9528,지정환피자_피자_고구마씬(R),239,24.39,9.76,10.17,2.36,431,4.45
9529,지정환피자_피자_고구마체다크림크러스트(L),234,23.88,10.23,9.95,2.31,1115,5.59
9530,지정환피자_피자_고구마체다크림크러스트(R),234,23.88,9.81,9.95,2.31,100,5.68
9531,지정환피자_피자_고구마치즈크러스트(L),230,23.47,11.01,9.78,2.27,1110,3.81
9532,지정환피자_피자_고구마치즈크러스트(R),229,23.37,10.7,9.74,2.26,100,3.82
9533,오르새피자_피자_고구마파인애플 피자 (L),250,25.51,12.43,10.63,2.47,1030,8.25
9534,메가커피_케이크_초코무스 케이크,373,34.0,6.24,23.68,1.7,101,19.8
9535,지정환피자_피자_고구마 피자 흑미스크린치즈크러스트 (R),216,22.04,10.31,9.19,2.13,582,5.15
9536,피자나라치킨공주_피자_고구마(L),229,23.37,12.0,9.74,2.26,923,13.33
9537,피자나라치킨공주_피자_고구마(M),229,23.37,12.0,9.74,2.26,600,13.33
9538,봉수아피자_피자_고구마(R),183,18.67,12.56,7.78,1.81,755,3.92
9539,봉수아피자_피자_고구마(XL),242,24.69,16.64,10.29,2.39,1144,5.18
9540,지정환피자_피자_고구마고구마크러스트(L),232,23.67,9.78,9.87,2.29,1110,5.12
9541,지정환피자_피자_고구마고구마크러스트(R),232,23.67,9.36,9.87,2.29,100,5.2
9542,또래오래_피자_고구마디럭스 피자,116,11.84,5.93,4.93,1.15,100,3.09
9543,업텐브로피자_피자_고구마랍스터볼크림 피자 (L),266,27.14,14.0,11.31,2.63,1103,4.0
9544,서오릉피자_피자_고구마무스 (L),237,24.18,8.76,10.08,2.34,1006,7.3
9545,서오릉피자_피자_고구마무스 (R),241,24.59,8.93,10.25,2.38,619,7.14
9546,네오피자_피자_고구마무스 베이컨 피자 (L),231,23.57,11.0,9.83,2.28,1072,12.16
9547,선명희피자_피자_고구마무스 피자,217,30.3,7.88,9.23,2.14,1318,9.7
9548,네오피자_피자_고구마무스 피자 (L),222,22.65,10.58,9.44,2.19,920,15.73
9549,킹스타피자_피자_고구마무스 피자 (L),216,22.04,9.07,9.19,2.13,1000,9.26
9550,서오릉피자_피자_고구마무스 피자 (L),260,26.53,9.49,11.06,2.57,100,7.74
9551,킹스타피자_피자_고구마무스 피자 (M),212,21.63,9.45,9.02,2.09,775,10.03
9552,서오릉피자_피자_고구마무스 피자 (R),263,26.84,9.94,11.19,2.6,100,7.65
9553,지정환피자_피자_고구마 피자 체다크림크러스트 (L),233,23.78,10.0,9.91,2.3,1120,5.71
9554,지정환피자_피자_고구마 피자 체다크림크러스트 (R),233,23.78,9.17,9.91,2.3,654,5.5
9555,7번가피자_피자_고구마 피자 치즈링 (L),255,26.02,13.11,10.85,2.52,976,2.46
9556,7번가피자_피자_고구마 피자 치즈링 (R),255,26.02,13.16,10.85,2.52,758,2.63
9557,임실N치즈피자_피자_고구마 피자 치즈크러스트 (F),242,24.69,13.62,10.29,2.39,1572,4.01
9558,지정환피자_피자_고구마 피자 치즈크러스트 (L),230,23.47,10.87,9.78,2.27,1104,3.62
9559,임실N치즈피자_피자_고구마 피자 치즈크러스트 (L),253,25.82,14.15,10.76,2.5,1241,3.91
9560,지정환피자_피자_고구마 피자 치즈크러스트 (R),227,23.16,10.91,9.66,2.24,660,3.64
9561,임실N치즈피자_피자_고구마 피자 치즈크러스트 (R),261,26.63,14.75,11.1,2.58,702,3.68
9562,임실N치즈피자_피자_고구마 피자 팬 (F),248,25.31,13.31,10.55,2.45,1542,4.33
9563,임실N치즈피자_피자_고구마 피자 팬 (L),248,25.31,13.25,10.55,2.45,1101,4.33
9564,지정환피자_피자_고구마 피자 팬 (L),235,23.98,10.24,10.0,2.32,1016,3.94
9565,임실N치즈피자_피자_고구마 피자 팬 (R),251,25.61,13.37,10.68,2.48,562,4.29
9566,지정환피자_피자_고구마 피자 팬 (R),238,24.29,10.2,10.12,2.35,588,4.08
9567,지정환피자_피자_고구마 피자 흑미스크린 (L),229,23.37,10.08,9.74,2.26,952,5.04
9568,지정환피자_피자_고구마 피자 흑미스크린 (R),224,22.86,9.3,9.53,2.21,516,5.81
9569,지정환피자_피자_고구마 피자 흑미스크린치즈크러스트 (L),221,22.55,10.69,9.4,2.18,1048,5.34
9570,지정환피자_피자_짱감자흑미치즈크러스트(R),213,21.73,11.06,9.06,2.1,100,2.84
9571,커피에반하다_케이크_초코무스 케이크,320,29.17,3.53,20.32,1.46,85,23.53
9572,지정환피자_피자_고구마 피자 밀스크린치즈크러스트 (R),225,22.96,10.0,9.57,2.22,600,4.0
9573,임실N치즈피자_피자_고구마 피자 백미 (L),177,18.06,7.18,7.53,1.75,971,3.51
9574,임실N치즈피자_피자_고구마 피자 백미 (R),181,18.47,6.38,7.7,1.79,592,2.96
9575,지정환피자_피자_고구마 피자 백미스크린 (L),233,23.78,10.08,9.91,2.3,952,6.72
9576,지정환피자_피자_고구마 피자 백미스크린 (R),229,23.37,9.3,9.74,2.26,516,6.98
9577,지정환피자_피자_고구마 피자 백미스크린치즈크러스트 (L),227,23.16,10.77,9.66,2.24,1040,6.15
9578,지정환피자_피자_고구마 피자 백미스크린치즈크러스트 (R),221,22.55,10.31,9.4,2.18,582,7.22
9579,임실N치즈피자_피자_고구마 피자 석쇠 (F),240,24.49,12.92,10.21,2.37,1442,4.39
9580,7번가피자_피자_고구마 피자 석쇠 (L),257,26.22,12.15,10.93,2.54,856,2.8
9581,임실N치즈피자_피자_고구마 피자 석쇠 (L),242,24.69,12.98,10.29,2.39,1041,4.38
9582,7번가피자_피자_고구마 피자 석쇠 (R),258,26.33,12.12,10.97,2.55,658,3.03
9583,임실N치즈피자_피자_고구마 피자 석쇠 (R),244,24.9,13.07,10.38,2.41,532,4.33
9584,지정환피자_피자_고구마 피자 씬 (L),238,24.29,10.64,10.12,2.35,752,4.26
9585,지정환피자_피자_고구마 피자 씬 (R),239,24.39,9.72,10.17,2.36,432,4.17
9586,7번가피자_피자_고구마 피자 씬도우 (L),278,28.37,11.98,11.83,2.75,768,7.29
9587,7번가피자_피자_고구마 피자 씬도우 (R),272,27.76,11.03,11.57,2.69,545,7.35
9588,7번가피자_피자_고구마 피자 씬바샤삭 (L),278,28.37,11.98,11.83,2.75,768,7.29
9589,7번가피자_피자_고구마 피자 씬바샤삭 (R),272,27.76,11.03,11.57,2.69,545,7.35
9590,지정환피자_피자_고구마 피자 고구마크러스트 (L),232,23.67,10.07,9.87,2.29,1112,5.04
9591,지정환피자_피자_고구마 피자 고구마크러스트 (R),235,23.98,9.26,10.0,2.32,648,5.56
9592,7번가피자_피자_고구마 피자 골드스윗 (L),263,26.84,12.21,11.19,2.6,1046,3.82
9593,7번가피자_피자_고구마 피자 골드스윗 (R),262,26.73,12.0,11.14,2.59,803,4.0
9594,임실N치즈피자_피자_고구마 피자 라이스골드 (F),240,24.49,13.76,10.21,2.37,1865,4.34
9595,임실N치즈피자_피자_고구마 피자 라이스골드 (L),254,25.92,13.62,10.8,2.51,1401,3.54
9596,임실N치즈피자_피자_고구마 피자 라이스골드 (R),261,26.63,14.25,11.1,2.58,782,3.38
9597,임실N치즈피자_피자_고구마 피자 라이스바이트 (F),248,25.31,12.91,10.55,2.45,1947,3.73
9598,임실N치즈피자_피자_고구마 피자 라이스바이트 (L),257,26.22,13.41,10.93,2.54,1481,4.05
9599,7번가피자_피자_고구마 피자 리코타링 (L),263,26.84,12.5,11.19,2.6,956,3.33
9600,7번가피자_피자_고구마 피자 리코타링 (R),264,26.94,12.43,11.23,2.61,738,3.78
9601,지정환피자_피자_고구마 피자 밀스크린 (L),240,24.49,10.66,10.21,2.37,976,4.1
9602,지정환피자_피자_고구마 피자 밀스크린 (R),234,23.88,10.11,9.95,2.31,534,4.49
9603,지정환피자_피자_고구마 피자 밀스크린고구마크러스트 (L),236,24.08,9.7,10.04,2.33,1072,5.22
9604,지정환피자_피자_고구마 피자 밀스크린고구마크러스트 (R),231,23.57,9.18,9.83,2.28,588,5.1
9605,지정환피자_피자_고구마 피자 밀스크린체다크림크러스트 (L),237,24.18,10.37,10.08,2.34,1080,5.93
9606,지정환피자_피자_고구마 피자 밀스크린체다크림크러스트 (R),231,23.57,9.09,9.83,2.28,594,6.06
9607,지정환피자_피자_고구마 피자 밀스크린치즈크러스트 (L),233,23.78,11.19,9.91,2.3,1072,3.73
9608,피자에땅_피자_고구마 (L),285,29.08,8.46,12.12,2.82,1040,6.15
9609,네오피자_피자_고구마 베이컨 피자 (L),248,25.31,11.98,10.55,2.45,1016,9.42
9610,피자알볼로_피자_고구마 알픽,317,32.35,11.28,13.48,3.13,200,8.61
9611,피자스쿨_피자_고구마 피자,258,45.41,11.73,5.61,2.55,785,5.86
9612,고피자_피자_고구마 피자,245,25.0,9.3,10.42,2.42,303,3.98
9613,오구쌀피자_피자_고구마 피자 (L),252,25.71,9.66,10.72,2.49,826,7.73
9614,네오피자_피자_고구마 피자 (L),252,25.71,11.74,10.72,2.49,904,10.35
9615,킹스타피자_피자_고구마 피자 (L),225,22.96,9.28,9.57,2.22,865,10.36
9616,피자나라치킨공주_피자_고구마 피자 (L),229,23.37,12.0,9.74,2.26,928,13.33
9617,피자알볼로_피자_고구마 피자 (L),252,25.71,8.57,10.72,2.49,1260,3.97
9618,피자애_피자_고구마 피자 (L),292,29.8,6.0,12.42,2.89,880,5.45
9619,피자에땅_피자_고구마 피자 (L),307,31.33,8.27,13.06,3.03,1060,5.26
9620,피제이피자_피자_고구마 피자 (L),271,31.99,9.79,8.53,2.68,905,7.78
9621,오르새피자_피자_고구마 피자 (L),252,25.71,12.55,10.72,2.49,1020,7.35
9622,난타5000피자_피자_고구마 피자 (L),283,37.84,12.51,9.07,2.8,620,4.91
9623,피자플래넷_피자_고구마 피자 (L),222,22.65,4.16,9.44,2.19,1075,4.73
9624,킹스타피자_피자_고구마 피자 (M),229,23.37,7.98,9.74,2.26,600,9.72
9625,피자알볼로_피자_고구마 피자 (R),253,25.82,7.69,10.76,2.5,725,3.92
9626,봉수아피자_피자_고구마 피자 (XL),242,24.69,16.64,10.29,2.39,1144,5.17
9627,피자탑_피자_갈릭스테이크쉬림프 피자 (L),147,15.0,8.0,6.25,1.45,1197,2.67
9628,파파존스_피자_갈릭페퍼스테이크 피자 (F),267,27.24,12.4,11.36,2.64,1036,5.43
9629,파파존스_피자_갈릭페퍼스테이크 피자 (L),267,27.24,11.98,11.36,2.64,770,5.21
9630,파파존스_피자_갈릭페퍼스테이크 피자 (P),265,27.04,12.12,11.27,2.62,1316,5.3
9631,비토랩_피자_갈릭홀릭 피자 (L),286,29.18,15.13,12.17,2.83,950,4.79
9632,비토랩_피자_갈릭홀릭 피자 (R),285,29.08,15.18,12.12,2.82,670,4.82
9633,지정환피자_피자_갈비앤치킨 피자 씬 (L),207,21.12,10.0,8.81,2.05,960,6.67
9634,지정환피자_피자_갈비앤치킨 피자 씬 (R),206,21.02,9.57,8.76,2.04,564,6.38
9635,지정환피자_피자_갈비앤치킨씬(L),207,21.12,9.65,8.81,2.05,959,6.44
9636,지정환피자_피자_갈비앤치킨씬(R),207,21.12,9.36,8.81,2.05,100,6.52
9637,피자와치킨의러브레터_피자_감자 피자,264,26.94,12.03,11.23,2.61,929,4.22
9638,피자애_피자_감자베이컨 피자 (L),285,29.08,6.31,12.12,2.82,830,3.3
9639,청년피자_피자_감자별한웅큼피자 (L),248,25.31,11.28,10.55,2.45,1227,3.24
9640,피굽남피자_피자_강냉이털어 피자 (L),268,27.35,14.0,11.4,2.65,931,5.0
9641,뽕뜨락피자_피자_걱정말아요허니 피자 (L),272,27.76,12.91,11.57,2.69,742,4.03
9642,선명희피자_피자_게살크림 피자,222,24.0,13.33,9.44,2.19,1196,1.33
9643,선명희피자_피자_게살크림피자,222,22.65,13.33,9.44,2.19,1196,1.33
9644,비토랩_피자_고객의실수 피자 (L),259,26.43,14.29,11.02,2.56,1060,2.18
9645,비토랩_피자_고객의실수 피자 (R),260,26.53,14.39,11.06,2.57,835,2.16
9646,마리웨일237_케이크_초코모찌 롤케이크,290,26.43,4.55,18.41,1.32,110,18.18
9647,피자헛_피자_갈릭버터쉬림프치즈크러스트 (L),250,25.51,11.33,10.63,2.47,1030,3.05
9648,피자헛_피자_갈릭버터쉬림프치즈크러스트 골드 (L),255,26.02,11.89,10.85,2.52,1062,2.96
9649,오르새피자_피자_갈릭베이컨체다치즈 피자 (L),188,19.18,12.41,8.0,1.86,830,1.08
9650,피제이피자_피자_갈릭베이컨포테이토 피자 (L),245,25.0,9.8,10.42,2.42,1016,4.06
9651,킹스타피자_피자_갈릭비프스테이크 피자 (L),208,21.22,11.05,8.85,2.06,920,5.43
9652,킹스타피자_피자_갈릭비프스테이크 피자 (M),197,20.1,11.13,8.38,1.95,693,4.95
9653,피자에땅_피자_갈릭쉬림프 피자 (L),292,29.8,12.17,12.42,2.89,922,3.48
9654,프레드피자_피자_갈릭쉬림프 피자 (L),177,18.06,11.78,7.53,1.75,1013,4.15
9655,피자플래넷_피자_갈릭쉬림프 피자 (L),215,21.94,5.29,9.15,2.12,1165,1.67
9656,오르새피자_피자_갈릭쉬림프 피자 (L),88,8.98,4.25,3.74,0.87,1130,1.86
9657,비스트로피자_피자_갈릭쉬림프 피자 오리지널 (M),262,26.22,11.76,11.96,2.59,610,3.92
9658,비스트로피자_피자_갈릭쉬림프피자 오리지널,236,24.08,12.0,10.04,2.33,600,5.0
9659,프레드피자_피자_갈릭쉬림플렉스피자오리지널(L),204,20.82,12.23,8.68,2.02,1215,4.97
9660,프레드피자_피자_갈릭스테이크 피자 (L),229,23.37,12.14,9.74,2.26,923,4.37
9661,업텐브로피자_피자_갈릭스테이크 피자 (L),276,28.16,15.0,11.74,2.73,1396,4.0
9662,비스트로피자_피자_갈릭스테이크 피자 오리지널 (M),258,30.12,10.68,9.95,2.55,620,4.85
9663,피자나라치킨공주_피자_갈릭스테이크(L),292,29.8,12.0,12.42,2.89,1000,4.0
9664,피자나라치킨공주_피자_갈릭스테이크(M),292,29.8,12.0,12.42,2.89,692,4.0
9665,뚜레쥬르_케이크_초코골드레이어,300,27.34,4.4,19.05,1.37,750,24.53
9666,파파존스_피자_가든 스페셜 피자 치즈롤 (L),220,22.45,9.31,9.36,2.17,100,2.33
9667,파파존스_피자_가든 스페셜 피자 치즈롤 (P),220,22.45,9.26,9.36,2.17,100,2.31
9668,파파존스_피자_가든 스페셜 하트씬,215,21.94,6.46,9.15,2.12,100,3.88
9669,파파존스_피자_가든스페셜 (L),213,21.73,8.21,9.06,2.1,778,3.08
9670,파파존스_피자_가든스페셜 (R),214,21.84,8.39,9.1,2.11,430,3.5
9671,파파존스_피자_가든스페셜 피자 (F),214,21.84,8.4,9.1,2.11,1047,3.05
9672,파파존스_피자_가든스페셜 피자 (L),213,21.73,8.21,9.06,2.1,778,3.08
9673,파파존스_피자_가든스페셜 피자 (P),214,21.84,8.27,9.1,2.11,1331,3.01
9674,파파존스_피자_가든스페셜 피자 (R),214,21.84,8.39,9.1,2.11,430,3.5
9675,피자헛_피자_갈릭 버터 쉬림프 피자 리치골드 (L),244,24.9,11.34,10.38,2.41,1139,4.65
9676,피자헛_피자_갈릭 버터 쉬림프 피자 리치골드 (M),274,27.96,12.72,11.66,2.71,618,5.83
9677,피자헛_피자_갈릭 버터 쉬림프 피자 치즈크러스트 (L),241,24.59,11.83,10.25,2.38,1050,3.21
9678,피자헛_피자_갈릭 버터 쉬림프 피자 치즈크러스트 (M),242,24.69,12.21,10.29,2.39,623,3.27
9679,고피자_피자_갈릭 포테이토 피자,228,23.27,9.72,9.7,2.25,362,2.78
9680,고피자_피자_갈릭 포테이토 피자 (L),243,24.8,10.23,10.34,2.4,700,3.41
9681,피자마루_피자_갈릭버터브레드 (1인),318,32.45,11.31,13.53,3.14,225,11.56
9682,피자헛_피자_갈릭버터쉬림프리치골드 (L),251,25.61,10.74,10.68,2.48,1189,4.32
9683,피자헛_피자_갈릭버터쉬림프오리지널 (L),245,25.0,10.88,10.42,2.42,816,3.92
9684,이디야_케이크_초코 티라미수 케이크,358,32.63,5.26,22.73,1.63,95,22.11
9685,파파존스_피자_가든 스페셜 스파이시 갈릭 치즈롤 (F),225,22.96,9.59,9.57,2.22,100,2.4
9686,파파존스_피자_가든 스페셜 스파이시 갈릭 치즈롤 (L),225,22.96,9.46,9.57,2.22,100,2.36
9687,파파존스_피자_가든 스페셜 스파이시 갈릭 치즈롤 (P),226,23.06,9.58,9.61,2.23,100,2.4
9688,파파존스_피자_가든 스페셜 씬,238,24.29,9.32,10.12,2.35,100,0.78
9689,파파존스_피자_가든 스페셜 치즈롤 (F),221,22.55,9.33,9.4,2.18,100,2.33
9690,파파존스_피자_가든 스페셜 치즈롤 (L),220,22.45,9.31,9.36,2.17,100,2.33
9691,파파존스_피자_가든 스페셜 치즈롤 (P),220,22.45,9.26,9.36,2.17,100,2.32
9692,파파존스_피자_가든 스페셜 크루아상,255,26.02,8.46,10.85,2.52,100,2.38
9693,파파존스_피자_가든 스페셜 피자 골드링 (F),227,23.16,9.42,9.66,2.24,100,4.71
9694,파파존스_피자_가든 스페셜 피자 골드링 (L),227,23.16,9.68,9.66,2.24,100,4.4
9695,파파존스_피자_가든 스페셜 피자 골드링 (P),227,23.16,9.26,9.66,2.24,100,4.9
9696,파파존스_피자_가든 스페셜 피자 골드링씬 (F),237,24.18,8.94,10.08,2.34,100,3.58
9697,파파존스_피자_가든 스페셜 피자 씬 (F),238,24.29,9.32,10.12,2.35,100,0.78
9698,파파존스_피자_가든 스페셜 피자 오리지널 (F),214,21.84,8.4,9.1,2.11,100,3.06
9699,파파존스_피자_가든 스페셜 피자 오리지널 (L),214,21.84,8.22,9.1,2.11,778,3.08
9700,파파존스_피자_가든 스페셜 피자 오리지널 (P),213,21.73,8.26,9.06,2.1,100,3.01
9701,파파존스_피자_가든 스페셜 피자 오리지널 (R),213,21.73,8.37,9.06,2.1,100,3.49
9702,파파존스_피자_가든 스페셜 피자 치즈롤 (F),221,22.55,9.33,9.4,2.18,100,2.33
9703,따삐오_케이크_초코 케이크 (조각),376,34.27,5.88,23.87,1.72,85,27.06
9704,피자헛_피자_LA BBQ 불고기오리지널 (L),254,25.92,12.53,10.8,2.51,747,3.33
9705,피자헛_피자_LA BBQ 불고기오리지널 (M),260,26.53,12.69,11.06,2.57,468,3.21
9706,피자헛_피자_LA BBQ 불고기치즈크러스트 (L),257,26.22,12.69,10.93,2.54,956,2.44
9707,피자헛_피자_LA BBQ 불고기치즈크러스트 (M),266,27.14,13.54,11.31,2.63,576,2.55
9708,피자헛_피자_LA BBQ 불고기치즈크러스트 골드 (L),263,26.84,13.25,11.19,2.6,989,2.36
9709,피자헛_피자_LA BBQ 불고기치즈크러스트 골드 (M),270,27.55,13.99,11.48,2.67,594,2.48
9710,피자헛_피자_LA BBQ 불고기팬 (L),288,29.39,11.36,12.25,2.85,827,3.2
9711,피자헛_피자_LA BBQ불고기+페페로니 피자 씬 (L),328,33.47,16.3,13.95,3.24,509,3.46
9712,피자헛_피자_LA BBQ불고기+페페로니 피자 오리지날 (L),263,26.84,13.35,11.19,2.6,848,2.88
9713,피자헛_피자_LA BBQ불고기+페페로니 피자 오리지널 파마산엣지 (L),283,28.88,14.19,12.04,2.8,813,2.91
9714,피자헛_피자_LA BBQ불고기+페페로니 피자 팬 (L),310,31.63,12.75,13.19,3.06,846,2.94
9715,파파존스_피자_가든 스페셜 (F),214,21.84,8.4,9.1,2.11,100,3.06
9716,파파존스_피자_가든 스페셜 (P),213,21.73,8.26,9.06,2.1,100,3.01
9717,파파존스_피자_가든 스페셜 골드링 (F),227,23.16,9.42,9.66,2.24,100,4.71
9718,파파존스_피자_가든 스페셜 골드링 (L),227,23.16,9.68,9.66,2.24,100,4.4
9719,파파존스_피자_가든 스페셜 골드링 (P),227,23.16,9.26,9.66,2.24,100,4.9
9720,파파존스_피자_가든 스페셜 골드링 씬,237,24.18,8.95,10.08,2.34,100,3.58
9721,오르새피자_피자_쭈꾸미 피자 (L),87,8.88,3.39,3.7,0.86,112,1.61
9722,이디야_케이크_초코 치즈 스틱 케이크,442,40.28,4.44,28.06,2.02,45,33.33
9723,피자마루_피자_BBQ리얼 시카고 피자 (L),255,26.02,12.02,10.85,2.52,995,1.35
9724,피자헛_피자_BBQ불고기 피자 마니아 에어도우 (L),256,26.12,12.29,10.89,2.53,1052,3.13
9725,피자헛_피자_BBQ불고기 피자 마니아 에어도우 (M),250,25.51,12.65,10.63,2.47,616,3.14
9726,피자헛_피자_BBQ불고기 피자 마니아 파마산엣지 (L),247,25.2,12.54,10.51,2.44,1075,3.13
9727,피자헛_피자_BBQ불고기 피자 마니아 파마산엣지 (M),250,25.51,12.95,10.63,2.47,630,3.05
9728,도미노피자_피자_K-Rib&치즈 오리지널 (L),293,29.9,12.67,12.46,2.9,972,3.33
9729,고피자_피자_K-불고기 피자,230,23.47,9.46,9.78,2.27,370,6.76
9730,고피자_피자_K-불고기 피자 (L),272,27.76,12.05,11.57,2.69,660,7.23
9731,도미노피자_피자_K-쌈장채끝스테이크 오리지널 (L),233,23.78,11.33,9.91,2.3,1065,2.67
9732,피자헛_피자_LA BBQ 불고기 피자 씬 (L),308,31.43,15.71,13.1,3.04,532,3.68
9733,피자헛_피자_LA BBQ 불고기 피자 오리지널 (L),271,27.65,13.63,11.53,2.68,823,3.14
9734,피자헛_피자_LA BBQ 불고기 피자 오리지널 (M),274,27.96,13.8,11.66,2.71,476,3.23
9735,피자헛_피자_LA BBQ 불고기 피자 오리지널 파마산 치즈 (L),275,28.06,14.19,11.7,2.72,845,3.05
9736,피자헛_피자_LA BBQ 불고기 피자 오리지널 파마산 치즈 (M),279,28.47,14.36,11.87,2.76,490,3.13
9737,피자헛_피자_LA BBQ 불고기 피자 팬 (L),300,30.61,12.5,12.76,2.96,870,3.06
9738,피자헛_피자_LA BBQ 불고기리치골드 (L),258,26.33,11.87,10.97,2.55,1116,3.96
9739,피자헛_피자_LA BBQ 불고기리치골드 (M),264,26.94,12.26,11.23,2.61,692,4.43
9740,피자헛_피자_LA BBQ 불고기씬 (L),289,29.49,13.98,12.29,2.86,492,3.98
9741,요거프레소_케이크_초코 스틱 케이크,357,32.54,5.71,22.67,1.63,35,22.86
9742,임실N치즈피자_피자_2in1(한우불고기+밤스위트골드) 피자 (R),279,28.47,17.13,11.87,2.76,703,2.44
9743,비토랩_피자_4색 피자 (L),342,34.9,21.75,14.55,3.38,1150,2.81
9744,비토랩_피자_4색 피자 (R),271,27.65,17.2,11.53,2.68,750,2.24
9745,7번가피자_피자_7번가스페셜 피자 골드스윗 (L),266,27.14,13.25,11.31,2.63,1206,3.97
9746,7번가피자_피자_7번가스페셜 피자 골드스윗 (R),265,27.04,13.27,11.27,2.62,907,4.42
9747,7번가피자_피자_7번가스페셜 피자 리코타링 (L),266,27.14,13.57,11.31,2.63,1116,3.57
9748,7번가피자_피자_7번가스페셜 피자 리코타링 (R),267,27.24,13.33,11.36,2.64,842,3.81
9749,7번가피자_피자_7번가스페셜 피자 석쇠 (L),261,26.63,13.39,11.1,2.58,1016,3.15
9750,7번가피자_피자_7번가스페셜 피자 석쇠 (R),261,26.63,13.61,11.1,2.58,762,3.14
9751,7번가피자_피자_7번가스페셜 피자 씬도우 (L),278,28.37,10.53,11.83,2.75,915,5.26
9752,7번가피자_피자_7번가스페셜 피자 씬도우 (R),264,26.94,11.24,11.23,2.61,675,4.73
9753,7번가피자_피자_7번가스페셜 피자 씬바샤삭 (L),278,28.37,10.53,11.83,2.75,915,5.26
9754,7번가피자_피자_7번가스페셜 피자 씬바샤삭 (R),264,26.94,11.24,11.23,2.61,675,4.73
9755,7번가피자_피자_7번가스페셜 피자 치즈링 (L),259,26.43,14.08,11.02,2.56,1136,2.82
9756,7번가피자_피자_7번가스페셜 피자 치즈링 (R),257,26.22,14.81,10.93,2.54,862,2.78
9757,피자스톰_피자_88페퍼로니 (R),261,26.63,15.54,11.1,2.58,708,3.38
9758,피자스톰_피자_88페퍼로니 피자 (XL),261,26.63,15.54,11.1,2.58,968,3.38
9759,비스트로피자_피자_8비트피자 오리지널,248,25.31,12.93,10.55,2.45,925,6.04
9760,탐앤탐스_프레즐_플레인 프레즐,268,50.43,11.11,2.56,2.65,117,4.27
9761,탐앤탐스_프레즐_할라피뇨 도그 프레즐,243,26.9,10.34,10.34,2.4,145,6.21
9762,롤링핀_프레즐_햄치즈 프레첼,285,41.4,11.9,8.0,2.81,110,4.2
9763,피망볶음,84,8.08,1.3,5.33,1.5,100,1.72
9764,피자,231,23.49,11.5,9.48,1.7,100,2.13
9765,서오릉피자_피자_12첩콤비네이션 (L),216,22.04,9.6,9.19,2.13,917,4.0
9766,서오릉피자_피자_12첩콤비네이션 (R),219,22.35,10.58,9.32,2.16,572,3.85
9767,서오릉피자_피자_12첩콤비네이션 피자 (L),236,24.08,10.83,10.04,2.33,100,4.65
9768,서오릉피자_피자_12첩콤비네이션 피자 (R),239,24.39,11.29,10.17,2.36,100,4.64
9769,피자헤븐_피자_1988 피자 (L),255,26.02,10.9,10.85,2.52,1251,3.21
9770,업텐브로피자_피자_1992브로 피자 (L),277,28.27,13.0,11.78,2.74,1344,5.0
9771,임실N치즈피자_피자_2in1(한우불고기+밤스위트골드) 피자 (F),258,26.33,16.46,10.97,2.55,1692,3.31
9772,임실N치즈피자_피자_2in1(한우불고기+밤스위트골드) 피자 (L),272,27.76,16.39,11.57,2.69,1248,2.49
9773,피자와치킨의러브레터_피자_찐3 피자,182,18.57,8.17,7.74,1.8,1045,4.19
9774,할리스_프레즐_자이언트 페퍼로니 프레즐,337,48.95,11.67,9.37,3.33,120,4.17
9775,토프레소_프레즐_초코 프레즐,407,59.12,6.4,11.32,4.02,125,8.0
9776,토프레소_프레즐_커스타드 프레즐,378,54.91,7.2,10.51,3.73,125,10.4
9777,탐앤탐스_프레즐_콘 샐러드 프레즐,215,32.41,10.19,5.09,2.12,216,4.17
9778,탐앤탐스_프레즐_콘 프레즐,242,32.21,12.98,6.73,2.39,208,2.4
9779,할리스_프레즐_콰트로 치즈 프레즐,327,47.5,13.33,9.09,3.23,120,3.33
9780,앤티앤스_프레즐_크림치즈 바이트,301,43.72,7.14,8.37,2.97,168,10.71
9781,앤티앤스_프레즐_크림치즈 스틱,301,43.72,7.01,8.37,2.97,157,10.83
9782,탐앤탐스_프레즐_크림치즈 프레즐,272,43.79,9.8,6.54,2.69,153,5.88
9783,카페루앤비_프레즐_크림치즈 프레즐,253,36.75,7.07,7.04,2.5,99,5.05
9784,커피베이_프레즐_크림치즈 프레즐,149,21.64,10.0,4.14,1.47,99,1.01
9785,토프레소_프레즐_크림치즈 프레즐,315,45.76,7.0,8.76,3.11,100,8.0
9786,커피마마_프레즐_크림치즈 프레즐,253,36.75,8.08,7.04,2.5,99,5.05
9787,커피에반하다_프레즐_크림치즈 프렛즐,253,36.75,42.42,7.04,2.5,99,5.05
9788,앤티앤스_프레즐_크림치즈스틱,297,43.14,7.55,8.26,2.93,159,10.83
9789,앤티앤스_프레즐_파마산허브 프레즐,312,45.32,7.34,8.68,3.08,109,8.26
9790,앤티앤스_프레즐_페퍼로니 프레즐,322,46.77,13.51,8.95,3.18,148,7.43
9791,탐앤탐스_프레즐_페퍼로니 프레즐,216,23.81,13.33,7.62,2.13,210,4.29
9792,이디야_프레즐_프레즐,253,36.75,7.07,7.04,2.5,99,5.05
9793,앤티앤스_프레즐_아몬드 고구마 크림치즈 스틱,303,44.01,5.79,8.43,2.99,190,17.37
9794,앤티앤스_프레즐_아몬드 스틱,340,49.39,7.29,9.46,3.36,151,14.57
9795,앤티앤스_프레즐_아몬드 옥수수 크림치즈 스틱,323,46.92,8.07,8.98,3.19,161,17.39
9796,앤티앤스_프레즐_아몬드 크림치즈 바이트,316,45.9,6.67,8.79,3.12,180,13.33
9797,앤티앤스_프레즐_아몬드 크림치즈 스틱,315,45.76,7.05,8.76,3.11,156,13.46
9798,앤티앤스_프레즐_아몬드 프레즐,339,49.24,6.42,9.43,3.35,109,15.6
9799,앤티앤스_프레즐_아몬드스틱,338,49.1,7.24,9.4,3.34,152,14.57
9800,앤티앤스_프레즐_아몬드크림치즈스틱,298,43.29,6.67,8.29,2.94,165,13.46
9801,롤링핀_프레즐_압구정 프레첼,470,43.8,6.8,29.7,4.64,200,10.1
9802,앤티앤스_프레즐_어니언 스틱,322,46.77,7.48,8.95,3.18,147,10.21
9803,앤티앤스_프레즐_어니언 프레즐,308,44.74,7.34,8.57,3.04,109,10.09
9804,앤티앤스_프레즐_어니언스틱,322,46.77,7.48,8.95,3.18,147,10.21
9805,앤티앤스_프레즐_오곡 프레즐,308,44.74,8.33,8.57,3.04,120,12.5
9806,앤티앤스_프레즐_오리지날 프레즐,321,46.63,7.62,8.93,3.17,105,9.52
9807,앤티앤스_프레즐_오리지널 스틱,342,49.68,7.58,9.51,3.38,132,9.09
9808,앤티앤스_프레즐_오리지널 프레즐,315,45.76,7.48,8.76,3.11,107,9.35
9809,탐앤탐스_프레즐_오리지널 프레즐,268,52.14,11.11,2.56,2.65,117,4.27
9810,앤티앤스_프레즐_오리지널스틱,342,49.68,7.58,9.51,3.38,132,9.09
9811,앤티앤스_프레즐_옥수수 크림치즈 스틱,317,46.05,7.74,8.82,3.13,155,12.26
9812,이디야_케이크_초코 생크림 케이크,346,31.54,4.29,21.97,1.58,70,22.86
9813,풋마늘무침,38,8.05,1.31,0.82,2.3,100,3.77
9814,프레즐,312,55.14,8.37,6.45,3.2,100,7.94
9815,앤티앤스_프레즐_갈릭 스틱,350,50.84,7.3,9.73,3.46,137,8.76
9816,앤티앤스_프레즐_갈릭 프레즐,309,44.89,7.27,8.59,3.05,110,10.0
9817,앤티앤스_프레즐_갈릭스틱,350,50.84,7.3,9.73,3.46,137,8.76
9818,앤티앤스_프레즐_고구마 크림치즈 스틱,264,38.35,5.95,7.34,2.61,168,12.5
9819,탐앤탐스_프레즐_고구마 프레즐,268,40.09,12.74,6.6,2.65,212,12.26
9820,탐앤탐스_프레즐_도그 프레즐,167,18.52,11.11,7.41,1.65,135,2.22
9821,롤링핀_프레즐_버터 프레첼,350,50.84,7.4,9.73,3.46,125,2.6
9822,앤티앤스_프레즐_베이컨 치즈 고구마 크림치즈 스틱,266,38.64,7.84,7.4,2.63,204,9.31
9823,앤티앤스_프레즐_베이컨 치즈 옥수수 크림치즈 스틱,310,45.03,10.05,8.62,3.06,199,9.05
9824,탐앤탐스_프레즐_불고기 프레즐,267,34.78,13.53,8.21,2.64,207,6.28
9825,앤티앤스_프레즐_소금빵 크림치즈 스틱,330,47.94,6.37,9.18,3.26,157,11.46
9826,앤티앤스_프레즐_시나몬 슈가 스틱,345,50.12,5.84,9.59,3.41,137,27.01
9827,앤티앤스_프레즐_시나몬 슈가 프레즐,354,51.42,6.25,9.84,3.5,96,22.92
9828,앤티앤스_프레즐_시나몬슈가 프레즐,312,45.32,6.42,8.68,3.08,109,22.92
9829,앤티앤스_프레즐_시나몬슈가스틱,305,44.31,5.81,8.48,3.01,155,27.01
9830,커피마마_페이스트리_허니치즈퐁당 마마츄리,319,31.91,10.96,19.22,3.15,187,7.75
9831,메가커피_페이스트리_현무암돌빵,421,42.11,6.56,25.37,4.16,96,13.54
9832,파스쿠찌_페이스트리_화이트 마카다미아 데니쉬,401,40.11,6.58,24.16,3.96,76,1.32
9833,뚜레쥬르_페이스트리_회오리롱소시지패스트리,320,32.01,10.31,19.28,3.16,97,6.19
9834,폭찹,124,5.73,12.2,5.35,0.8,100,3.49
9835,표고버섯볶음,35,3.96,1.7,2.11,1.9,100,0.92
9836,풋고추된장무침,45,7.94,1.9,0.92,2.7,100,2.16
9837,풋고추된장무침_풋고추,124,12.0,2.37,7.35,3.4,100,8.43
9838,풋고추볶음,70,8.25,1.93,3.23,3.7,100,4.34
9839,풋고추찜,51,8.27,2.31,0.99,4.1,100,1.44
9840,파스쿠찌_페이스트리_초코푀이테,321,32.11,10.71,19.34,3.17,28,10.71
9841,파리바게뜨_페이스트리_촉촉한몽블랑,397,43.53,5.88,22.35,3.92,170,15.88
9842,파리바게뜨_페이스트리_치즈소시지페스츄리,355,35.51,10.91,21.39,3.51,110,2.73
9843,뚜레쥬르_페이스트리_카라멜피칸소보로프,509,50.91,6.88,30.67,5.03,160,25.0
9844,할리스_페이스트리_콘 치즈 데니쉬,432,43.21,8.15,26.03,4.27,135,5.93
9845,뚜레쥬르_페이스트리_콘크림치즈패스트리,453,45.31,9.47,27.29,4.47,95,8.42
9846,롤링핀_페이스트리_쿠인아망,286,28.61,8.24,17.23,2.82,85,15.29
9847,파스쿠찌_페이스트리_퀸아망,415,41.51,4.0,25.01,4.1,100,22.0
9848,파리바게뜨_페이스트리_크림치즈데니쉬,384,30.53,6.32,25.26,3.79,95,10.53
9849,파리바게뜨_페이스트리_크림치즈롤페스츄리,361,36.11,5.56,21.75,3.57,36,11.11
9850,뚜레쥬르_페이스트리_파삭크림롤,407,40.71,5.71,24.52,4.02,140,17.86
9851,롤링핀_페이스트리_팥절미 페이스트리,381,38.11,11.72,22.96,3.76,145,11.03
9852,뚜레쥬르_페이스트리_패스트리크림북,429,42.91,7.14,25.85,4.24,112,16.97
9853,롤링핀_페이스트리_페이스트리 앙버터,449,50.1,5.6,25.1,4.43,310,15.5
9854,파스쿠찌_페이스트리_푀이테쇼콜라,350,35.01,6.67,21.09,3.46,60,11.67
9855,파리바게뜨_페이스트리_프렌치뀐아망,485,50.0,5.88,29.41,4.79,68,25.0
9856,따삐오_페이스트리_햄감자말이페스트리,298,29.81,11.58,17.96,2.94,95,4.21
9857,요거프레소_페이스트리_허니볼,277,27.71,6.0,16.69,2.74,200,4.5
9858,따삐오_페이스트리_소시지페스트리,356,35.61,11.0,21.45,3.52,120,4.0
9859,따삐오_페이스트리_슈크림데니쉬,358,35.81,8.0,21.57,3.54,335,16.0
9860,파리바게뜨_페이스트리_스위트갈릭고구마페스츄리,317,31.71,5.56,19.1,3.13,90,10.0
9861,뚜레쥬르_페이스트리_스위트밤블랑,413,41.31,6.63,24.88,4.08,196,22.96
9862,롤링핀_페이스트리_스크류소시지,392,39.21,10.97,23.62,3.87,155,3.87
9863,따삐오_페이스트리_시나몬페스트리,411,41.11,12.0,24.76,4.06,110,12.0
9864,파스쿠찌_페이스트리_아몬드 퀸아망,467,46.71,6.67,28.14,4.61,75,17.33
9865,투썸플레이스_페이스트리_에그베이컨페이스트리,365,36.51,12.31,21.99,3.6,130,4.62
9866,롤링핀_페이스트리_오렌지 페이스트리,277,27.61,4.46,16.68,2.74,190,5.99
9867,스타벅스_페이스트리_오름 치즈 케이츄리,399,39.91,6.76,24.04,3.94,148,17.57
9868,롤링핀_페이스트리_오코노미야키 페이스트리,241,22.6,9.0,12.7,2.38,190,2.4
9869,투썸플레이스_페이스트리_쟌슨빌소시지페이스트리,275,27.51,9.0,16.57,2.72,100,5.0
9870,따삐오_페이스트리_정통소시지데니쉬,351,35.11,12.63,21.15,3.47,95,6.32
9871,따삐오_페이스트리_쫀득한페스트리,327,32.71,9.33,19.7,3.23,75,5.33
9872,롤링핀_페이스트리_청포도 페이스트리,276,27.7,4.31,16.64,2.73,190,5.76
9873,커피마마_페이스트리_초코 퐁당 마마츄리,327,32.71,4.83,19.7,3.23,205,18.88
9874,파리바게뜨_페이스트리_초코범벅페스츄리,446,44.61,6.15,26.87,4.4,65,13.85
9875,파리바게뜨_페이스트리_초코칩쏙쏙트위스트,417,41.71,8.33,25.13,4.12,24,12.5
9876,파리바게뜨_페이스트리_미니초코칩트위스트,409,45.45,4.55,22.73,4.04,22,18.18
9877,뚜레쥬르_페이스트리_바통쉬크레,462,46.21,7.69,27.84,4.56,130,22.31
9878,뚜레쥬르_페이스트리_밤패스트리,361,36.11,6.17,21.75,3.57,162,18.52
9879,할리스_페이스트리_베이컨 포테이토 데니쉬,442,44.21,23.85,26.63,4.37,130,5.38
9880,뚜레쥬르_페이스트리_베이컨&치즈패스트리,424,42.41,8.86,25.55,4.19,79,7.59
9881,커피마마_페이스트리_블루베리 퐁당 마마츄리,266,26.6,4.04,16.03,2.63,230,12.52
9882,뚜레쥬르_페이스트리_블루베리패스트리크림북,398,39.81,6.56,23.98,3.93,122,16.39
9883,따삐오_페이스트리_블루베리품은 소보로 페스트리,441,44.11,7.0,26.57,4.36,400,19.0
9884,카페베네_페이스트리_비벼먹는 페스츄리 딸기,261,26.1,4.71,15.73,2.58,276,10.87
9885,카페베네_페이스트리_비벼먹는 페스츄리 초콜릿,398,39.81,6.99,23.98,3.93,186,14.52
9886,파리바게뜨_페이스트리_비프볼로네제 페스츄리(1개입),333,33.31,6.67,20.06,3.29,30,6.67
9887,파리바게뜨_페이스트리_비프카레페스츄리(1개입),317,31.71,6.67,19.1,3.13,30,6.67
9888,스타벅스_페이스트리_뺑 오 쇼콜라,421,42.11,7.14,25.37,4.16,70,11.43
9889,파스쿠찌_페이스트리_뺑오쇼콜라,398,39.81,6.78,23.98,3.93,59,13.56
9890,롤링핀_페이스트리_뺑오쇼콜라,457,45.71,7.3,27.54,4.51,100,12.6
9891,따삐오_페이스트리_생크림소보루페스트리,341,34.11,6.0,20.55,3.37,128,10.0
9892,커피에반하다_페이스트리_소세지 페스츄리,314,31.41,11.67,18.92,3.1,120,4.17
9893,롤링핀_페이스트리_소시지 양파 페이스트리,316,31.61,10.5,19.04,3.12,200,2.5
9894,롤링핀_팥빵_쫀득한 단팥빵,294,40.89,6.9,11.01,2.9,145,13.1
9895,파리바게뜨_팥빵_추억의 팥절미빵,273,40.4,9.09,12.12,2.7,99,13.13
9896,이디야_팥빵_팥 붕어빵,287,39.92,3.85,10.75,2.83,130,15.38
9897,더리터_팥빵_팥 페스츄리 붕어빵,262,39.23,5.38,9.82,2.59,130,16.92
9898,복호두_팥빵_팥딸기버터호두과자(20개입),307,47.5,6.5,8.5,3.03,420,28.0
9899,복호두_팥빵_팥딸기버터호두과자(8개입),307,47.5,6.5,8.5,3.03,168,28.0
9900,복호두_팥빵_팥레몬버터호두과자(20개입),313,46.5,6.5,11.5,3.09,420,25.5
9901,복호두_팥빵_팥레몬버터호두과자(8개입),313,46.5,6.5,11.5,3.09,168,25.5
9902,복호두_팥빵_팥앙버터호두과자(20개입),320,46.5,7.0,11.5,3.16,420,27.0
9903,커피마마_페이스트리_딸기탑 마마츄리,241,24.1,3.91,14.52,2.38,274,16.53
9904,커피마마_페이스트리_라즈베리 퐁당 마마츄리,269,26.91,4.13,16.21,2.66,230,13.91
9905,롤링핀_페이스트리_롤링 페이스트리,383,34.9,6.1,24.3,3.78,130,4.5
9906,파스쿠찌_페이스트리_마카다미아 데니쉬,394,39.41,5.88,23.74,3.89,85,17.65
9907,파스쿠찌_페이스트리_몽블랑 데니쉬,389,38.91,5.93,23.44,3.84,135,17.04
9908,롤링핀_페이스트리_몽블랑 플레인,399,39.91,6.7,24.04,3.94,195,10.5
9909,뚜레쥬르_페이스트리_몽블랑의정석,420,42.01,7.42,25.31,4.15,256,16.02
9910,파리바게뜨_페이스트리_미니소시지페스츄리,396,25.0,8.33,29.17,3.91,24,8.33
9911,피자와치킨의러브레터_피자_찐4 피자,273,27.86,13.81,11.61,2.7,862,4.06
9912,복호두_팥빵_레몬버터딸기버터호두과자(20개입),340,45.0,6.0,13.0,3.36,440,26.5
9913,복호두_팥빵_레몬버터딸기버터호두과자(8개입),340,45.0,6.0,13.0,3.36,176,26.5
9914,복호두_팥빵_레몬버터호두과자(20개입),346,44.0,6.0,16.0,3.42,440,24.0
9915,복호두_팥빵_레몬버터호두과자(8개입),346,44.0,6.0,16.0,3.42,176,24.0
9916,호밀호두_팥빵_미강빵,307,42.7,6.67,11.5,3.03,30,30.0
9917,더벤티_팥빵_미니붕어빵 통팥,291,40.47,6.4,10.9,2.87,125,20.0
9918,롤링핀_팥빵_생크림 듬뿍이 단팥빵,280,38.94,7.37,10.49,2.77,190,3.68
9919,파리바게뜨_팥빵_생크림단팥빵,271,37.69,6.2,10.15,2.68,129,12.4
9920,롤링핀_팥빵_소보루단팥빵,356,50.0,7.1,17.9,3.52,125,18.9
9921,복호두_팥빵_앙버터딸기버터호두과자(20개입),347,45.0,6.5,13.0,3.43,440,28.0
9922,복호두_팥빵_앙버터딸기버터호두과자(8개입),347,45.0,6.5,13.0,3.43,176,28.0
9923,복호두_팥빵_앙버터레몬버터호두버터(20개입),353,44.0,6.5,16.0,3.49,440,25.5
9924,복호두_팥빵_앙버터레몬버터호두버터(8개입),353,44.0,6.5,16.0,3.49,176,25.5
9925,복호두_팥빵_앙버터호두과자(20개입),359,44.0,7.0,16.0,3.55,440,27.0
9926,복호두_팥빵_앙버터호두과자(8개입),359,44.0,7.0,16.0,3.55,176,27.0
9927,뚜레쥬르_팥빵_연유크림만난단팥빵,348,48.4,7.62,13.04,3.44,105,21.91
9928,따삐오_팥빵_완전소중한단팥빵,307,42.7,7.41,11.5,3.03,135,26.67
9929,따삐오_팥빵_우리쌀앙버터브레드 (H),252,35.05,3.45,9.44,2.49,145,9.66
9930,팝콘_카라멜,479,69.79,5.92,19.56,6.8,100,27.42
9931,팟타이,146,18.54,3.98,6.2,1.4,100,5.41
9932,프레시지_팟타이_간편조리세트_비프 팟타이,231,22.5,7.04,12.58,1.3,576,9.13
9933,팥밥,119,25.86,2.3,0.14,0.5,100,0.02
9934,팥빙수,99,20.82,2.4,0.81,1.3,100,11.38
9935,롯데리아_팥빙수_팥빙수,118,25.02,1.88,0.98,1.67,511,19.37
9936,파리바게뜨_팥빵_단팥빵,250,34.77,7.27,9.37,2.47,110,16.36
9937,뚜레쥬르_팥빵_단팥빵,314,43.67,9.3,11.76,3.1,86,19.77
9938,롤링핀_팥빵_단팥빵,274,38.11,7.8,10.27,2.71,130,13.8
9939,따삐오_팥빵_단팥빵,308,42.84,10.53,11.54,3.04,76,18.42
9940,뚜레쥬르_팥빵_단팥소보로빵,386,53.69,10.0,14.46,3.81,110,27.27
9941,뚜레쥬르_팥빵_단팥앙금롤브레드,330,45.9,8.93,12.36,3.26,280,20.71
9942,복호두_팥빵_딸기버터호두과자(20개입),334,46.0,6.0,10.0,3.3,440,29.0
9943,복호두_팥빵_딸기버터호두과자(8개입),334,46.0,6.0,10.0,3.3,176,29.0
9944,카페띠아모_파이/만주_플레인 에그디쉬,325,36.23,6.86,16.92,3.21,172,15.41
9945,스타벅스_파이/만주_하트 파이,485,54.07,9.38,25.24,4.79,96,16.67
9946,호밀호두_파이/만주_호두파이,380,42.36,6.0,19.78,3.75,100,25.0
9947,뚜레쥬르_파이/만주_황금파이만주,397,44.26,6.9,20.66,3.92,58,22.41
9948,파전,216,20.92,6.2,11.26,1.1,100,0.52
9949,파전_감자_김치,93,14.54,2.8,2.39,1.4,100,1.05
9950,파전_굴_김치,99,14.24,3.9,2.72,1.1,100,1.15
9951,파전_돼지고기_김치,101,13.21,5.0,2.85,1.2,100,1.09
9952,파전_해물,171,18.29,5.5,8.4,1.6,150,0.82
9953,팔보채,137,3.17,12.7,7.52,0.9,100,1.1
9954,팝콘,511,58.06,8.3,27.34,10.4,100,0.38
9955,미스터피자_피자_찐페퍼로니 피자 씬 크러스트,351,35.82,16.93,14.93,3.47,318,2.64
9956,뚜레쥬르_파이/만주_새콤달콤유자파이,364,40.58,5.61,18.95,3.59,107,16.82
9957,롤링핀_파이/만주_생크림 가득 파이,358,33.9,5.4,22.3,3.54,170,2.6
9958,롤링핀_파이/만주_스노우 화이트 애플 파이,290,32.33,3.33,15.09,2.86,210,20.95
9959,롤링핀_파이/만주_스틱파이,476,53.07,6.32,24.78,4.7,95,22.11
9960,롤링핀_파이/만주_쌀콩만주,328,63.3,8.5,4.5,3.24,25,29.1
9961,뚜레쥬르_파이/만주_알밤파이만주,400,44.59,6.67,20.82,3.95,60,18.33
9962,팔공티_파이/만주_약과 버터바,432,48.16,4.05,22.49,4.27,148,22.3
9963,따삐오_파이/만주_연유슈크림애플파이,332,37.01,4.0,17.28,3.28,176,12.0
9964,카페띠아모_파이/만주_이탈리안 에그디쉬,296,33.0,7.91,15.41,2.92,230,10.35
9965,스타벅스_파이/만주_주상절리 파이,532,59.31,7.37,27.69,5.25,95,25.26
9966,파리바게뜨_파이/만주_진한크림치즈롤파이,375,34.38,6.25,25.0,3.7,32,12.5
9967,카페띠아모_파이/만주_치킨 팟파이,253,28.2,15.88,13.17,2.5,170,4.71
9968,뚜레쥬르_파이/만주_카라멜애플파이,346,38.57,4.26,18.01,3.42,94,14.89
9969,파리바게뜨_파이/만주_커스타드애플파이,341,38.02,3.53,17.75,3.37,85,5.88
9970,파리바게뜨_파이/만주_크림치즈롤파이,412,45.93,5.29,21.44,4.07,17,11.76
9971,파리바게뜨_파이/만주_클래식애플파이,313,34.67,4.0,18.67,3.09,75,6.67
9972,롤링핀_파이/만주_파이만주,351,39.13,6.6,18.27,3.47,40,25.9
9973,롤링핀_파이/만주_파이콘,514,57.3,6.8,26.75,5.08,170,13.2
9974,파리바게뜨_파이/만주_로스팅호두로더고소한호두파이(조각),400,44.59,5.0,20.82,3.95,60,26.67
9975,롤링핀_파이/만주_리프파이,493,54.96,6.67,25.66,4.87,60,38.33
9976,디저트39_파이/만주_링고파이,345,38.46,3.0,17.96,3.41,100,23.0
9977,파이/만주_만주,318,66.86,7.33,2.34,4.9,70,32.07
9978,따삐오_파이/만주_미니고구마파이,374,41.69,7.89,19.47,3.69,38,13.16
9979,따삐오_파이/만주_미니딸기필링파이,397,44.26,3.03,20.66,3.92,33,27.27
9980,따삐오_파이/만주_미니애플파이,346,38.57,5.41,18.01,3.42,37,13.51
9981,따삐오_파이/만주_미니크림치즈파이,400,44.59,6.06,20.82,3.95,33,15.15
9982,카페띠아모_파이/만주_베이컨 치즈 팟파이,269,29.99,9.38,14.0,2.66,160,3.13
9983,카페띠아모_파이/만주_블루베리 에그디쉬,264,29.43,5.54,13.74,2.61,202,14.9
9984,크로플덕오리아가씨_파이/만주_빨미까레 녹차,438,48.75,6.25,22.5,4.33,80,25.0
9985,크로플덕오리아가씨_파이/만주_빨미까레 초코,455,48.75,6.25,25.0,4.49,80,27.5
9986,크로플덕오리아가씨_파이/만주_빨미까레 쿠앤크,403,45.0,6.25,21.25,3.98,80,22.5
9987,따삐오_파이/만주_뽀미파이 애플파이,347,38.68,6.76,18.06,3.43,74,12.16
9988,파이/만주_사과파이,185,34.83,2.54,3.91,2.3,100,7.11
9989,뚜레쥬르_파이/만주_사르르리본파이,526,58.64,6.32,27.38,5.19,95,11.58
9990,뚜레쥬르_파이/만주_사르르미니리본파이(3개입),521,58.08,6.25,27.12,5.15,48,10.42
9991,뚜레쥬르_파이/만주_사르르미니리본파이(6개입),526,58.64,6.32,27.38,5.19,95,11.58
9992,파무침,38,4.32,1.6,1.97,1.7,100,1.04
9993,파운드케이크,226,26.67,3.5,11.79,0.6,100,9.33
9994,이디야_파운드케이크_레몬 아이싱 파운드,440,50.69,5.71,18.72,4.35,70,32.86
9995,달콤_파운드케이크_무화과 파운드 케이크,404,44.55,4.55,17.19,3.99,110,20.91
9996,뚜레쥬르_파운드케이크_소보로쑥파운드,407,46.89,5.0,17.32,4.02,140,24.29
9997,달콤_파운드케이크_솔트카라멜 파운드 케이크,434,50.0,5.56,18.46,4.29,90,14.44
9998,뚜레쥬르_파운드케이크_초코청크파운드,393,45.28,3.82,16.72,3.88,131,25.96
9999,파스쿠찌_파운드케이크_콰트로 치즈 파운드,406,46.77,6.25,17.27,4.01,64,25.0
10000,뚜레쥬르_파운드케이크_티타임레몬슈가파운드,415,47.81,4.44,17.66,4.1,135,35.55
10001,파스쿠찌_파운드케이크_호두 파운드,385,44.35,6.15,16.38,3.8,65,20.0
10002,뚜레쥬르_파이/만주_THE호두파이(조각),460,51.28,7.94,23.94,4.54,63,28.57
10003,뚜레쥬르_파이/만주_겹겹이딸기파이,394,43.92,6.38,20.51,3.89,94,20.21
10004,롤링핀_파이/만주_다크초콜릿롤,417,41.9,7.3,24.5,4.12,120,13.7
10005,파리바게뜨_파이/만주_달콤한딸기롤파이,371,51.61,3.23,16.13,3.66,31,22.58
10006,파리바게뜨_파이/만주_달콤한딸기롤파이 (2개입),363,50.0,3.23,16.13,3.58,62,22.58
10007,파리바게뜨_파이/만주_달콤한딸기롤파이 (5개입),365,50.97,3.23,16.13,3.6,155,23.23
10008,파리바게뜨_파이/만주_딸기잼롤파이,400,44.59,4.5,20.82,3.95,20,25.0
10009,파리바게뜨_파이/만주_로스팅호두로더고소한호두파이 (조각),402,44.64,7.14,23.21,3.97,56,26.67
10010,파래무침,49,4.97,3.53,1.7,3.5,30,1.73
10011,파래무침_무,21,3.92,1.3,0.51,1.3,100,1.56
10012,파래무침_액젓,22,2.61,1.7,1.12,1.4,100,0.25
10013,파래무침_파래_무,23,4.86,1.07,0.38,1.2,100,2.62
10014,파래볶음,49,3.03,1.6,4.1,1.5,100,0.69
10015,파래전,197,31.77,4.74,5.03,1.5,100,0.83
10016,뽕뜨락피자_피자_차슈(불갈비) 피자 (L),222,22.65,12.42,9.44,2.19,900,3.97
10017,크로플덕오리아가씨_토스트_카야치즈 토스트,249,43.16,7.37,8.42,2.46,95,9.47
10018,커피베이_토스트_콘치즈 프렌치토스트,241,36.95,8.82,9.11,2.38,170,10.0
10019,파리바게뜨_토스트_통버터 프렌치토스트,289,44.31,6.32,10.92,2.85,95,11.58
10020,커피베이_토스트_트리플 치즈 카야 토스트,273,41.86,5.43,10.31,2.7,188,8.99
10021,뚜레쥬르_토스트_페퍼로니 피자 토스트,282,43.24,12.35,10.65,2.78,170,4.12
10022,뚜레쥬르_토스트_피자토스트,259,39.71,12.73,9.79,2.56,110,5.46
10023,커피빈_토스트_햄 치즈 프렌치 토스트,312,28.13,10.0,17.5,3.08,160,5.63
10024,할리스_토스트_햄치즈 스크램블 토스트,290,44.46,11.0,10.96,2.86,100,7.0
10025,카페루앤비_토스트_햄치즈 토스트,283,43.39,12.86,10.69,2.79,70,2.86
10026,파리바게뜨_토스트_허니버터토스트,335,51.36,6.0,12.66,3.31,225,20.0
10027,톳나물_두부,30,2.55,2.67,1.6,2.3,100,0.18
10028,톳나물무침,75,12.28,1.87,2.09,6.4,90,6.94
10029,트위스터 샌드위치,56,3.3,3.6,2.96,0.4,100,0.68
10030,파강회,42,6.33,1.2,1.71,1.8,100,3.39
10031,파김치,49,8.51,2.5,0.58,4.6,100,2.8
10032,뚜레쥬르_토스트_뚜쥬맘계란토스트,232,35.57,9.49,8.77,2.29,274,5.84
10033,파리바게뜨_토스트_마늘토스트,306,46.92,7.27,11.56,3.02,165,7.27
10034,따삐오_토스트_몬테크리스토 (H),262,40.17,8.0,9.9,2.59,149,4.0
10035,뚜레쥬르_토스트_새우오믈렛토스트,251,38.48,8.67,9.48,2.48,173,5.2
10036,뚜레쥬르_토스트_스위트토스트,419,64.24,6.45,15.83,4.14,62,14.52
10037,뚜레쥬르_토스트_쏙쏙토스트,323,49.52,9.3,12.2,3.19,172,7.56
10038,파스쿠찌_토스트_오믈렛토스트,269,41.24,11.54,10.16,2.66,130,4.62
10039,커피베이_토스트_인절미 카야 토스트,261,40.02,5.43,9.86,2.58,184,12.5
10040,카페루앤비_토스트_인절미 토스트,301,46.15,5.88,11.37,2.97,85,2.35
10041,토프레소_토스트_인절미 토스트,342,52.43,8.99,12.92,3.38,178,7.3
10042,커피베이_토스트_자색 고구마 카야 토스트,256,39.25,5.83,9.67,2.53,168,11.61
10043,크로플덕오리아가씨_토스트_전여친 생각 토스트,379,58.82,5.88,13.24,3.74,136,33.09
10044,파리바게뜨_토스트_촉촉한 허니버터토스트,380,58.26,4.57,14.36,3.75,175,22.86
10045,따삐오_토스트_촉촉한햄치즈 토스트,253,38.79,10.0,9.56,2.5,446,7.0
10046,투썸플레이스_토스트_카라멜버터토스트,332,50.9,6.84,12.54,3.28,190,6.84
10047,크로플덕오리아가씨_토스트_카야 버터치즈 반반 토스트,285,43.16,6.32,11.58,2.81,95,9.47
10048,토프레소_토스트_카야 토스트,315,48.3,7.55,11.9,3.11,106,10.38
10049,크로플덕오리아가씨_토스트_카야버터 토스트,321,43.16,5.26,13.68,3.17,95,9.47
10050,탕평채,97,12.26,3.55,3.81,2.7,100,0.39
10051,토란국,34,3.56,1.9,1.45,0.9,100,0.26
10052,토란대나물,32,3.88,0.9,1.68,1.4,100,1.12
10053,토란대나물무침,68,4.22,5.14,3.38,3.4,90,0.39
10054,토스트(식빵),84,15.55,2.5,1.33,1.0,100,2.61
10055,파리바게뜨_토스트_갈릭스틱토스트,378,57.95,4.88,14.28,3.73,41,14.63
10056,뚜레쥬르_토스트_갈릭치즈토스트,407,62.4,7.14,15.38,4.02,70,12.86
10057,따삐오_토스트_구운햄치즈 토스트,304,46.61,11.0,11.49,3.0,157,5.0
10058,크로플덕오리아가씨_토스트_누텔라 바나나 토스트,208,36.3,3.42,5.48,2.05,146,12.33
10059,커피베이_토스트_더블 버터 카야 토스트,335,51.36,4.74,12.66,3.31,154,7.27
10060,뚜레쥬르_토스트_뚜레1번가햄치즈토스트,186,28.52,8.57,7.03,1.84,210,4.76
10061,프레시지_탄탄면_간편조리세트_마라 탄탄면,174,21.0,5.73,7.4,1.0,599,3.1
10062,탕수어,185,25.43,8.5,5.02,0.9,100,5.7
10063,탕수육,160,13.14,10.6,6.86,0.5,100,4.37
10064,GS 리테일 심플리쿡_탕수육_간편조리세트_김치피자탕수육,227,20.47,12.36,10.67,2.3,790,7.37
10065,탕수육_새우,116,13.02,6.65,4.2,2.1,200,6.44
10066,스타벅스_타르트_밀당 에그 타르트,400,41.19,4.21,22.9,3.95,95,16.84
10067,따삐오_타르트_소프트 에그타르트,330,33.98,6.0,18.9,3.26,50,14.0
10068,던킨_타르트_쉬림프 피자 타르트,280,28.83,6.0,16.03,2.77,50,10.0
10069,파리바게뜨_타르트_스모어마시멜로우타르트,420,43.24,6.0,24.05,4.15,50,28.0
10070,호밀호두_타르트_씨앗타르트,417,42.94,11.71,23.88,4.12,35,22.86
10071,호밀호두_타르트_아몬드타르트,426,43.86,11.71,24.39,4.21,35,23.43
10072,파스쿠찌_타르트_에그 타르트,270,27.8,4.0,15.46,2.67,50,12.0
10073,던킨_타르트_에그타르트,239,24.61,2.17,13.69,2.36,46,13.04
10074,롤링핀_타르트_에그타르트,297,38.1,5.9,13.4,2.93,70,11.1
10075,카페베네_타르트_에그타르트,264,27.18,6.0,15.12,2.61,50,18.0
10076,파리바게뜨_타르트_에그타르트,280,28.0,4.0,16.0,2.77,50,10.0
10077,롤링핀_타르트_오렌지타르트,248,26.27,3.82,14.23,2.45,200,12.35
10078,파리바게뜨_타르트_정통에그타르트,280,28.83,4.0,16.03,2.77,50,10.0
10079,롤링핀_타르트_크림치즈 타르트,433,44.58,7.5,24.79,4.28,80,17.5
10080,뚜레쥬르_타르트_패스트리에빠진에그푸딩,457,47.05,9.57,26.17,4.51,94,10.64
10081,파리바게뜨_타르트_호두듬뿍타르트,430,42.0,8.0,26.0,4.25,50,14.0
10082,호밀호두_타르트_호두타르트,426,43.86,11.43,24.39,4.21,35,20.0
10083,카페게이트_크림빵_크림소금빵,450,54.24,12.5,21.23,4.44,80,7.5
10084,뚜레쥬르_크림빵_크림코르네,272,32.79,3.51,12.83,2.69,57,12.28
10085,스타벅스_크림빵_티라미수 크림 데니쉬,345,41.59,4.55,16.28,3.41,110,21.82
10086,더벤티_크림빵_팥크림빵빵,294,35.44,6.36,13.87,2.9,110,10.0
10087,따삐오_크림빵_후레쉬연유크림,454,54.73,9.52,21.42,4.48,84,15.48
10088,따삐오_크림빵_후레쉬연유크림빵,417,50.27,8.0,19.67,4.12,360,15.0
10089,뚜레쥬르_크림빵_후레쉬크림빵,404,48.7,6.41,19.06,3.99,78,17.95
10090,파리바게뜨_크림빵_후레쉬크림빵,411,49.54,7.59,19.39,4.06,79,17.72
10091,파리바게뜨_크림빵_후레쉬크림샌드빵,408,49.18,7.6,19.25,4.03,250,11.6
10092,파리바게뜨_크림빵_후레쉬크림샌드빵 (소),408,49.18,7.2,19.25,4.03,125,11.2
10093,파리바게뜨_크림빵_후레쉬크림샌드빵(소),408,49.18,7.2,19.25,4.03,125,11.2
10094,청자다방_크림빵_흑당크림브레드,268,32.3,3.68,12.64,2.65,100,18.52
10095,키조개구이,75,1.86,8.7,3.41,0.6,100,0.66
10096,커피빈_타르트_까망베르치즈 타르트,314,32.33,6.47,17.98,3.1,850,13.76
10097,파리바게뜨_타르트_뉴욕치즈타르트,390,40.16,8.0,22.33,3.85,50,16.0
10098,파스쿠찌_타르트_리얼 다크 타르트,429,44.17,6.67,24.56,4.24,120,23.33
10099,파리바게뜨_타르트_무화과 레어치즈 타르트,250,25.74,3.0,14.32,2.47,280,13.0
10100,커피빈_타르트_무화과타르트,476,49.01,8.98,27.26,4.7,490,30.0
10101,커피빈_타르트_미니 타르트 4종 세트,446,45.92,8.53,25.54,4.4,680,27.06
10102,뚜레쥬르_크림빵_치즈크림팡도르,326,39.3,6.32,15.38,3.22,190,15.79
10103,따삐오_크림빵_카스타드롤,292,35.2,7.69,13.78,2.88,52,11.54
10104,뚜레쥬르_크림빵_카스테라우유크림볼,329,39.66,5.63,15.52,3.25,213,13.15
10105,뚜레쥬르_크림빵_카페모카크림빵 (대),403,48.58,6.56,19.01,3.98,320,20.31
10106,뚜레쥬르_크림빵_카페모카크림빵 (소),393,47.37,6.67,18.54,3.88,150,20.67
10107,뚜레쥬르_크림빵_카페모카크림빵(대),416,50.14,7.05,19.63,4.11,326,20.31
10108,뚜레쥬르_크림빵_카페모카크림빵(소),406,48.94,7.74,19.15,4.01,155,20.67
10109,디저트39_크림빵_커스타드 크로칸 슈,427,51.47,10.0,20.15,4.22,100,20.0
10110,바나프레소_크림빵_커스터드크로칸슈,356,28.33,8.33,23.33,3.52,120,16.67
10111,크로플덕오리아가씨_크림빵_쿠키슈 생크림,343,40.0,4.29,18.57,3.39,70,20.0
10112,크로플덕오리아가씨_크림빵_쿠키슈 커스터드초코크림,427,48.57,8.57,20.0,4.22,70,15.71
10113,크로플덕오리아가씨_크림빵_쿠키슈 커스터드크림,377,44.29,4.29,15.71,3.72,70,24.29
10114,크로플덕오리아가씨_크림빵_쿠키슈 황치즈크림,386,58.57,8.57,15.71,3.81,70,12.86
10115,드롭탑_크림빵_크리미 크로칸 슈,272,32.79,3.64,6.36,2.69,110,17.27
10116,롤링핀_크림빵_크리미크로칸슈,272,32.79,3.64,12.83,2.69,110,17.27
10117,디저트39_크림빵_크림 치즈 크로칸 슈,449,54.12,8.0,21.18,4.43,100,11.0
10118,파리바게뜨_크림빵_크림듬뿍초코크림아몬드볼,400,48.22,7.78,18.87,3.95,90,15.56
10119,뽕뜨락피자_피자_차슈(불갈비) 피자 (M),231,23.57,13.99,9.83,2.28,554,4.14
10120,파리바게뜨_크림빵_인생 딸기생크림빵,329,40.0,5.71,17.14,3.25,105,15.24
10121,파리바게뜨_크림빵_인생크림빵 말차단팥,310,37.37,5.56,14.63,3.06,108,17.59
10122,파리바게뜨_크림빵_인생크림빵 메론,295,35.56,4.55,13.92,2.91,110,12.73
10123,파리바게뜨_크림빵_인생크림빵 애플망고,248,29.89,4.76,11.7,2.45,105,16.19
10124,파리바게뜨_크림빵_인생크림빵 초코바나나,307,37.01,4.72,14.48,3.03,106,14.15
10125,더벤티_크림빵_자색고구마 미니 붕어빵,294,35.44,4.8,13.87,2.9,125,16.8
10126,뚜레쥬르_크림빵_진한쌀크림빵,325,39.18,5.59,15.33,3.21,143,13.99
10127,뚜레쥬르_크림빵_진한우유크림빵,271,32.67,7.14,12.79,2.68,70,14.29
10128,더벤티_크림빵_초코 미니 붕어빵,328,39.54,4.8,15.47,3.24,125,20.0
10129,달콤_크림빵_초코 슈스틱,333,40.14,6.67,15.71,3.29,60,13.33
10130,더리터_크림빵_초코 슈스틱,333,36.67,6.67,15.71,3.29,60,13.33
10131,뚜레쥬르_크림빵_초코가나슈크림빵,299,36.04,7.79,14.11,2.95,77,15.58
10132,뚜레쥬르_크림빵_초코슈,300,36.16,8.0,14.15,2.96,25,8.0
10133,롤링핀_크림빵_초코크로칸슈,277,33.39,3.64,13.07,2.74,110,17.27
10134,파리바게뜨_크림빵_초코크림아몬드볼,400,48.22,8.75,18.87,3.95,80,17.5
10135,투썸플레이스_크림빵_초콜릿크로캉롱슈,286,34.47,4.4,13.49,2.82,91,12.09
10136,롤링핀_크림빵_촉촉브래드,296,35.68,7.27,13.97,2.92,110,1.82
10137,파리바게뜨_크림빵_추억의 고구마생크림빵,368,42.73,6.36,17.27,3.63,110,12.73
10138,카페게이트_크림빵_치즈크림빵,349,42.07,7.78,16.47,3.45,90,8.89
10139,파리바게뜨_크림빵_시원하게 즐기는 메론빵,327,39.42,5.45,15.43,3.23,110,15.45
10140,롤링핀_크림빵_아몬드슈,277,33.39,6.67,13.07,2.74,30,13.33
10141,메가커피_크림빵_아이스 딸기라떼 와앙슈,287,37.33,4.0,13.33,2.83,75,16.0
10142,메가커피_크림빵_아이스 허니 와앙 슈,267,34.67,5.33,12.0,2.64,75,13.33
10143,카페게이트_크림빵_아이스슈,283,34.11,3.33,13.35,2.79,90,16.67
10144,메가커피_크림빵_아이스허니와앙슈,267,32.18,5.33,12.6,2.64,75,13.33
10145,롤링핀_크림빵_어니언크런치,248,29.89,8.7,11.7,2.45,230,4.35
10146,뚜레쥬르_크림빵_어둠의다크초코통통,400,48.22,6.67,18.87,3.95,90,21.11
10147,청자다방_크림빵_연유크림브레드,271,32.67,4.0,12.79,2.68,100,17.96
10148,파리바게뜨_크림빵_옥수수콘크림샌드,313,38.26,6.09,14.78,3.09,115,12.17
10149,메가커피_크림빵_와앙 바닐라 슈크림빵,332,41.74,6.09,15.65,3.28,115,13.04
10150,파리바게뜨_크림빵_왕구름크림빵,359,45.31,6.12,17.14,3.55,245,19.18
10151,더리터_크림빵_요구르트 슈스틱,325,38.33,5.0,15.33,3.21,60,10.0
10152,공차_크림빵_요구르트 슈스틱,275,21.67,5.0,20.0,2.72,60,13.33
10153,뚜레쥬르_크림빵_우유버터브레드,383,46.17,7.59,18.07,3.78,145,17.93
10154,파리바게뜨_크림빵_우유생크림빵,327,39.42,4.81,15.43,3.23,104,10.58
10155,파리바게뜨_크림빵_우유크림슈,304,21.74,4.35,21.74,3.0,23,8.7
10156,바나프레소_크림빵_우유크림크로칸슈,415,34.0,10.0,28.0,4.1,100,20.0
10157,파리바게뜨_크림빵_부드러운모카크림빵,407,49.06,5.71,19.2,4.02,70,17.14
10158,뚜레쥬르_크림빵_부드러운후레쉬크림샌드빵,386,46.53,6.2,18.21,3.81,355,12.96
10159,투썸플레이스_크림빵_브리오슈슈크레,740,89.2,8.0,34.91,7.31,75,37.33
10160,뚜레쥬르_크림빵_사르르우유슈,283,34.11,3.33,13.35,2.79,30,10.0
10161,뚜레쥬르_크림빵_사르르초코슈,300,36.16,3.33,14.15,2.96,30,10.0
10162,파리바게뜨_크림빵_생크림메론크림빵,328,43.1,5.17,14.66,3.24,116,15.52
10163,따삐오_크림빵_생크림빵,310,37.37,7.14,14.63,3.06,70,10.0
10164,뚜레쥬르_크림빵_순 딸기산도,265,31.94,4.9,12.5,2.62,102,11.76
10165,뚜레쥬르_크림빵_순진우유크림빵,350,42.19,8.57,16.51,3.46,70,25.71
10166,커피베이_크림빵_슈슈 붕어빵,237,28.57,2.86,11.18,2.34,140,15.72
10167,이디야_크림빵_슈크림 붕어빵,280,33.75,3.08,13.21,2.77,130,12.31
10168,청자다방_크림빵_슈크림 콩빵,357,43.03,5.13,16.84,3.53,100,24.7
10169,파리바게뜨_크림빵_슈크림빵,298,35.92,7.14,14.06,2.94,84,15.48
10170,뚜레쥬르_크림빵_슈크림빵,312,37.61,8.24,14.72,3.08,85,15.3
10171,파리바게뜨_크림빵_슈크림슈,304,36.64,4.35,14.34,3.0,23,8.7
10172,뚜레쥬르_크림빵_슈크림슈,320,38.57,8.0,15.1,3.16,25,8.0
10173,이디야_크림빵_스노우 쿠키슈,331,39.9,4.62,15.62,3.27,65,13.85
10174,이디야_크림빵_스노우쿠키슈,320,38.57,6.0,15.1,3.16,50,13.85
10175,따삐오_크림빵_스마일슈크림빵,300,36.16,6.94,14.15,2.96,72,11.11
10176,뚜레쥬르_크림빵_동글동글순우유롤,361,43.51,7.54,17.03,3.57,345,11.88
10177,따삐오_크림빵_딸기샌드케이크 크림빵,252,30.38,4.0,11.89,2.49,191,24.0
10178,뚜레쥬르_크림빵_딸기흑임자크림빵,286,34.47,5.19,13.49,2.82,77,11.69
10179,파리바게뜨_크림빵_땅콩크림빵,431,51.95,8.75,20.33,4.26,80,15.0
10180,뚜레쥬르_크림빵_리얼초코소라빵,301,36.28,5.88,14.2,2.97,68,16.18
10181,뚜레쥬르_크림빵_매직모카크림빵,423,50.99,6.73,19.96,4.18,342,21.35
10182,파리바게뜨_크림빵_메론크림빵,322,47.12,5.77,12.5,3.18,104,16.35
10183,파리바게뜨_크림빵_모카크림샌드빵,398,47.97,6.05,18.78,3.93,215,18.14
10184,더벤티_크림빵_미니붕어빵 커스타드,311,37.49,6.4,14.67,3.07,125,6.4
10185,이디야_크림빵_민트초코 생크림 브레드,309,37.25,4.15,14.58,3.05,265,17.36
10186,파리바게뜨_크림빵_밀크크림브레드,221,26.64,5.26,10.43,2.18,95,9.47
10187,파리바게뜨_크림빵_바닐라 우유 크림슈,326,13.04,4.35,26.09,3.22,23,8.7
10188,롤링핀_크림빵_바닐라슈,307,37.01,6.67,14.48,3.03,30,3.33
10189,투썸플레이스_크림빵_바닐라크로캉롱슈,314,37.85,4.65,14.81,3.1,86,15.12
10190,파리바게뜨_크림빵_반반 후.크.샌 연유와 옥수수,361,43.51,7.35,17.03,3.57,245,13.47
10191,요거트아이스크림의정석_크림빵_베이비 슈,324,39.39,3.03,18.18,3.2,33,15.15
10192,뚜레쥬르_크림빵_베이비슈,317,38.21,3.33,14.96,3.13,30,13.33
10193,파리바게뜨_크림빵_보슬보슬옥수수크림빵,344,41.11,6.67,16.67,3.4,90,14.44
10194,더벤티_크로플_플레인 크로플,411,48.69,8.93,18.72,4.06,56,17.86
10195,커피베이_크로플_플레인 크로플,425,50.34,7.81,19.36,4.2,64,18.91
10196,팔공티_크로플_플레인 크로플,100,11.85,0.26,4.55,0.99,205,0.23
10197,더벤티_크로플_플레인크로플,425,50.34,8.93,19.36,4.2,56,17.86
10198,카페게이트_크로플_플레인크로플,438,51.88,9.09,19.95,4.33,55,8.18
10199,크로플덕오리아가씨_크로플_호호불어 호떡 크로플,299,38.67,6.67,10.67,2.95,75,12.0
10200,크로플덕오리아가씨_크로플_황치즈크림에 스며든 뽀또 크로플,268,35.79,5.26,10.53,2.65,95,8.42
10201,크로플덕오리아가씨_크로플_황치즈크림위에 뛰노는 큐브치즈 크로플,260,29.57,5.22,12.17,2.57,115,9.57
10202,뚜레쥬르_크림빵_고소한 흑임자크림빵,328,39.54,5.97,15.47,3.24,67,13.43
10203,파리바게뜨_크림빵_골든크림메론빵,320,38.57,5.0,15.1,3.16,100,16.0
10204,파리바게뜨_크림빵_그릭요거트슈,308,37.13,3.85,14.53,3.04,26,15.39
10205,뚜레쥬르_크림빵_까까웨뜨,407,49.06,7.41,19.2,4.02,81,14.82
10206,따삐오_크림빵_나눠먹는크림빵,428,51.59,7.0,20.19,4.23,234,19.0
10207,파리바게뜨_크림빵_단팥생크림빵,297,38.21,4.88,13.82,2.93,123,15.45
10208,달콤_크림빵_단팥우유크림빵,320,44.0,6.67,15.1,3.16,75,18.67
10209,카페게이트_크림빵_단팥크림빵,289,34.84,7.27,13.63,2.85,110,19.09
10210,파리바게뜨_크림빵_단팥크림코팡,271,32.67,5.88,12.79,2.68,85,18.82
10211,더벤티_크림빵_단호박 미니 붕어빵,275,33.15,4.8,12.97,2.72,125,16.8
10212,크로플각_크로플_쿠앤크 아이스크림 크로플,233,19.0,6.0,14.0,2.3,100,15.0
10213,요거프레소_크로플_크로플,430,50.94,8.0,19.59,4.25,50,18.0
10214,파스쿠찌_크로플_크로플 with 젤라또,329,38.97,4.74,14.99,3.25,190,15.79
10215,크로플덕오리아가씨_크로플_크림치즈 엎은 누텔라 크로플,351,29.52,7.62,21.9,3.47,105,10.48
10216,베러댄와플_크로플_크림치즈 크로플,363,43.0,7.23,16.53,3.58,83,10.84
10217,크로플각_크로플_크림치즈&누텔라 크로플,242,28.0,5.0,13.8,2.39,100,19.0
10218,커피베이_크로플_트리플 치즈 크로플,368,43.59,7.68,16.76,3.63,112,7.32
10219,베러댄와플_크로플_티라미수 크로플,351,41.58,7.62,15.99,3.47,105,11.43
10220,크로플덕오리아가씨_크로플_티라미수 크로플 생크림,267,26.0,10.0,13.0,2.64,100,4.0
10221,크로플덕오리아가씨_크로플_티라미수 크로플 초코커스터드 크림,326,32.0,10.0,16.0,3.22,100,8.0
10222,크로플덕오리아가씨_크로플_티라미수 크로플 커스터드 크림,304,30.0,10.0,15.0,3.0,100,6.0
10223,더벤티_크로플_티라미수크림 크로플,356,42.17,5.75,16.22,3.52,87,17.24
10224,더벤티_크로플_티라미수크림크로플,366,43.36,5.75,16.67,3.61,87,17.24
10225,베러댄와플_크로플_프렌치 아이스크림 크로플,205,24.28,2.73,9.34,2.02,183,15.3
10226,이디야_크로플_플레인 크로플,414,49.04,7.81,18.86,4.09,64,12.5
10227,더리터_크로플_플레인 크로플,507,45.71,7.14,23.09,5.01,70,7.14
10228,청자다방_크로플_플레인 크로플,264,31.27,5.0,12.03,2.61,100,8.0
10229,봉수아피자_피자_찹스테이크 피자 (XL),195,19.9,11.76,8.29,1.93,1088,0.74
10230,팔공티_크로플_초코 크로플,100,11.85,2.35,4.55,0.99,250,2.05
10231,베러댄와플_크로플_초코벌집 크로플,463,54.85,7.41,21.09,4.57,81,20.99
10232,메가커피_크로플_초코젤라또 크로플,332,39.64,6.31,16.22,3.28,111,9.91
10233,더벤티_크로플_초코크림 크로플,381,45.13,5.88,17.35,3.76,85,21.18
10234,더벤티_크로플_초코크림크로플,389,46.08,5.88,17.72,3.84,85,21.18
10235,베러댄와플_크로플_초코퐁듀 크로플,463,54.85,7.41,21.09,4.57,81,20.99
10236,크로플덕오리아가씨_크로플_치즈몽땅 크로플,300,32.95,10.23,19.32,2.96,88,10.23
10237,크로플각_크로플_치즈범벅 크로플,235,25.0,5.0,15.0,2.32,100,11.0
10238,크로플덕오리아가씨_크로플_카라멜 브라운치즈 크로플,359,42.67,8.0,16.0,3.55,75,14.67
10239,요거프레소_크로플_카라멜 크로플,404,47.86,6.87,18.4,3.99,100,22.97
10240,더리터_크로플_카라멜 크로플,493,46.67,6.67,22.46,4.87,75,10.67
10241,커피베이_크로플_카야 크로플,382,45.25,6.79,17.4,3.77,109,15.23
10242,커피:니_크로플_카야치즈 크로플,562,66.57,5.88,25.6,5.55,68,29.19
10243,크로플각_크로플_카이막 크로플,220,15.0,6.0,14.75,2.17,100,11.0
10244,크로플덕오리아가씨_크로플_커스터드 브륄레 크로플,310,45.56,5.56,10.0,3.06,90,20.0
10245,크로플덕오리아가씨_크로플_커스터드에 반한 딸기 크로플 딸기청,273,35.0,5.0,9.0,2.7,100,11.0
10246,크로플덕오리아가씨_크로플_커스터드에 반한 딸기 크로플 생딸기,267,33.0,5.0,9.0,2.64,100,9.0
10247,크로플덕오리아가씨_크로플_쿠앤크 아이스크림 크로플,182,21.95,3.41,8.29,1.8,205,12.2
10248,베러댄와플_크로플_애플생크림 크로플,315,37.31,4.29,14.35,3.11,140,16.43
10249,베러댄와플_크로플_애플시나몬 크로플,288,34.12,4.81,13.12,2.84,104,18.27
10250,더벤티_크로플_약과 크림 크로플,345,40.87,7.83,15.71,3.41,69,21.74
10251,크로플덕오리아가씨_크로플_오레오 크로플 생크림,235,36.36,4.55,9.09,2.32,110,10.0
10252,크로플덕오리아가씨_크로플_오레오 크로플 초코커스터드크림,322,45.0,5.0,14.0,3.18,100,15.0
10253,크로플덕오리아가씨_크로플_오레오 크로플 커스터드크림,289,42.0,5.0,12.0,2.85,100,12.0
10254,베러댄와플_크로플_오레오생크림 크로플,399,47.26,5.56,18.17,3.94,126,15.08
10255,크로플덕오리아가씨_크로플_와플보다 맛있는 플레인 크로플 빵,275,60.0,7.0,0.8,2.72,260,1.0
10256,크로플각_크로플_인생팥 크로플,239,24.7,6.5,12.0,2.36,100,17.7
10257,더리터_크로플_인절미 연유 크로플,486,47.5,7.5,22.14,4.8,80,11.25
10258,크로플각_크로플_인절미 크로플,230,30.0,5.0,12.0,2.27,100,13.5
10259,크로플덕오리아가씨_크로플_전여친 생각 크로플 생크림,360,68.0,5.0,7.0,3.56,100,45.0
10260,크로플덕오리아가씨_크로플_전여친 생각 크로플 크림치즈,305,28.18,6.36,18.18,3.01,110,10.0
10261,크로플각_크로플_체다치즈 크로플,222,18.0,4.0,13.0,2.19,100,9.0
10262,크로플덕오리아가씨_크로플_초땅 반반크로스 크로플,472,64.81,8.33,23.15,4.66,108,36.11
10263,크로플각_크로플_초코 아이스크림 크로플,234,18.7,7.0,14.9,2.31,100,17.2
10264,크로플덕오리아가씨_크로플_초코 아이스크림 크로플,188,22.93,3.41,8.78,1.86,205,13.66
10265,더리터_크로플_초코 크로플,493,46.67,6.67,22.46,4.87,75,10.67
10266,크로플각_크로플_생크림 샤인머스캣 크로플,226,21.2,4.0,14.0,2.23,100,9.0
10267,크로플덕오리아가씨_크로플_생크림 애플잼 크로플,457,91.0,4.0,7.0,4.51,100,65.0
10268,크로플각_크로플_생크림 오레오 크로플,288,33.0,5.0,15.5,2.84,100,20.0
10269,크로플덕오리아가씨_크로플_생크림 위에 뛰노는 큐브퐁듀 크로플,275,33.33,5.0,12.5,2.72,120,15.83
10270,크로플덕오리아가씨_크로플_생크림 큐브망고 크로스 크로플,206,30.48,3.81,6.67,2.03,105,11.43
10271,크로플덕오리아가씨_크로플_생크림 큐브블루베리 크로스 크로플,208,30.48,3.81,6.67,2.05,105,12.38
10272,베러댄와플_크로플_생크림 크로플,386,45.72,5.71,17.58,3.81,105,11.43
10273,커피베이_크로플_생크림 크로플,376,44.54,5.32,17.13,3.71,94,17.98
10274,베러댄와플_크로플_생크림누텔라 크로플,401,47.5,5.98,18.27,3.96,117,16.24
10275,크로플덕오리아가씨_크로플_생크림인절미 크로플,253,28.18,6.36,11.82,2.5,110,9.09
10276,요거프레소_크로플_아몬드초코카라멜 크로플,392,46.44,6.02,17.86,3.87,88,22.27
10277,베러댄와플_크로플_아몬드카라멜 아이스크림 크로플,255,30.21,3.03,11.62,2.52,165,18.79
10278,커피베이_크로플_아이스크림 크로플,237,28.07,3.65,10.8,2.34,137,11.17
10279,할리스_크로플_아이스크림 크로플,270,31.98,4.71,12.3,2.67,170,11.76
10280,청자다방_크로플_아이스크림 크로플,353,41.82,6.0,16.08,3.49,100,21.0
10281,커피:니_크로플_아이스크림 크로플,350,41.46,1.27,15.94,3.46,118,16.4
10282,크로플덕오리아가씨_크로플_앙증맞은 앙버터 크로플,431,38.89,5.56,27.78,4.26,90,11.11
10283,크로플덕오리아가씨_크로플_애플사과 시나몬 크로플,288,46.25,5.0,7.5,2.84,80,20.0
10284,베러댄와플_크로플_블루베리크림치즈 크로플,327,38.74,5.5,14.89,3.23,109,21.1
10285,더벤티_크로플_블루베리크림크로플,380,45.01,5.75,17.31,3.75,87,20.69
10286,크로플각_크로플_사과품은 크로플,220,20.0,4.0,10.02,2.17,100,15.0
10287,베러댄와플_크로플_생딸기생크림 크로플,272,32.22,4.49,12.39,2.69,156,7.69
10288,베러댄와플_크로플_생초콜릿생크림 크로플,415,49.16,5.1,18.9,4.1,157,17.2
10289,크로플덕오리아가씨_크로플_생크림 고구마구마 크로플,244,38.0,4.0,7.0,2.41,100,16.0
10290,크로플각_크로플_생크림 과일폭탄 크로플,245,27.7,7.3,14.0,2.42,100,18.7
10291,크로플각_크로플_생크림 돼지바 크로플,220,15.8,5.0,10.02,2.17,100,13.0
10292,크로플덕오리아가씨_크로플_생크림 듬뿍 딸기 크로플 딸기청,217,28.0,4.0,7.0,2.14,100,8.0
10293,크로플덕오리아가씨_크로플_생크림 듬뿍 딸기 크로플 생딸기,112,19.35,3.23,4.52,1.11,155,5.81
10294,크로플덕오리아가씨_크로플_생크림 듬뿍 망고 크로플,160,29.57,3.48,6.09,1.58,115,11.3
10295,크로플덕오리아가씨_크로플_생크림 듬뿍 블루베리 크로플,163,30.0,3.64,6.36,1.61,110,11.82
10296,크로플각_크로플_생크림 딸기 크로플,235,23.0,4.0,14.0,2.32,100,10.0
10297,크로플덕오리아가씨_크로플_생크림 딸기잼 크로플,360,68.0,5.0,7.0,3.56,100,45.0
10298,크로플각_크로플_생크림 로투스 크로플,265,27.5,4.3,15.2,2.62,100,11.0
10299,크로플각_크로플_생크림 망고 크로플,219,25.0,4.0,14.0,2.16,100,10.0
10300,크로플각_크로플_생크림 망고치즈케이크 크로플,253,27.0,6.0,13.0,2.5,100,16.0
10301,크로플각_크로플_생크림 블루베리 크로플,215,22.7,4.0,13.0,2.12,100,8.0
10302,크로플덕오리아가씨_크로플_목구멍이 포도 청포도 크로플 생크림,185,26.36,3.64,6.36,1.83,110,9.09
10303,크로플덕오리아가씨_크로플_목구멍이 포도청포도 크로플 커스터드크림,235,33.64,4.55,8.18,2.32,110,11.82
10304,베러댄와플_크로플_바나나누텔라 크로플,294,34.83,5.22,13.39,2.9,115,16.52
10305,베러댄와플_크로플_바나나생크림누텔라 크로플,308,36.48,4.24,14.03,3.04,165,15.76
10306,크로플각_크로플_바닐라 아이스크림 크로플,231,18.0,6.8,15.2,2.28,100,17.0
10307,크로플덕오리아가씨_크로플_바닐라 아이스크림 크로플,168,18.54,3.41,11.22,1.66,205,10.24
10308,베러댄와플_크로플_버터 크로플,425,50.34,9.09,19.36,4.2,55,9.09
10309,베러댄와플_크로플_베리크런치 아이스크림 크로플,244,28.9,3.16,11.11,2.41,190,22.11
10310,크로플각_크로플_붕X싸만코 크로플,221,18.5,5.0,11.46,2.18,100,10.0
10311,크로플덕오리아가씨_크로플_붕어둥절 붕어싸만코 크로플,252,38.0,4.0,8.0,2.49,100,15.0
10312,아임일리터_크로플_브라운 치즈 크로플,293,34.71,6.32,13.35,2.89,95,27.37
10313,크로플각_크로플_브라운 치즈 크로플,228,20.0,6.0,12.5,2.25,100,10.0
10314,베러댄와플_크로플_브라운치즈 아이스크림 크로플,425,50.34,9.09,19.36,4.2,55,9.09
10315,베러댄와플_크로플_블루베리 아이스크림 크로플,225,26.65,2.7,10.25,2.22,185,20.0
10316,요거프레소_크로플_블루베리 크로플,343,40.63,3.55,15.62,3.39,116,30.48
10317,베러댄와플_크로플_블루베리생크림 크로플,338,40.04,4.29,15.4,3.34,140,21.43
10318,크로플덕오리아가씨_크로플_블루베리요거트 아이스크림 크로플,175,23.41,3.41,7.32,1.73,205,14.63
10319,더벤티_크로플_블루베리크림 크로플,368,43.59,5.75,16.76,3.63,87,20.69
10320,크로플각_크로플_딸기 아이스크림 크로플,235,19.6,6.5,13.8,2.32,100,18.8
10321,크로플덕오리아가씨_크로플_딸기 아이스크림 크로플,179,22.93,3.41,7.32,1.77,205,13.66
10322,요거프레소_크로플_딸기 크로플,273,32.34,3.9,12.43,2.7,116,13.72
10323,더벤티_크로플_딸기크림 크로플,373,44.18,5.81,16.99,3.68,86,20.93
10324,더벤티_크로플_딸기크림크로플,383,45.37,5.81,17.45,3.78,86,20.93
10325,크로플덕오리아가씨_크로플_땅콩범벅이 고소한 초코 크로플,458,54.55,10.91,27.27,4.52,165,27.27
10326,크로플덕오리아가씨_크로플_로투스 크로플 생크림,267,36.0,5.0,10.0,2.64,100,12.0
10327,크로플덕오리아가씨_크로플_로투스 크로플 초코커스터드크림,356,47.0,6.0,15.0,3.52,100,18.0
10328,크로플덕오리아가씨_크로플_로투스 크로플 커스터드크림,323,44.0,6.0,13.0,3.19,100,15.0
10329,베러댄와플_크로플_루비자몽생크림 크로플,383,45.37,6.0,17.45,3.78,100,6.0
10330,베러댄와플_크로플_리얼초코 아이스크림 크로플,290,34.35,4.12,13.21,2.86,170,15.88
10331,크로플각_크로플_마약크림 딸기 크로플,221,25.0,4.0,14.0,2.18,100,12.0
10332,크로플각_크로플_마약크림 브륄레 크로플,232,21.0,4.0,15.0,2.29,100,17.0
10333,크로플각_크로플_마약크림 티라미슈 크로플,240,26.5,5.0,13.7,2.37,100,13.0
10334,베러댄와플_크로플_말차티라미수 크로플,351,41.58,6.67,15.99,3.47,105,11.43
10335,요거프레소_크로플_망고 크로플,273,32.34,3.71,12.43,2.7,120,16.84
10336,크로플덕오리아가씨_크로플_매력무엇 돼지바 크로플,375,67.5,5.0,9.17,3.7,120,42.5
10337,아임일리터_크로플_메이플 크로플,360,42.64,5.33,16.4,3.56,75,26.67
10338,크로플덕오리아가씨_크로플_누텔라 초코듬뿍 바나나 크로플,223,33.6,4.0,7.2,2.2,125,15.2
10339,크로플덕오리아가씨_크로플_누텔라 초코듬뿍 크로플,358,46.15,7.69,13.85,3.54,65,16.92
10340,크로플덕오리아가씨_크로플_누텔라 초코범벅에 미치다,281,35.33,6.0,11.33,2.78,150,10.0
10341,크로플덕오리아가씨_크로플_누텔라 초코범벅에 미치다 딸기,251,29.47,4.74,8.42,2.48,190,8.42
10342,크로플덕오리아가씨_크로플_누텔라 초코범벅에 미치다 바나나,226,31.5,4.5,8.0,2.23,200,11.0
10343,크로플덕오리아가씨_크로플_누텔라 초코범벅에 미치다 생딸기&바나나,216,28.89,4.0,7.11,2.13,225,10.22
10344,크로플덕오리아가씨_크로플_누텔라 초코범벅에 미치다 이쁜 너를 위한 생딸기,251,29.47,4.74,8.42,2.48,190,8.42
10345,크로플각_크로플_누텔라 크로플,225,22.0,4.0,12.0,2.22,100,17.0
10346,아임일리터_크로플_누텔라 크로플,307,36.37,6.82,13.98,3.03,88,25.0
10347,베러댄와플_크로플_누텔라 크로플,445,52.71,8.96,20.27,4.39,67,17.91
10348,카페게이트_크로플_누텔라크로플,478,56.62,5.88,21.77,4.72,85,25.88
10349,베러댄와플_크로플_누텔라크림치즈 크로플,384,45.49,7.37,17.49,3.79,95,16.84
10350,크로플덕오리아가씨_크로플_눈꽃 브라운치즈 크로플,361,40.0,8.57,17.14,3.57,70,12.86
10351,크로플덕오리아가씨_크로플_눈꽃 카스텔라 범벅 크로플 생크림 카스텔라,239,32.22,5.56,8.89,2.36,90,8.89
10352,크로플덕오리아가씨_크로플_눈꽃 카스텔라 범벅 크로플 커스터드 카스텔라,301,41.11,5.56,11.11,2.97,90,12.22
10353,요거프레소_크로플_다크초코칩 크로플,401,47.5,5.4,18.27,3.96,100,21.56
10354,베러댄와플_크로플_단팥생크림 크로플,387,45.84,6.32,17.63,3.82,95,6.32
10355,크로플덕오리아가씨_크로플_달콤고소 인절미 크로플,325,36.25,8.75,15.0,3.21,80,10.0
10356,송사부수제쌀고로케_크로켓(고로케)_피자 고로케,293,31.19,7.78,15.98,2.89,90,6.67
10357,심봉사도로케_크로켓(고로케)_피자고로케,260,27.68,7.27,14.18,2.57,110,4.73
10358,롤링핀_크로켓(고로케)_하와이안 비프,233,29.3,8.8,9.0,2.3,180,5.7
10359,심봉사도로케_크로켓(고로케)_핫불고기고로케,238,25.34,10.35,12.98,2.35,115,7.22
10360,파리바게뜨_크로켓(고로케)_화끈한 마라고로케,310,33.0,7.0,17.0,3.06,100,7.0
10361,뚜레쥬르_크로켓(고로케)_화끈한불닭고로케,265,28.21,11.0,14.45,2.62,100,6.0
10362,크로플덕오리아가씨_크로플_감당해봐 대왕크로플,307,38.18,7.27,10.91,3.03,110,4.55
10363,요거프레소_크로플_구슬 크로플 초코바닐라,335,39.68,5.04,15.26,3.31,96,15.07
10364,요거프레소_크로플_구슬 크로플 캔디프로스,331,39.21,5.29,15.08,3.27,96,13.82
10365,크로플덕오리아가씨_크로플_내맘담은 종합과자세트 크로플,237,31.54,4.62,9.62,2.34,260,11.92
10366,크로플덕오리아가씨_크로플_녹차 아이스크림 크로플,183,21.46,3.41,8.78,1.81,205,12.2
10367,베러댄와플_크로플_누텔라 아이스크림 크로플,260,30.8,4.0,11.84,2.57,150,14.67
10368,크로플덕오리아가씨_크로플_누텔라 위에 뛰노는 큐브치즈 크로플,357,41.11,6.67,16.67,3.53,90,17.78
10369,크로플각_크로플_누텔라 초코 딸기 크로플,255,28.0,4.0,13.0,2.52,100,19.0
10370,크로플각_크로플_누텔라 초코 바나나 크로플,250,25.0,5.0,13.0,2.47,100,15.0
10371,크로플덕오리아가씨_크로플_누텔라 초코듬뿍 딸기 크로플 딸기청,363,43.0,6.0,15.0,3.58,100,23.0
10372,크로플덕오리아가씨_크로플_누텔라 초코듬뿍 마시멜로 크로플,351,54.22,6.02,10.84,3.47,83,26.51
10373,봉수아피자_피자_찹스테이크(R),134,13.67,11.76,5.7,1.32,718,0.84
10374,파리바게뜨_크로켓(고로케)_야채감자 고로케,304,32.17,6.09,16.52,3.0,115,6.09
10375,파리바게뜨_크로켓(고로케)_야채감자 샐러드고로케,308,32.79,6.25,16.8,3.04,112,6.25
10376,심봉사도로케_크로켓(고로케)_야채고로케,233,24.8,6.36,12.71,2.3,110,5.09
10377,송사부수제쌀고로케_크로켓(고로케)_어니언크림치즈 고로케,338,35.98,7.69,18.44,3.34,78,14.1
10378,롤링핀_크로켓(고로케)_오븐에구운 고로케,263,26.6,5.7,14.9,2.6,200,5.8
10379,송사부수제쌀고로케_크로켓(고로케)_옥수수치즈 고로케,320,34.06,5.56,17.45,3.16,90,6.67
10380,송사부수제쌀고로케_크로켓(고로케)_이탈리안 고로케,270,28.74,8.0,14.73,2.67,150,10.67
10381,따삐오_크로켓(고로케)_잡채 고로케,312,33.21,7.41,17.02,3.08,108,7.41
10382,송사부수제쌀고로케_크로켓(고로케)_중화잡채 고로케,369,39.28,7.69,20.13,3.64,78,7.69
10383,크로켓(고로케)_채소,301,31.19,7.13,16.38,1.1,100,3.37
10384,뚜레쥬르_크로켓(고로케)_추억의사라다 고로케,283,30.13,4.72,15.44,2.79,127,6.3
10385,뚜레쥬르_크로켓(고로케)_추억의사라다고로케,296,31.51,4.62,16.15,2.92,130,6.3
10386,뚜레쥬르_크로켓(고로케)_충남예산쪽파송송고로케,288,30.66,8.48,15.71,2.84,118,5.09
10387,송사부수제쌀고로케_크로켓(고로케)_치즈퐁당감자 고로케,339,36.09,10.48,18.49,3.35,105,10.48
10388,던킨_크로켓(고로케)_치킨듬뿍 고추마요 도로케,353,37.58,9.17,19.25,3.49,109,6.42
10389,파리바게뜨_크로켓(고로케)_칠리꽃맛살 고로케,345,36.73,7.0,18.82,3.41,100,6.0
10390,송사부수제쌀고로케_크로켓(고로케)_크림치즈 고로케,380,40.45,7.5,20.73,3.75,80,11.25
10391,심봉사도로케_크로켓(고로케)_크림치즈고로케,288,30.66,5.73,15.71,2.84,110,7.46
10392,송사부수제쌀고로케_크로켓(고로케)_마늘치킨 고로케,286,30.45,10.0,15.6,2.82,100,11.8
10393,파리바게뜨_크로켓(고로케)_매콤고추잡채고로케,295,31.4,7.62,16.09,2.91,105,4.76
10394,파리바게뜨_크로켓(고로케)_매콤마라모찌 (6개입),313,44.44,1.39,19.44,3.09,72,6.94
10395,송사부수제쌀고로케_크로켓(고로케)_매콤마요 감동란 코로케,296,31.51,9.0,16.15,2.92,130,3.0
10396,파리바게뜨_크로켓(고로케)_매콤아삭 고로케,273,32.73,6.36,12.73,2.7,110,9.09
10397,뚜레쥬르_크로켓(고로케)_매콤에그마요 고로케,290,30.87,9.0,15.82,2.86,100,5.0
10398,따삐오_크로켓(고로케)_매콤치킨 고로케,324,34.49,11.11,17.67,3.2,99,6.06
10399,뚜레쥬르_크로켓(고로케)_매콤치킨커리 고로케,259,27.57,8.33,14.13,2.56,108,4.63
10400,파리바게뜨_크로켓(고로케)_명품고기잡채고로케,239,25.44,7.83,13.04,2.36,115,4.35
10401,파리바게뜨_크로켓(고로케)_명품잡채 고로케,275,30.0,5.83,15.0,2.72,120,7.5
10402,파리바게뜨_크로켓(고로케)_명품카레 고로케,316,33.64,7.02,17.24,3.12,114,4.39
10403,파리바게뜨_크로켓(고로케)_모짜렐라감자고로케,335,35.66,9.43,18.27,3.31,106,3.77
10404,심봉사도로케_크로켓(고로케)_모짜렐라고로케,317,33.75,13.0,17.29,3.13,100,3.7
10405,파리바게뜨_크로켓(고로케)_바삭쫄깃한 로제품은달걀,210,22.35,8.0,11.45,2.07,100,7.0
10406,송사부수제쌀고로케_크로켓(고로케)_볶음김치 고로케,290,30.87,6.67,15.82,2.86,90,4.44
10407,송사부수제쌀고로케_크로켓(고로케)_불고기피자 고로케,277,29.49,4.5,15.11,2.74,100,4.0
10408,송사부수제쌀고로케_크로켓(고로케)_슈크림 고로케,335,35.66,6.67,18.27,3.31,75,14.67
10409,송사부수제쌀고로케_크로켓(고로케)_야채 고로케,294,31.3,7.78,16.04,2.9,90,3.33
10410,뚜레쥬르_크로켓(고로케)_NEW바베큐치킨고로케,261,27.78,5.22,14.24,2.58,115,3.48
10411,뚜레쥬르_크로켓(고로케)_NEW정통 고로케,300,31.94,8.33,16.36,2.96,120,5.0
10412,뚜레쥬르_크로켓(고로케)_NEW정통고로케,316,33.64,8.55,17.24,3.12,117,5.0
10413,송사부수제쌀고로케_크로켓(고로케)_감자 고로케,304,32.36,5.0,16.58,3.0,80,12.5
10414,심봉사도로케_크로켓(고로케)_감자고로케,245,26.08,4.36,13.36,2.42,110,7.73
10415,심봉사도로케_크로켓(고로케)_게살고로케,248,26.4,7.04,13.53,2.45,115,7.31
10416,송사부수제쌀고로케_크로켓(고로케)_게살크림 고로케,333,35.45,7.78,18.16,3.29,90,8.89
10417,송사부수제쌀고로케_크로켓(고로케)_고구마 고로케,345,36.73,6.67,18.82,3.41,75,22.67
10418,송사부수제쌀고로케_크로켓(고로케)_고기가득부추 고로케,314,33.43,9.0,17.13,3.1,100,7.0
10419,던킨_크로켓(고로케)_고기듬뿍 갈릭마요 도로케,362,38.54,8.26,19.75,3.58,109,4.59
10420,송사부수제쌀고로케_크로켓(고로케)_고기야채 고로케,294,31.3,7.78,16.04,2.9,90,3.33
10421,심봉사도로케_크로켓(고로케)_김치고로게,243,25.87,6.52,13.25,2.4,115,6.96
10422,뚜레쥬르_크로켓(고로케)_까르보나라까망 고로케,338,35.98,6.67,18.44,3.34,105,4.76
10423,파리바게뜨_크로켓(고로케)_꽃맛살 고로케,295,29.52,6.67,16.19,2.91,105,4.76
10424,뚜레쥬르_크로켓(고로케)_남해마늘로만든마늘치킨 고로케,286,30.45,10.0,15.6,2.82,110,11.82
10425,파리바게뜨_크로켓(고로케)_납작김치고로전,304,32.36,6.4,16.58,3.0,125,8.0
10426,송사부수제쌀고로케_크로켓(고로케)_단호박 고로케,344,36.62,6.67,18.76,3.4,75,24.0
10427,뚜레쥬르_크로켓(고로케)_돼지갈비 고로케,276,29.38,9.52,15.05,2.73,105,5.71
10428,파스쿠찌_크로와상_크룽지,165,21.28,2.13,6.73,1.63,94,5.32
10429,커피베이_크로와상_크룽지,572,73.79,22.0,23.32,5.65,20,33.0
10430,파스쿠찌_크로와상_크룽지 With 젤라또,305,39.34,4.04,12.43,3.01,109,27.98
10431,크라상점_크로와상_크림치즈 크로와상,434,55.99,5.71,17.69,4.29,35,17.14
10432,이디야_크로와상_토피넛 꽈루아상,332,42.83,5.98,13.53,3.28,117,17.95
10433,로띠번_크로와상_통팥크로,360,52.44,7.32,13.0,3.56,82,23.17
10434,크라상점_크로와상_티라미수 크로와상,453,58.44,6.67,18.47,4.47,30,6.67
10435,크라상점_크로와상_팥생크림 크로와상,446,57.53,5.71,18.18,4.4,35,5.71
10436,크라상점_크로와상_페페로니 크로플,426,54.95,11.11,17.37,4.21,27,7.41
10437,파리바게뜨_크로와상_프렌치크라상,453,45.28,7.55,26.42,4.47,53,9.43
10438,이디야_크로와상_플레인 꽈루아상,397,51.21,8.2,16.18,3.92,61,11.48
10439,크라상점_크로와상_해시브라운 크로플,808,104.23,40.0,32.94,7.98,25,56.0
10440,크라상점_크로와상_허니 고르곤졸라 크로와상,600,77.4,16.67,24.46,5.93,24,8.33
10441,크라상점_크로와상_헤이즐넛초코 크로와상,500,64.5,7.14,20.38,4.94,28,17.86
10442,크라상점_크로와상_후랑크 소세지 크로와상,306,39.47,8.0,12.47,3.02,50,4.0
10443,크라상점_크로와상_흑당 크로플,476,61.4,8.0,19.41,4.7,25,24.0
10444,뚜레쥬르_크로켓(고로케)_NEW김치 고로케,288,30.66,6.82,15.71,2.84,132,4.55
10445,뚜레쥬르_크로켓(고로케)_NEW김치고로케,267,28.42,5.83,14.56,2.64,120,4.55
10446,파스쿠찌_크로와상_정통 크라상,405,52.24,7.14,16.51,4.0,42,2.38
10447,따삐오_크로와상_정통크로와상,433,55.86,6.12,17.65,4.28,49,8.16
10448,이디야_크로와상_청크초코칩 크루키,446,57.53,5.6,18.18,4.4,125,28.8
10449,커피베이_크로와상_초코 크루키,379,48.89,7.06,15.45,3.74,85,11.77
10450,파리바게뜨_크로와상_초코롤링크라상,386,49.79,6.52,15.74,3.81,92,11.96
10451,크라상점_크로와상_초코생크림 크로와상,475,61.27,5.56,19.36,4.69,36,13.89
10452,크라상점_크로와상_초코츄러스 크로와상,504,65.02,8.0,20.55,4.98,25,16.0
10453,팔공티_크로와상_초코칩 크루키,481,62.05,7.0,19.61,4.75,100,18.0
10454,크라상점_크로와상_초코크런치 크로와상,510,65.79,10.0,20.79,5.04,30,20.0
10455,로띠번_크로와상_초코트위스트크로,425,53.33,8.0,20.0,4.2,75,9.0
10456,뚜레쥬르_크로와상_초코퐁당크라상,456,58.82,6.8,18.59,4.5,103,16.51
10457,롤링핀_크로와상_커스타드 크루아상,310,39.99,6.67,12.64,3.06,165,1.82
10458,파리바게뜨_크로와상_커피카라멜크라상,393,50.7,5.36,16.02,3.88,112,15.18
10459,투썸플레이스_크로와상_코코넛카야 크루아상,305,39.34,6.0,12.43,3.01,100,8.0
10460,로띠번_크로와상_크랜베리크로,417,59.38,6.25,17.0,4.12,64,18.0
10461,이디야_크로와상_크루아상,433,55.86,6.67,17.65,4.28,60,5.0
10462,투썸플레이스_크로와상_크루아상,361,46.57,7.41,14.72,3.57,54,5.56
10463,팔공티_크로와상_크룽지,495,63.85,10.53,20.18,4.89,38,15.79
10464,파리바게뜨_크로와상_스노우미니크라상,440,56.76,8.0,17.94,4.35,25,24.0
10465,크라상점_크로와상_스위트포테이토 크로플,436,56.24,5.56,17.77,4.31,36,19.44
10466,더벤티_크로와상_스윗 크룽지,495,63.85,8.5,20.18,4.89,20,26.5
10467,로띠번_크로와상_슬라이스햄치즈크로,391,41.46,9.76,21.0,3.86,82,6.0
10468,크라상점_크로와상_아몬드 크로와상,589,75.98,7.14,24.01,5.82,28,3.57
10469,롤링핀_크로와상_아몬드 크루아상,482,62.18,10.8,19.65,4.76,130,14.0
10470,뚜레쥬르_크로와상_아몬드크라상,441,56.89,7.63,17.98,4.36,118,21.19
10471,크라상점_크로와상_앙버터 크로와상,445,57.4,5.0,18.14,4.39,40,10.0
10472,크라상점_크로와상_앙버터 크로플,474,61.15,4.76,19.32,4.68,42,21.43
10473,크라상점_크로와상_에그베이컨 크로와상,334,43.09,10.34,13.62,3.3,58,12.07
10474,롤링핀_크로와상_에그소시지 크로와상,267,27.07,8.03,10.88,2.64,180,4.41
10475,롤링핀_크로와상_에그포테이토 크로와상,228,25.59,6.14,9.29,2.25,170,3.75
10476,크라상점_크로와상_오레오 크로와상,431,55.6,6.25,17.57,4.26,32,15.63
10477,뚜레쥬르_크로와상_오리지널생크림크라상,430,55.47,6.41,17.53,4.25,78,11.54
10478,뚜레쥬르_크로와상_오리지널크라상,440,56.76,6.9,17.94,4.35,58,13.79
10479,파리바게뜨_크로와상_우유크림크라상,400,51.6,5.0,16.31,3.95,100,10.0
10480,크라상점_크로와상_인절미 크로와상,429,55.34,5.71,17.49,4.24,35,5.71
10481,파리바게뜨_크로와상_인절미콩고물크라상,388,50.05,6.12,15.82,3.83,98,15.31
10482,따삐오_크로와상_미니크로와상,369,47.6,6.25,15.04,3.64,16,12.49
10483,요거프레소_크로와상_미니크루키 더블초코칩,532,68.63,8.0,21.69,5.25,50,28.0
10484,요거프레소_크로와상_미니크루키 오트밀레이즌,522,67.34,8.0,21.28,5.16,50,28.0
10485,요거프레소_크로와상_미니크루키 피넛버터,544,70.18,10.0,22.18,5.37,50,26.0
10486,크라상점_크로와상_민트초코 크로와상,426,54.95,5.88,17.37,4.21,34,8.82
10487,던킨_크로와상_바닐라 피칸 크로스트,415,53.53,5.36,16.92,4.1,112,16.07
10488,롤링핀_크로와상_버터 크루아상,483,62.31,10.5,19.69,4.77,65,4.5
10489,투썸플레이스_크로와상_블루베리아몬드 크루아상,259,33.41,6.36,10.56,2.56,110,14.55
10490,로띠번_크로와상_블루베리크로,356,50.53,5.26,14.0,3.52,95,21.0
10491,크라상점_크로와상_비스킷크림 크로와상,407,52.5,7.32,16.59,4.02,41,17.07
10492,로띠번_크로와상_사과크로,377,55.79,5.26,15.0,3.72,95,24.0
10493,로띠번_크로와상_산딸기크로,353,56.84,5.26,12.0,3.49,95,27.0
10494,크라상점_크로와상_생크림 크로와상,557,71.85,6.67,22.71,5.5,30,6.67
10495,따삐오_크로와상_생크림미니크로와상,312,40.25,3.85,12.72,3.08,26,7.69
10496,디저트39_크로와상_소시지 크루아상,230,29.67,11.0,9.38,2.27,100,5.0
10497,던킨_크로와상_솔티연유버터 크로스트,419,54.05,5.71,17.08,4.14,105,20.95
10498,크라상점_크로와상_슈크림 크로와상,380,49.02,8.57,15.49,3.75,35,11.43
10499,로띠번_크로와상_슈크림크로,318,41.05,5.26,15.0,3.14,95,10.0
10500,크로플덕오리아가씨_크로와상_기분좋은 초콜릿 크로와상,358,46.15,7.69,13.85,3.54,65,16.92
10501,크라상점_크로와상_꿀꿀바 크로와상,503,64.89,6.67,20.51,4.97,30,26.67
10502,커피베이_크로와상_녹차 크루키,406,52.37,7.06,16.55,4.01,85,16.47
10503,크라상점_크로와상_누네딸기 크로와상,383,49.41,5.56,15.61,3.78,36,30.56
10504,크로플덕오리아가씨_크로와상_누텔라 초코 바나나 크로와상,201,33.6,3.2,4.8,1.99,125,14.4
10505,크라상점_크로와상_누텔라 크로와상,508,65.53,8.0,20.71,5.02,25,16.0
10506,롤링핀_크로와상_다크 초콜릿 크루아상,371,47.86,6.25,15.12,3.66,160,9.38
10507,파리바게뜨_크로와상_달콤바삭크룽지,411,53.02,3.57,16.76,4.06,28,32.14
10508,파리바게뜨_크로와상_달콤한크림크라상,405,36.84,7.37,26.32,4.0,95,5.26
10509,크라상점_크로와상_딸기우유 크로와상,441,56.89,6.25,17.98,4.36,32,6.25
10510,크라상점_크로와상_레몬글레이즈 크로와상,450,58.05,9.09,18.35,4.44,22,4.55
10511,로띠번_크로와상_로띠크로,388,51.67,8.33,17.0,3.83,60,8.0
10512,크라상점_크로와상_리얼버터 오리지널 크로와상,490,63.21,10.0,19.98,4.84,20,5.0
10513,크라상점_크로와상_마약옥수수 크로와상,324,41.8,7.32,13.21,3.2,41,4.88
10514,크라상점_크로와상_말차 크로와상,380,49.02,8.57,15.49,3.75,35,11.43
10515,크라상점_크로와상_메이플 크로와상,477,61.53,9.09,19.45,4.71,22,9.09
10516,파리바게뜨_크로와상_미니크라상,417,53.79,5.56,17.0,4.12,18,11.11
10517,봉수아피자_피자_찹스테이크(XL),195,19.9,11.77,8.29,1.93,1088,0.74
10518,콩비지찌개,42,3.11,4.0,1.44,2.1,100,0.94
10519,콩조림,198,22.36,13.5,6.44,7.3,100,6.45
10520,콩조림(콩자반),271,39.1,19.3,4.2,16.8,100,13.93
10521,크로와상,446,43.31,7.52,26.98,2.3,150,6.1
10522,파스쿠찌_크로와상_AOP 버터 크라상,440,56.76,7.14,17.94,4.35,42,7.14
10523,할리스_크로와상_AOP 버터 크루아상,436,56.24,7.14,17.77,4.31,70,8.57
10524,커피빈_크로와상_AOP버터 프렌치 크루아상,354,36.92,6.15,14.43,3.5,65,3.08
10525,더벤티_크로와상_갈릭 크룽지,490,63.21,8.5,19.98,4.84,20,25.0
10526,크라상점_크로와상_갈릭대파 크로와상,415,53.53,9.09,16.92,4.1,33,6.06
10527,크라상점_크로와상_갈릭크림치즈 크로와상,443,57.15,6.67,18.06,4.37,30,6.67
10528,스타벅스_크로와상_거문 오름 크루아상,477,61.53,8.54,19.45,4.71,82,19.51
10529,로띠번_크로와상_고구마크로,341,56.1,7.32,10.0,3.37,82,21.0
10530,콩나물밥,123,22.39,4.68,1.58,1.9,320,0.04
10531,콩나물밥_돼지고기,91,17.21,3.3,0.84,0.7,100,0.21
10532,콩나물밥_소고기,96,18.93,2.8,0.85,0.8,100,0.34
10533,콩나물밥_양념장,112,21.33,3.55,1.2,0.8,100,0.36
10534,콩나물잡채,103,3.76,4.8,7.86,1.0,100,1.63
10535,콩나물찌개,12,1.09,1.6,0.37,0.4,100,0.13
10536,콩나물찜_해물,56,4.97,6.67,1.01,2.5,200,0.0
10537,콩밥_강낭콩,173,38.04,4.38,0.39,1.3,100,0.1
10538,콩밥_검정콩,165,34.3,4.53,1.12,1.1,200,0.0
10539,콩밥_완두콩,138,31.25,2.95,0.16,1.9,200,0.0
10540,콩나물무침_당근_시금치,23,2.16,2.1,1.17,1.0,100,0.44
10541,콩나물무침_부추,23,2.26,2.1,1.15,1.1,100,0.43
10542,콩나물무침_소금,23,2.22,1.9,1.17,0.9,100,0.39
10543,콩나물무침_시금치,21,1.82,2.0,1.12,0.9,100,0.39
10544,콩나물무침_콩나물_고춧가루,19,1.95,1.64,0.93,0.9,100,0.28
10545,콩나물무침_콩나물_고춧가루제외,19,1.46,1.61,1.15,0.6,100,0.12
10546,콩나물냉채,27,4.05,2.1,0.79,1.1,100,1.91
10547,콩나물냉채_오이,42,6.95,2.8,0.96,1.5,100,3.36
10548,콩나물무침,69,3.2,3.86,4.54,1.7,50,0.5
10549,콩나물무침_고추,29,2.64,2.6,1.54,1.3,100,0.46
10550,콩나물무침_고춧가루,93,5.93,3.93,5.93,5.5,90,1.9
10551,콩나물무침_당근,27,2.9,2.3,1.25,1.3,100,0.62
10552,콩나물국_고추,9,1.12,1.1,0.3,0.4,100,0.13
10553,콩나물국_고춧가루,8,0.92,0.8,0.25,0.4,100,0.14
10554,콩나물국_김치,9,1.1,0.9,0.27,0.5,100,0.26
10555,콩나물국_무,6,0.75,0.7,0.2,0.3,100,0.12
10556,콩나물국_바지락,6,0.65,0.7,0.19,0.3,100,0.08
10557,콩나물국_청양고추,8,0.97,0.9,0.25,0.4,100,0.16
10558,콩나물국_콩나물,7,1.01,0.83,0.2,0.4,100,0.14
10559,콩나물국_콩나물_소고기,31,1.75,2.51,1.66,0.7,100,0.42
10560,콩나물국_콩나물만,7,0.95,0.79,0.22,0.4,100,0.14
10561,콩나물국밥,60,10.69,2.66,0.73,0.8,100,0.42
10562,서오릉피자_피자_채소콤비네이션 (L),115,11.73,9.82,4.89,1.14,825,4.47
10563,콩나물 국밥,60,10.69,2.6,0.73,0.8,100,0.42
10564,콩나물 느타리무침,46,4.31,3.1,2.8,2.0,100,0.59
10565,콩나물 된장국,23,2.07,2.8,0.68,0.9,100,0.42
10566,콩나물 선짓국_낙지,21,1.79,3.1,0.34,0.9,100,0.29
10567,콩나물 황태국,30,0.99,4.6,0.87,0.3,100,0.3
10568,콩나물국,7,0.97,0.8,0.2,0.4,100,0.14
10569,콘치즈구이,224,17.56,9.51,12.85,0.5,100,7.31
10570,콩국수,100,11.69,4.61,3.83,1.2,100,0.76
10571,서오릉피자_피자_채소콤비네이션 (R),216,22.04,9.68,9.19,2.13,511,4.3
10572,크로플덕오리아가씨_케이크_흑임자바스크치즈 케이크,344,18.5,6.0,27.5,1.57,200,7.5
10573,파리바게뜨_케이크_히든하트레드벨벳 케이크,285,25.98,3.0,18.1,1.3,560,15.0
10574,코다리조림,68,3.86,10.1,1.18,0.5,100,1.1
10575,코다리조림_간장,77,6.68,10.5,0.76,0.2,100,4.79
10576,코다리조림_무,56,3.46,7.8,1.04,0.6,100,1.24
10577,코다리찜,94,6.08,14.49,1.35,1.9,200,2.5
10578,투썸플레이스_케이크_헤이즐넛마스카포네치즈 케이크,338,30.81,4.06,21.46,1.54,985,16.95
10579,커피:니_케이크_헤이즐넛초콜릿 케이크,383,34.91,6.25,24.32,1.75,160,18.13
10580,스타벅스_케이크_호두 당근 케이크,449,40.92,7.14,28.51,2.05,210,21.9
10581,뚜레쥬르_케이크_호두브라우니,457,41.65,7.14,29.02,2.09,70,31.43
10582,마리웨일237_케이크_화이트 롤케이크,321,29.26,6.0,20.38,1.47,260,19.0
10583,파스쿠찌_케이크_화이트 생크림 케이크 (조각),262,23.88,3.81,16.63,1.2,105,12.38
10584,파스쿠찌_케이크_화이트 생크림 케이크 (홀),260,23.7,2.95,16.51,1.19,610,11.97
10585,커피빈_케이크_화이트 치즈 무스 케이크,363,33.08,5.08,23.05,1.66,650,16.0
10586,마리웨일237_케이크_화이트모찌 롤케이크,332,30.26,1.82,21.08,1.52,110,7.27
10587,따삐오_케이크_화이트미니 롤,344,31.35,6.0,21.84,1.57,105,20.0
10588,투썸플레이스_케이크_화이트바닐라빈무스 케이크 (조각),292,26.61,3.85,18.54,1.33,130,20.0
10589,따삐오_케이크_화이트생크림 케이크 1호,251,22.88,3.0,15.94,1.15,300,24.0
10590,따삐오_케이크_화이트생크림 케이크 2호,292,26.61,3.0,18.54,1.33,450,23.0
10591,따삐오_케이크_화이트생크림 케이크 3호,291,26.52,3.0,18.48,1.33,740,23.0
10592,투썸플레이스_케이크_화이트포레스트생크림 케이크,280,25.52,3.61,17.78,1.28,637,22.76
10593,뚜레쥬르_케이크_후르츠바스켓케이크,272,24.79,4.34,17.27,1.24,669,24.37
10594,카페베네_케이크_흑임자 갸또 쇼콜라 케이크,321,29.26,4.96,20.38,1.47,121,22.31
10595,스타벅스_케이크_흑임자 크림 케이크,385,35.09,5.0,24.44,1.76,100,26.0
10596,파리바게뜨_케이크_플레인 저당 그릭요거트 케이크,280,25.52,5.0,17.78,1.28,335,3.0
10597,이디야_케이크_플레인 치즈 스틱 케이크,356,32.45,6.67,22.6,1.62,45,17.78
10598,이디야_케이크_플레인 치즈 스틱케이크,369,33.63,6.67,23.43,1.68,45,17.78
10599,마리웨일237_케이크_플레인바스크치즈 케이크,353,32.17,5.26,22.41,1.61,38,21.05
10600,스타벅스_케이크_피넛 크림 바나나 케이크,396,36.09,4.17,25.14,1.81,120,31.67
10601,뚜레쥬르_케이크_피스타치오티케이크,609,55.51,9.38,38.67,2.78,32,40.63
10602,뚜레쥬르_케이크_피치퀸케이크,199,18.14,3.07,12.63,0.91,880,16.81
10603,이디야_케이크_필라델피아 치즈 케이크,340,30.99,6.6,21.59,1.55,106,22.64
10604,커피:니_케이크_필라델피아치즈 케이크,340,30.99,6.6,21.59,1.55,106,22.64
10605,할리스_케이크_핑크 스트로베리머치 라운드 케이크,206,18.78,3.41,13.08,0.94,100,17.07
10606,뚜레쥬르_케이크_핑크블라썸생크림케이크2호,286,26.07,4.09,18.16,1.31,807,19.7
10607,뚜레쥬르_케이크_하츄핑도반한딸기생크림,286,26.07,2.96,18.16,1.31,406,18.97
10608,커피:니_케이크_한라봉홍차 케이크,252,22.97,3.85,16.0,1.15,130,20.0
10609,할리스_케이크_한라산 녹차 치즈 바스크 케이크,352,32.08,5.52,22.35,1.61,181,16.02
10610,달콤_케이크_한라산 모카 수플레,271,24.7,8.0,17.21,1.24,100,15.0
10611,할리스_케이크_할리베어 초코홀릭 케이크,358,32.63,4.96,22.73,1.63,121,30.58
10612,따삐오_케이크_해피레인보우 케이크,359,32.72,4.0,22.79,1.64,650,33.0
10613,롤링핀_케이크_허니 케이크,467,42.6,7.7,29.5,2.13,190,23.4
10614,투썸플레이스_케이크_파티팩아이스박스 케이크,339,30.9,4.13,21.52,1.55,1139,16.77
10615,투썸플레이스_케이크_파티팩티라미수 케이크,299,27.25,4.86,18.98,1.36,864,15.28
10616,뚜레쥬르_케이크_패밀리생크림 케이크 4호A,275,25.06,4.36,17.46,1.26,1215,19.34
10617,뚜레쥬르_케이크_패밀리생크림 케이크 4호B,272,24.79,3.96,17.27,1.24,1363,19.0
10618,뚜레쥬르_케이크_페스티벌생크림 케이크 6호A,256,23.33,3.91,16.25,1.17,1943,15.65
10619,뚜레쥬르_케이크_페스티벌생크림 케이크 6호B,263,23.97,4.0,16.7,1.2,1951,16.35
10620,뚜레쥬르_케이크_퐁당리얼쇼콜라,420,38.28,4.55,26.67,1.92,44,34.09
10621,롤링핀_케이크_퐁당쇼콜라바움쿠헨 케이크,450,41.01,6.9,28.57,2.05,145,21.9
10622,뚜레쥬르_케이크_푸딩크림샌드,281,25.61,5.06,17.84,1.28,237,18.56
10623,디저트39_케이크_프렌치 블루베리 치즈 케이크 (조각),588,53.59,8.0,37.33,2.68,100,21.0
10624,뚜레쥬르_케이크_플라워베리생크림 케이크 1호,291,26.52,4.78,18.48,1.33,460,19.35
10625,뚜레쥬르_케이크_플라워베리생크림 케이크 2호,421,38.37,6.67,26.73,1.92,645,38.6
10626,뚜레쥬르_케이크_플라워베리생크림 케이크 3호,288,26.25,4.39,18.29,1.31,888,26.35
10627,뚜레쥬르_케이크_플라워베리생크림케이크1호,292,26.61,4.78,18.54,1.33,460,19.35
10628,뚜레쥬르_케이크_플라워베리생크림케이크2호,288,26.25,4.5,18.29,1.31,645,38.6
10629,뚜레쥬르_케이크_플라워베리생크림케이크3호,288,26.25,4.39,18.29,1.31,888,26.35
10630,파리바게뜨_케이크_플레인 저당 그릭요거트 미니케이크,269,24.52,10.77,17.08,1.23,130,3.08
10631,파리바게뜨_케이크_플레인 저당 그릭요거트 컵케이크,267,24.33,5.33,16.95,1.22,75,2.67
10632,카페띠아모_케이크_티라미수 케이크,321,29.26,5.88,20.38,1.47,80,11.38
10633,메가커피_케이크_티라미수 케이크,307,27.98,5.0,19.49,1.4,86,17.44
10634,요거프레소_케이크_티라미수 케이크,351,31.99,6.31,22.29,1.6,111,11.71
10635,할리스_케이크_티라미수 케이크 쏘스윗박스,284,25.88,5.26,18.03,1.3,133,18.8
10636,할리스_케이크_티라미수 케이크 쏘스윗박스 파티팩,280,25.52,5.3,17.78,1.28,132,18.94
10637,마리웨일237_케이크_티라미수컵 케이크,330,30.08,3.92,20.95,1.51,120,21.25
10638,카페띠아모_케이크_티라미수케이크,321,29.26,5.88,20.38,1.47,80,11.38
10639,롤링핀_케이크_티라미수크레이프 케이크,304,27.71,7.8,19.3,1.39,700,13.7
10640,커피베이_케이크_티라미슈 케이크,290,26.43,5.06,18.41,1.32,85,21.06
10641,따삐오_케이크_티라미스 케이크 (조각),334,30.44,7.5,21.21,1.52,80,23.75
10642,할리스_케이크_티아라 딸기 생크림 케이크,259,23.61,3.0,16.44,1.18,100,18.0
10643,엔제리너스_케이크_파베쇼콜라 케이크,259,22.73,5.45,16.44,1.18,110,16.36
10644,뚜레쥬르_케이크_파티생크림 케이크 5호A,261,23.79,3.82,16.57,1.19,1963,17.63
10645,뚜레쥬르_케이크_파티생크림 케이크 5호B,260,23.7,4.17,16.51,1.19,1630,16.69
10646,투썸플레이스_케이크_파티팩고구마밀크생크림 케이크,246,22.42,4.52,15.62,1.12,1085,26.08
10647,투썸플레이스_케이크_파티팩딸기레어치즈 케이크,283,25.79,4.64,17.97,1.29,970,22.47
10648,투썸플레이스_케이크_파티팩블루베리요거트생크림 케이크,265,24.15,3.6,16.83,1.21,1111,17.73
10649,투썸플레이스_케이크_파티팩스트로베리초콜릿생크림 케이크,287,26.16,3.83,18.22,1.31,1278,17.45
10650,할리스_케이크_트리플 베리 생크림 케이크,258,23.51,3.85,16.38,1.18,104,3.85
10651,할리스_케이크_트리플 베리 요거트 케이크,280,25.52,4.0,17.78,1.28,100,22.0
10652,할리스_케이크_트리플 베리 치즈 스윗박스 케이크,263,23.97,3.23,16.7,1.2,186,25.27
10653,할리스_케이크_트리플 초코 라운드 케이크,277,25.25,5.24,17.59,1.26,191,14.14
10654,할리스_케이크_트리플 초코 케이크,304,27.71,9.9,19.3,1.39,101,20.79
10655,투썸플레이스_케이크_트리플베리생크림 케이크,229,20.87,3.07,14.54,1.05,748,20.19
10656,투썸플레이스_케이크_트리플베리생크림 케이크 (조각),238,21.69,3.17,15.11,1.09,126,21.43
10657,투썸플레이스_케이크_트리플쇼콜라무스 케이크,248,22.6,4.28,15.75,1.13,701,16.26
10658,투썸플레이스_케이크_트리플쇼콜라무스 케이크 (조각),252,22.97,4.07,16.0,1.15,123,15.45
10659,롤링핀_케이크_티라미수,295,26.6,5.0,18.7,1.35,120,15.1
10660,달콤_케이크_티라미수,326,29.71,4.46,20.7,1.49,112,19.64
10661,던킨_케이크_티라미수 롤 케이크,361,32.9,4.17,22.92,1.65,72,27.78
10662,요거프레소_케이크_티라미수 스틱 케이크,267,24.33,6.67,16.95,1.22,30,20.0
10663,엔제리너스_케이크_티라미수 스푼 케이크,301,26.58,5.06,19.11,1.37,158,18.35
10664,커피빈_케이크_티라미수 케이크,291,26.52,5.29,18.48,1.33,700,15.71
10665,카페베네_케이크_티라미수 케이크,301,27.43,6.67,19.11,1.37,120,17.5
10666,드롭탑_케이크_티라미수 케이크,321,29.26,6.25,10.0,1.47,80,21.25
10667,커피베이_케이크_티라미수 케이크,363,33.08,6.25,23.05,1.66,80,26.25
10668,스타벅스_케이크_크런치 쿠키 마스카포네 케이크,372,33.9,5.45,23.62,1.7,165,16.36
10669,스타벅스_케이크_크레이프 에멘탈 치즈 케이크,330,30.08,5.0,20.95,1.51,400,18.0
10670,스타벅스_케이크_크림치즈 브리오슈 보스톡 케이크,404,36.82,5.6,25.65,1.84,125,20.0
10671,스타벅스_케이크_클라우드 치즈 케이크,443,40.38,6.67,28.13,2.02,120,20.0
10672,파리바게뜨_케이크_클래식 고구마 케이크,315,38.0,4.0,17.0,1.44,850,15.0
10673,커피베이_케이크_클래식 쇼콜라 케이크,436,39.74,5.75,27.68,1.99,80,30.5
10674,파리바게뜨_케이크_클래식 치즈 케이크 (조각),306,24.44,6.67,20.0,1.4,90,20.0
10675,투썸플레이스_케이크_클래식가토쇼콜라 케이크,315,28.71,4.46,20.0,1.44,650,18.62
10676,투썸플레이스_케이크_클래식가토쇼콜라 케이크 (조각),317,28.89,4.0,20.13,1.45,150,18.67
10677,더리터_케이크_클래식롤,338,55.0,7.5,21.46,1.54,80,32.5
10678,롤링핀_케이크_클래식쇼콜라,429,44.3,7.7,24.5,1.96,530,28.5
10679,뚜레쥬르_케이크_클래식오브치즈 케이크,289,26.34,5.87,18.35,1.32,750,17.47
10680,뚜레쥬르_케이크_클래식오브치즈 케이크 (조각),294,26.8,5.88,18.67,1.34,85,17.65
10681,뚜레쥬르_케이크_클래식오브치즈케이크(조각),300,27.34,5.88,19.05,1.37,85,17.65
10682,뚜레쥬르_케이크_클래식오브치즈케이크3호,289,26.34,6.0,18.35,1.32,750,17.33
10683,투썸플레이스_케이크_투썸얼그레이밀크티쉬폰 케이크,336,30.62,5.55,21.33,1.53,685,29.2
10684,투썸플레이스_케이크_투썸얼그레이밀크티쉬폰 케이크 (조각),341,31.08,5.31,21.65,1.56,113,30.09
10685,할리스_케이크_트리플 베리 생크림 라운드 케이크,247,22.51,3.03,15.68,1.13,231,17.75
10686,파스쿠찌_케이크_칸탈로프 케이크 (조각),291,26.52,3.52,18.48,1.33,114,14.98
10687,파스쿠찌_케이크_칸탈로프 케이크 (홀),291,26.52,3.04,18.48,1.33,658,13.07
10688,드롭탑_케이크_캐롯 케이크,283,25.79,5.5,7.5,1.29,200,15.0
10689,뚜레쥬르_케이크_케이크속에순우유 케이크,334,30.44,5.51,21.21,1.52,472,26.06
10690,뚜레쥬르_케이크_케이크속에순우유 케이크 (조각),289,26.34,4.23,18.35,1.32,71,21.13
10691,커피에반하다_케이크_콩티라미수 케이크,296,26.98,8.33,18.79,1.35,120,20.83
10692,파스쿠찌_케이크_콰트로 치즈 파운드 케이크,406,37.0,6.25,25.78,1.85,64,25.0
10693,공차_케이크_쿠키 앤 크림 스틱 치즈 케이크,350,34.0,8.0,20.0,1.6,50,20.0
10694,달콤_케이크_쿠키 앤 크림 케이크,352,32.08,6.09,22.35,1.61,115,20.0
10695,뚜레쥬르_케이크_쿠키바닐라생크림케이크,321,29.26,4.69,20.38,1.47,341,19.65
10696,엔제리너스_케이크_쿠키앤크림 아이스박스 케이크,395,25.79,2.63,25.08,1.8,190,13.68
10697,카페베네_케이크_쿠키앤크림 케이크,336,30.62,2.48,21.33,1.53,161,18.63
10698,할리스_케이크_쿠키앤크림 케이크 쏘스윗박스,292,26.61,2.96,18.54,1.33,135,14.81
10699,할리스_케이크_쿠키앤크림 케이크 쏘스윗박스 파티팩,295,26.89,2.99,18.73,1.35,134,15.67
10700,커피베이_케이크_쿨내진동 민트초코 케이크,385,35.09,4.0,24.44,1.76,85,30.0
10701,투썸플레이스_케이크_퀀즈캐롯 케이크,318,28.98,4.47,20.19,1.45,828,21.14
10702,투썸플레이스_케이크_퀀즈캐롯 케이크 (조각),321,29.26,3.91,20.38,1.47,179,20.11
10703,커피빈_케이크_크런치 다크 초코 롤 케이크,403,36.73,6.07,25.59,1.84,560,11.96
10704,케이크_초콜릿케이크,420,43.6,5.31,24.96,2.4,100,23.13
10705,파리바게뜨_케이크_촉촉한 클래식 치즈케이크,305,27.8,6.0,19.37,1.39,100,20.0
10706,따삐오_케이크_촉촉한미니치즈 케이크,360,32.81,7.5,22.86,1.64,40,30.0
10707,요거프레소_케이크_쵸코 무스 케이크,311,28.35,3.53,19.75,1.42,85,23.53
10708,요거프레소_케이크_쵸코 티라미수 케이크,319,29.07,4.71,20.25,1.46,85,21.18
10709,요거프레소_케이크_치즈 스틱 케이크,296,26.98,8.0,18.79,1.35,25,16.0
10710,요거트아이스크림의정석_케이크_치즈 스틱케이크,522,48.89,4.44,33.33,2.38,45,4.44
10711,메가커피_케이크_치즈 케이크,334,25.0,6.0,23.0,1.52,100,14.0
10712,요거프레소_케이크_치즈 케이크,532,48.49,4.29,33.78,2.43,140,10.0
10713,토프레소_케이크_치즈 케이크,359,32.72,7.06,22.79,1.64,85,21.18
10714,커피베이_케이크_치즈무스 케이크,363,33.08,8.75,23.05,1.66,80,27.5
10715,커피마마_케이크_치즈스틱 케이크,236,21.51,4.44,14.98,1.08,45,15.56
10716,케이크_치즈케이크,329,28.64,7.23,20.63,1.2,100,15.28
10717,롤링핀_케이크_치즈타르트바움쿠헨 케이크,376,34.27,7.4,23.87,1.72,145,30.2
10718,뚜레쥬르_케이크_카라멜부케케이크,373,34.0,3.5,23.68,1.7,400,23.5
10719,롤링핀_케이크_카라멜크레이프 케이크,277,25.25,6.7,17.59,1.26,650,15.4
10720,파스쿠찌_케이크_카사타 요거트 블루베리 케이크 (조각),280,25.52,2.95,17.78,1.28,163,19.63
10721,파스쿠찌_케이크_카사타 카푸치노 케이크 (조각),325,29.62,5.22,20.63,1.48,134,14.18
10722,따삐오_케이크_진한치즈 케이크 2호,344,31.35,7.0,21.84,1.57,420,20.0
10723,파리바게뜨_케이크_진한크림치즈 가득 클래식 치즈 케이크,325,26.0,7.0,22.0,1.48,790,25.0
10724,파리바게뜨_케이크_쫀득제주말차브라우니,440,40.1,7.14,27.94,2.01,42,30.95
10725,파리바게뜨_케이크_쫀득카카오브라우니,440,40.1,4.76,27.94,2.01,42,28.57
10726,스타벅스_케이크_청담스타 얼 그레이 밀크 케이크,310,28.25,4.0,19.68,1.41,520,20.0
10727,스타벅스_케이크_청담스타 오 허니 케이크,348,31.72,5.0,22.1,1.59,550,28.0
10728,파스쿠찌_케이크_청순 밀크 샌드 케이크,311,28.35,4.44,19.75,1.42,180,17.78
10729,커피마마_케이크_초코스틱 케이크,324,29.53,6.67,20.57,1.48,45,20.0
10730,따삐오_케이크_초코코팅 케이크 2호,434,39.56,5.0,27.56,1.98,430,30.0
10731,따삐오_케이크_초코크런치생크림 케이크 1호,319,29.07,5.0,20.25,1.46,300,26.0
10732,롤링핀_케이크_초코크레이프 케이크,355,32.36,7.4,22.54,1.62,750,13.2
10733,롤링핀_케이크_초코크로넛,409,43.6,8.0,22.5,1.87,90,12.6
10734,커피에반하다_케이크_초코티라미수 케이크,322,29.35,4.71,20.44,1.47,85,21.18
10735,마리웨일237_케이크_초코파운드 케이크,419,38.19,5.0,26.6,1.91,80,26.25
10736,요거트아이스크림의정석_케이크_초콜릿 칩 브라우니,458,71.61,4.94,28.4,2.09,81,39.51
10737,롤링핀_케이크_초콜릿듬뿍이파운드 케이크,443,40.38,5.53,28.13,2.02,235,39.57
10738,롤링핀_케이크_초콜릿머드 케이크 (조각),419,38.19,2.9,26.6,1.91,180,17.6
10739,커피빈_케이크_초콜릿무스 케이크,370,33.72,4.75,23.49,1.69,1200,17.92
10740,파스쿠찌_케이크_유자 파운드 케이크,375,34.18,4.69,23.81,1.71,65,26.56
10741,이디야_케이크_이디야 티라미수 케이크,130,11.85,2.0,8.25,0.59,150,12.0
10742,커피베이_케이크_인절미 케이크,442,40.28,8.44,28.06,2.02,90,22.56
10743,뚜레쥬르_케이크_인절미브라우니,450,41.01,7.14,28.57,2.05,70,32.86
10744,망원동티라미수_케이크_인절미티라미수 케이크,265,24.15,5.21,16.83,1.21,117,7.78
10745,투썸플레이스_케이크_장미요거생크림 케이크 1호,284,25.88,4.35,18.03,1.3,529,22.12
10746,메가커피_케이크_저당 초코 생크림 케이크,263,32.84,5.97,11.94,1.2,67,1.49
10747,파리바게뜨_케이크_저당그릭요거트케이크,245,22.33,4.0,15.56,1.12,370,4.9
10748,스타벅스_케이크_제주 녹차 생크림 롤케이크,332,30.26,5.45,21.08,1.52,165,34.55
10749,스타벅스_케이크_제주 땅콩 생크림 롤케이크,345,31.44,4.85,21.9,1.57,165,30.91
10750,카페띠아모_케이크_젤라또 브라우니,340,30.99,3.89,21.59,1.55,198,19.09
10751,할리스_케이크_진한 마스카포네 티라미스 케이크,299,27.25,4.83,18.98,1.36,145,17.24
10752,뚜레쥬르_케이크_진한우유생크림 케이크 1호,175,15.95,3.08,11.11,0.8,811,10.11
10753,뚜레쥬르_케이크_진한우유생크림 케이크 2호,123,11.21,2.74,7.81,0.56,1021,9.7
10754,뚜레쥬르_케이크_진한우유생크림케이크1호,250,22.79,3.08,15.87,1.14,811,10.11
10755,뚜레쥬르_케이크_진한우유생크림케이크2호,249,22.69,3.04,15.81,1.14,1021,9.7
10756,뚜레쥬르_케이크_진한우유퐁당바닐라케이크,266,24.24,5.67,16.89,1.21,653,17.76
10757,파리바게뜨_케이크_진한초코퍼지 케이크,415,37.82,5.0,26.35,1.89,600,19.0
10758,파리바게뜨_케이크_우유가득생크림 케이크 2호,250,21.0,4.0,17.0,1.14,980,13.0
10759,파리바게뜨_케이크_우유가득생크림케이크 1호,275,25.06,3.0,17.46,1.26,610,14.0
10760,파리바게뜨_케이크_우유가득생크림케이크 2호,275,25.06,3.0,17.46,1.26,890,13.0
10761,파리바게뜨_케이크_우유듬뿍생크림 케이크(블라썸) 1호,260,20.0,4.0,18.0,1.19,510,14.0
10762,파리바게뜨_케이크_우유듬뿍생크림 케이크(블라썸) 2호,255,21.0,4.0,17.0,1.16,710,15.0
10763,파리바게뜨_케이크_우유듬뿍생크림 케이크(블라썸) 3호,265,21.0,4.0,18.0,1.21,950,15.0
10764,파리바게뜨_케이크_우유듬뿍생크림 케이크(선샤인) 1호,260,21.0,3.0,18.0,1.19,540,15.0
10765,파리바게뜨_케이크_우유듬뿍생크림 케이크(선샤인) 2호,260,21.0,4.0,18.0,1.19,720,15.0
10766,파리바게뜨_케이크_우유듬뿍생크림 케이크(선샤인) 3호,265,22.0,4.0,18.0,1.21,960,15.0
10767,파리바게뜨_케이크_우유듬뿍생크림 케이크(선샤인) 6호,270,21.0,4.0,19.0,1.23,1380,15.0
10768,요거프레소_케이크_우유치즈 케이크,274,24.97,6.32,17.4,1.25,95,22.11
10769,파리바게뜨_케이크_우유퐁당생크림 케이크 1호,270,23.0,4.0,19.0,1.23,640,13.0
10770,파리바게뜨_케이크_우유퐁당생크림 케이크 2호,275,24.0,4.0,19.0,1.26,890,14.0
10771,파리바게뜨_케이크_우유퐁당생크림케이크 1호,260,23.7,3.0,16.51,1.19,630,13.0
10772,파리바게뜨_케이크_우유퐁당생크림케이크 2호,270,24.61,4.0,17.14,1.23,880,14.0
10773,달콤_케이크_윈터 티라미수 케이크,326,29.71,4.47,20.7,1.49,112,19.64
10774,투썸플레이스_케이크_유메이크리스마일(바닐라초콜릿카라멜무스) 케이크,283,25.79,4.39,17.97,1.29,569,18.28
10775,투썸플레이스_케이크_유메이크미스마일(바닐라초콜릿카라멜무스) 케이크 (조각),298,27.16,4.65,18.92,1.36,129,21.71
10776,파스쿠찌_케이크_오색 치즈 크림 케이크,317,28.89,3.96,20.13,1.45,101,13.86
10777,뚜레쥬르_케이크_오해피복숭아 케이크,287,26.16,4.55,18.22,1.31,682,24.63
10778,뚜레쥬르_케이크_오해피복숭아케이크,268,24.43,7.92,17.02,1.22,682,24.63
10779,뚜레쥬르_케이크_오해피한라봉&오렌지케이크,257,23.42,3.6,16.32,1.17,751,19.71
10780,투썸플레이스_케이크_요거생크림 케이크 1호,216,19.69,2.96,13.71,0.99,609,18.06
10781,투썸플레이스_케이크_요거생크림 케이크 2호,199,18.14,2.93,12.63,0.91,887,16.12
10782,투썸플레이스_케이크_요거생크림 케이크 3호,214,19.5,3.09,13.59,0.98,1102,18.24
10783,투썸플레이스_케이크_요거하트 케이크,250,22.79,3.78,15.87,1.14,687,20.96
10784,뚜레쥬르_케이크_용감한쿠키카라멜마스카포네생크림 케이크,333,30.35,4.03,21.14,1.52,571,19.96
10785,파리바게뜨_케이크_우리당근 케이크 (미니),364,33.18,4.0,23.11,1.66,230,16.0
10786,파리바게뜨_케이크_우리쌀 막걸리로 만든 강낭콩참쑥빵,211,46.67,4.85,0.55,0.96,165,13.33
10787,파리바게뜨_케이크_우리쌀 막걸리로 만든 우리 오미자빵,214,47.27,4.85,0.61,0.98,165,13.94
10788,투썸플레이스_케이크_우리쌀베리무스 케이크,256,23.33,4.19,16.25,1.17,763,16.78
10789,엔제리너스_케이크_우유 고구마케이크,312,28.7,5.22,19.81,1.42,115,17.39
10790,이디야_케이크_우유 생크림 케이크,310,28.25,3.75,19.68,1.41,80,16.25
10791,파리바게뜨_케이크_우유 생크림케이크딸기 1호 A타입,270,24.61,4.0,17.14,1.23,510,12.0
10792,파리바게뜨_케이크_우유 생크림케이크딸기 1호 B타입,275,25.06,4.0,17.46,1.26,480,12.0
10793,파리바게뜨_케이크_우유가득생크림 케이크 1호,250,21.0,3.0,17.0,1.14,690,14.0
10794,파스쿠찌_케이크_오 마이 초코 케이크 (홀),190,17.32,2.95,12.06,0.87,679,13.99
10795,요거프레소_케이크_오레오 사각 케이크,338,30.81,5.88,21.46,1.54,170,28.23
10796,커피에반하다_케이크_오레오 크림치즈 케이크,304,27.71,3.64,19.3,1.39,110,23.64
10797,망원동티라미수_케이크_오레오티라미수 케이크,305,27.8,3.96,19.37,1.39,111,9.91
10798,투썸플레이스_케이크_오렌지쇼콜라파운드 케이크,358,32.63,4.55,22.73,1.63,88,30.68
10799,망원동티라미수_케이크_오리지널 티라미수 케이크,307,27.98,6.04,19.49,1.4,101,9.01
10800,망원동티라미수_케이크_오리지널 티라미수 케이크 (홀),297,27.07,3.96,18.86,1.36,503,12.87
10801,카페게이트_케이크_오리지널티라미수,298,27.16,3.2,18.92,1.36,125,22.4
10802,서오릉피자_피자_채소콤비네이션 피자 (R),236,24.08,10.55,10.04,2.33,100,4.75
10803,오르새피자_피자_첫사랑 피자 (L),95,9.69,3.75,4.04,0.94,1280,2.5
10804,피자는치즈빨_피자_청양핫불고기 피자 (L),261,26.63,14.41,11.1,2.58,888,5.41
10805,피자는치즈빨_피자_청양핫불고기 피자 (M),259,26.43,14.15,11.02,2.56,636,5.66
10806,피자와치킨의러브레터_피자_체다 스테이크 피자,239,24.39,13.61,10.17,2.36,978,5.82
10807,피자스톰_피자_체다 온 더 베이컨 (R),274,27.96,15.63,11.66,2.71,606,3.38
10808,피자스톰_피자_체다 온 더 베이컨 피자 (XL),274,27.96,15.63,11.66,2.71,848,3.38
10809,7번가피자_피자_체다골드포테이토 피자 골드스윗 (L),251,25.61,10.6,10.68,2.48,1206,3.31
10810,7번가피자_피자_체다골드포테이토 피자 골드스윗 (R),250,25.51,10.09,10.63,2.47,875,3.67
10811,7번가피자_피자_체다골드포테이토 피자 리코타링 (L),249,25.41,10.71,10.59,2.46,1116,2.86
10812,파리바게뜨_케이크_시그니처 생딸기 우유생크림케이크,265,24.15,3.0,16.83,1.21,610,22.0
10813,롤링핀_케이크_시나몬크로넛,397,46.8,8.0,19.8,1.81,90,16.2
10814,커피빈_케이크_시카고치즈 케이크 2호,372,33.9,8.3,23.62,1.7,1000,20.8
10815,커피빈_케이크_시카도치즈 케이크 3호,372,33.9,8.33,23.62,1.7,1320,20.76
10816,따삐오_케이크_실키 롤케이크,339,30.9,6.0,21.52,1.55,430,29.0
10817,요거프레소_케이크_아메리칸 치즈 케이크,373,34.0,6.16,23.68,1.7,146,19.18
10818,커피빈_케이크_애플 시나몬 치즈 케이크,316,28.8,4.0,20.06,1.44,650,22.0
10819,커피베이_케이크_얼그레이 갸또 케이크,372,33.9,4.44,23.62,1.7,135,15.56
10820,파스쿠찌_케이크_얼그레이 밀크티 케이크 (조각),330,30.08,4.0,20.95,1.51,110,16.0
10821,파스쿠찌_케이크_얼그레이 밀크티 케이크 (홀),340,30.99,3.89,21.59,1.55,100,13.87
10822,파스쿠찌_케이크_얼그레이 샌드케이크,338,30.81,4.62,21.46,1.54,130,13.85
10823,달콤_케이크_얼그레이 생크림 케이크,371,33.81,5.56,23.56,1.69,90,23.33
10824,할리스_케이크_얼그레이 쉬폰 케이크,301,27.43,3.61,19.11,1.37,581,19.28
10825,롤링핀_케이크_얼그레이 케이크 (조각),389,35.45,5.1,24.7,1.78,115,20.3
10826,롤링핀_케이크_얼그레이쇼콜라타르트 케이크,386,35.18,4.9,24.51,1.76,645,20.6
10827,망원동티라미수_케이크_얼그레이티라미수 케이크,314,28.62,4.0,19.94,1.43,100,30.0
10828,롤링핀_케이크_얼그레이화이트타르트 케이크,394,35.91,4.9,25.02,1.8,645,22.4
10829,파스쿠찌_케이크_오 마이 초코 케이크 (조각),279,25.43,4.35,17.71,1.27,138,15.94
10830,달콤_케이크_스트로베리 크레이프 케이크,250,22.79,5.0,15.87,1.14,100,14.0
10831,뚜레쥬르_케이크_스트로베리리치생크림 케이크,263,23.97,2.98,16.7,1.2,671,19.67
10832,뚜레쥬르_케이크_스트로베리리치생크림케이크,263,23.97,2.98,16.7,1.2,671,19.67
10833,뚜레쥬르_케이크_스트로베리마스카포네티라미수,269,24.52,3.47,17.08,1.23,606,21.29
10834,뚜레쥬르_케이크_스트로베리마스카포네티라미수 케이크,271,24.7,3.63,17.21,1.24,606,17.82
10835,뚜레쥬르_케이크_스트로베리블라썸생크림케이크,243,22.15,3.15,15.43,1.11,540,18.52
10836,파리바게뜨_케이크_스트로베리서프라이즈 케이크,275,22.0,3.0,19.0,1.26,610,13.0
10837,뚜레쥬르_케이크_스트로베리쇼콜라갸또,269,24.52,3.5,17.08,1.23,685,16.79
10838,뚜레쥬르_케이크_스트로베리쇼콜라갸또케이크,270,24.61,3.49,17.14,1.23,687,16.6
10839,드롭탑_케이크_스트로베리초코 케이크,312,28.44,4.38,10.05,1.42,185,18.11
10840,투썸플레이스_케이크_스트로베리초콜릿생크림 케이크,215,19.6,3.58,13.65,0.98,726,15.29
10841,뚜레쥬르_케이크_스트로베리퀸케이크,217,19.78,3.56,13.78,0.99,815,16.07
10842,드롭탑_케이크_스트로베리포레누아 케이크,311,28.35,4.19,8.75,1.42,160,18.44
10843,공차_케이크_스틱 치즈 케이크,320,30.0,8.0,18.0,1.46,50,18.0
10844,커피에반하다_케이크_스틱 케이크 레드벨벳,397,36.18,5.26,25.21,1.81,38,13.16
10845,커피에반하다_케이크_스틱 케이크 초콜릿,529,48.21,5.26,33.59,2.41,38,31.58
10846,커피빈_케이크_시그니처 듀얼 케이크,371,33.81,6.59,23.56,1.69,1260,19.44
10847,서오릉피자_피자_채소콤비네이션 피자 (L),231,23.57,10.14,9.83,2.28,100,4.72
10848,스타벅스_케이크_슈크림 가득 바움쿠헨 케이크,330,30.08,4.09,20.95,1.51,171,25.15
10849,파리바게뜨_케이크_스노우화이트치즈 케이크,350,31.9,7.0,22.22,1.6,650,15.0
10850,커피빈_케이크_스모키 번트 치즈 케이크,341,24.29,5.71,21.65,1.56,280,15.0
10851,팔공티_케이크_스위트 녹차 쌀롤,308,28.07,4.62,19.56,1.41,65,16.92
10852,달콤_케이크_스위트 쌀 롤,308,28.07,6.15,19.56,1.41,65,32.31
10853,팔공티_케이크_스위트 쌀롤,292,26.61,4.62,18.54,1.33,65,16.92
10854,팔공티_케이크_스위트 초코롤,308,28.07,4.62,19.56,1.41,65,16.92
10855,달콤_케이크_스위트 초코쌀 롤,305,27.8,7.69,19.37,1.39,65,30.77
10856,커피에반하다_케이크_스윗밀크 롤 케이크,232,21.14,5.26,14.73,1.06,95,24.21
10857,뚜레쥬르_케이크_스윗베리생크림케이크1호,269,24.52,4.13,17.08,1.23,557,19.21
10858,뚜레쥬르_케이크_스윗베리생크림케이크2호,277,25.25,4.42,17.59,1.26,724,19.75
10859,뚜레쥬르_케이크_스윗베리생크림케이크3호,275,25.06,4.28,17.46,1.26,980,19.69
10860,따삐오_케이크_스윗크레이프 케이크,266,24.24,4.0,16.89,1.21,202,20.0
10861,파리바게뜨_케이크_스트로베리 굿굿 생크림,281,25.0,3.75,18.75,1.28,80,13.75
10862,엔제리너스_케이크_스트로베리 바닐라스푼 케이크,313,34.86,4.0,19.87,1.43,175,23.43
10863,파리바게뜨_케이크_스트로베리 서프라이즈 케이크,275,25.06,3.0,17.46,1.26,610,13.0
10864,엔제리너스_케이크_스트로베리 요거트 케이크,292,36.67,4.44,18.54,1.33,90,21.11
10865,7번가피자_피자_체다골드포테이토 피자 리코타링 (R),251,25.61,9.9,10.68,2.48,810,2.97
10866,파스쿠찌_케이크_수플레 치즈 케이크 (조각),313,28.53,5.49,19.87,1.43,91,19.78
10867,파스쿠찌_케이크_수플레 치즈 케이크 (홀),315,28.71,5.99,20.0,1.44,100,20.01
10868,카페띠아모_케이크_수플레 치즈케이크,369,33.63,6.35,23.43,1.68,85,8.12
10869,드롭탑_케이크_수플레치즈 케이크,359,32.72,7.06,15.29,1.64,85,21.18
10870,커피에반하다_케이크_수플레치즈 케이크,274,24.97,5.88,17.4,1.25,85,23.53
10871,커피빈_케이크_순 우유 화이트 롤 케이크,310,28.25,6.09,19.68,1.41,460,16.96
10872,커피빈_케이크_순 우유&초코 하프앤 하프 롤 케이크,361,32.9,5.63,22.92,1.65,480,13.96
10873,뚜레쥬르_케이크_순매직딸기 케이크,251,22.88,2.35,15.94,1.15,1022,13.8
10874,뚜레쥬르_케이크_순매직베리 케이크,292,26.61,3.47,18.54,1.33,923,18.74
10875,디저트39_케이크_순수 우유 케이크 (조각),433,39.46,6.0,27.49,1.98,100,23.0
10876,디저트39_케이크_순수우유 카스테라 케이크,386,35.18,11.0,24.51,1.76,100,36.0
10877,커피베이_케이크_순수우유 케이크,266,24.24,6.0,16.89,1.21,140,7.0
10878,커피빈_케이크_순우유 허니 케이크,310,28.25,5.14,19.68,1.41,350,7.41
10879,뚜레쥬르_케이크_순우유딸기무스 케이크,254,23.15,3.88,16.13,1.16,464,20.69
10880,따삐오_케이크_쉬폰에반하다 케이크 딸기,339,30.9,5.0,21.52,1.55,350,21.0
10881,따삐오_케이크_쉬폰에반하다 케이크 블루베리,309,28.16,4.0,19.62,1.41,350,20.0
10882,따삐오_케이크_쉬폰에반하다 케이크 초코,348,31.72,5.0,22.1,1.59,450,24.0
10883,따삐오_케이크_쉬폰에반하다 케이크 화이트,339,30.9,4.0,21.52,1.55,360,23.0
10884,스타벅스_케이크_세븐 레이어 가나슈 케이크,433,39.46,6.0,27.49,1.98,510,27.0
10885,스타벅스_케이크_세븐 레이어 가나슈 케이크 (조각),413,37.64,5.0,26.22,1.89,140,27.14
10886,파리바게뜨_케이크_세븐컬러스 조각 케이크,320,27.0,5.0,22.0,1.46,100,15.0
10887,따삐오_케이크_소프트쁘띠파운드 케이크 (10입),461,42.02,6.0,29.27,2.1,360,28.0
10888,엔제리너스_케이크_쇼콜라 그라데이션 케이크,349,31.3,5.22,22.16,1.59,115,20.87
10889,커피에반하다_케이크_쇼콜라 로쉐 케이크,338,30.81,3.0,21.46,1.54,100,14.0
10890,마리웨일237_케이크_쇼콜라 롤케이크,330,30.08,3.0,20.95,1.51,260,22.0
10891,요거프레소_케이크_쇼콜라 케이크,355,32.36,4.7,22.54,1.62,100,26.7
10892,달콤_케이크_쇼콜라 케이크,397,36.18,9.47,25.21,1.81,95,22.11
10893,커피에반하다_케이크_쇼콜라 크레이프 케이크,338,30.81,3.0,21.46,1.54,100,14.0
10894,뚜레쥬르_케이크_쇼콜라가나슈생크림 케이크,351,31.99,4.2,22.29,1.6,738,22.63
10895,뚜레쥬르_케이크_쇼콜라갸또(조각),341,31.08,3.66,21.65,1.56,82,20.73
10896,뚜레쥬르_케이크_쇼콜라생크림(조각),363,33.08,5.26,23.05,1.66,95,18.95
10897,뚜레쥬르_케이크_쇼콜라하트케이크,395,36.0,4.36,25.08,1.8,390,26.92
10898,카페띠아모_케이크_수플레 치즈 케이크,369,33.63,6.35,23.43,1.68,85,8.12
10899,이디야_케이크_수플레 치즈 케이크,336,30.62,7.27,21.33,1.53,110,18.18
10900,커피베이_케이크_수플레 치즈 케이크,290,26.43,7.06,18.41,1.32,85,22.0
10901,요거프레소_케이크_수플레 치즈 케이크,282,25.7,5.88,17.9,1.29,85,23.53
10902,드롭탑_케이크_생크림 카스텔라 케이크,303,27.62,5.58,4.58,1.38,120,17.33
10903,뚜레쥬르_케이크_생크림 케이크 1호A,262,23.88,3.2,16.63,1.2,500,15.8
10904,뚜레쥬르_케이크_생크림 케이크 1호B,292,26.61,4.57,18.54,1.33,460,19.57
10905,뚜레쥬르_케이크_생크림 케이크 2호A,278,25.34,4.45,17.65,1.27,719,18.78
10906,뚜레쥬르_케이크_생크림 케이크 2호B,288,26.25,4.49,18.29,1.31,646,19.2
10907,뚜레쥬르_케이크_생크림 케이크 3호A,279,25.43,4.32,17.71,1.27,973,18.81
10908,뚜레쥬르_케이크_생크림 케이크 3호B,289,26.34,4.5,18.35,1.32,889,18.9
10909,뚜레쥬르_케이크_생크림 케이크 4호A,264,24.06,4.32,16.76,1.2,1134,18.25
10910,뚜레쥬르_케이크_생크림 케이크 4호B,262,23.88,3.94,16.63,1.2,1268,17.67
10911,뚜레쥬르_케이크_생크림 케이크 5호A,251,22.88,3.78,15.94,1.15,1879,16.82
10912,뚜레쥬르_케이크_생크림 케이크 5호B,261,23.79,3.93,16.57,1.19,1755,17.04
10913,뚜레쥬르_케이크_생크림 케이크 6호A,256,23.33,3.91,16.25,1.17,1943,15.65
10914,뚜레쥬르_케이크_생크림 케이크 6호B,252,22.97,3.9,16.0,1.15,1949,16.98
10915,투썸플레이스_케이크_생크림바스크치즈 케이크,311,28.35,5.08,19.75,1.42,315,15.87
10916,투썸플레이스_케이크_생크림소프트쉬폰 케이크,378,34.45,21.95,24.0,1.73,246,14.23
10917,케이크_생크림케이크,237,27.62,3.45,12.54,1.1,100,14.49
10918,뚜레쥬르_케이크_샤이닝생크림케이크2호,283,25.79,4.14,17.97,1.29,797,19.83
10919,할리스_케이크_설향 딸기 미니 케이크,211,19.23,2.26,13.4,0.96,100,16.54
10920,뚜레쥬르_케이크_쁘띠티라미수,309,28.16,5.34,19.62,1.41,131,21.38
10921,뚜레쥬르_케이크_쁘띠한라봉&오렌지케이크,248,22.6,4.14,15.75,1.13,145,21.38
10922,파리바게뜨_케이크_사르르 연유수플레,325,30.0,5.0,20.0,1.48,40,17.5
10923,뚜레쥬르_케이크_사르르고구마케이크빵,311,28.35,5.65,19.75,1.42,124,20.16
10924,뚜레쥬르_케이크_사르르티라미수생크림쉬폰,295,26.89,3.76,18.73,1.35,346,20.81
10925,롤링핀_케이크_산딸기크로넛,390,38.6,7.0,22.9,1.78,90,12.3
10926,파리바게뜨_케이크_상큼한 블루베리쉬폰,280,29.0,3.0,17.0,1.28,810,15.0
10927,엔제리너스_케이크_상큼한 유자 케이크,324,32.17,3.48,20.57,1.48,115,20.87
10928,스타벅스_케이크_새코롬 돌코롬 한라봉 케이크,317,28.89,5.0,20.13,1.45,120,35.83
10929,롤링핀_케이크_새콤달콤후르츠파운드 케이크,360,32.81,4.64,22.86,1.64,280,20.36
10930,파리바게뜨_케이크_생딸기 레어치즈 타르트 (조각),275,22.5,4.17,18.33,1.26,120,15.0
10931,파리바게뜨_케이크_생딸기 프레지에,280,21.0,4.0,20.0,1.28,550,14.0
10932,파리바게뜨_케이크_생딸기요거트 케이크,265,25.0,4.0,17.0,1.21,690,14.0
10933,파리바게뜨_케이크_생딸기치즈 케이크,250,18.0,3.0,18.0,1.14,610,11.0
10934,뚜레쥬르_케이크_생초코초코케이크,348,31.72,5.03,22.1,1.59,596,21.98
10935,요거프레소_케이크_생크림 롤케이크,296,26.98,4.29,18.79,1.35,70,15.72
10936,커피베이_케이크_생크림 롤케이크,338,30.81,6.67,21.46,1.54,90,20.0
10937,롤링핀_케이크_생크림 롤케이크 플레인,308,28.07,4.7,19.56,1.41,240,26.6
10938,스타벅스_케이크_블루베리 쿠키 치즈 케이크,390,35.55,4.0,24.76,1.78,1250,27.0
10939,스타벅스_케이크_블루베리 쿠키 치즈 케이크 (조각),379,34.54,5.0,24.06,1.73,260,26.15
10940,커피에반하다_케이크_블루베리 크레이프 케이크,225,20.51,2.86,14.29,1.03,105,9.52
10941,이디야_케이크_블루베리 크림치즈 케이크,281,25.61,4.65,17.84,1.28,86,24.42
10942,따삐오_케이크_블루베리쉬폰 케이크,348,31.72,5.0,22.1,1.59,530,22.0
10943,투썸플레이스_케이크_블루베리쉬폰 케이크,236,21.51,3.11,14.98,1.08,867,17.53
10944,커피마마_케이크_블루베리스틱 케이크,271,24.7,6.67,17.21,1.24,45,8.89
10945,파리바게뜨_케이크_블루베리요거트 케이크,295,23.0,4.0,21.0,1.35,540,15.0
10946,뚜레쥬르_케이크_블루베리요거트팡도르,376,34.27,3.78,23.87,1.72,185,21.62
10947,롤링핀_케이크_블루베리크로넛,382,39.7,7.2,21.6,1.74,90,13.6
10948,롤링핀_케이크_빅토리아 케이크,419,44.2,4.6,24.9,1.91,240,19.6
10949,커피빈_케이크_쁘띠 까망베르 치즈 케이크,305,27.8,6.0,19.37,1.39,300,18.67
10950,뚜레쥬르_케이크_쁘띠딸기생크림케이크,246,22.42,4.23,15.62,1.12,189,20.11
10951,뚜레쥬르_케이크_쁘띠베리쇼콜라갸또,331,30.17,3.82,21.02,1.51,157,17.83
10952,뚜레쥬르_케이크_쁘띠복숭아 케이크,252,22.97,4.2,16.0,1.15,143,23.08
10953,뚜레쥬르_케이크_쁘띠복숭아케이크,259,23.61,6.29,16.44,1.18,143,23.08
10954,뚜레쥬르_케이크_쁘띠자몽생크림케이크,252,22.97,4.76,16.0,1.15,210,22.38
10955,7번가피자_피자_체다골드포테이토 피자 석쇠 (L),243,24.8,10.24,10.34,2.4,1016,2.36
10956,호밀호두_케이크_브라우니,520,47.39,7.5,33.02,2.37,20,40.0
10957,투썸플레이스_케이크_블라썸그릭요거트무스 케이크,268,24.43,3.86,17.02,1.22,856,20.56
10958,파스쿠찌_케이크_블랙 롤케이크,365,33.27,5.77,23.17,1.67,52,19.23
10959,파스쿠찌_케이크_블랙쿠키 치즈 케이크 (조각),336,30.62,5.45,21.33,1.53,110,15.45
10960,파스쿠찌_케이크_블랙쿠키 치즈 케이크 (홀),335,30.53,5.94,21.27,1.53,505,16.04
10961,커피빈_케이크_블랙쿠키 케이크,304,27.71,4.12,19.3,1.39,850,8.35
10962,파리바게뜨_케이크_블랙포레스트 케이크 (조각),311,25.56,4.44,22.22,1.42,90,12.22
10963,파리바게뜨_케이크_블레싱 레드베리 미니 케이크,203,18.5,3.53,12.89,0.93,170,12.94
10964,파리바게뜨_케이크_블레싱 초코베리 미니 케이크,226,20.6,4.12,14.35,1.03,170,13.53
10965,파리바게뜨_케이크_블레싱레드베리 (4단),200,18.0,3.0,13.0,0.91,740,12.0
10966,파리바게뜨_케이크_블레싱레드베리 케이크,195,17.77,4.0,12.38,0.89,680,12.0
10967,파리바게뜨_케이크_블레싱초코베리 케이크,240,19.0,4.0,16.0,1.1,770,13.0
10968,따삐오_케이크_블루베리 롤케이크,321,29.26,6.0,20.38,1.47,430,29.0
10969,커피에반하다_케이크_블루베리 요거트 케이크,261,23.79,2.22,16.57,1.19,90,25.56
10970,요거프레소_케이크_블루베리 요거트 케이크,261,23.79,2.22,16.57,1.19,90,25.56
10971,파리바게뜨_케이크_블루베리 요거트 케이크(조각),272,24.79,4.44,17.27,1.24,90,17.78
10972,이디야_케이크_블루베리 치즈 스틱 케이크,344,31.35,6.67,21.84,1.57,45,17.78
10973,커피베이_케이크_블루베리 케이크,604,55.05,11.25,38.35,2.76,80,37.5
10974,투썸플레이스_케이크_벨지안가나슈 케이크 (조각),527,48.03,6.71,33.46,2.41,149,36.91
10975,투썸플레이스_케이크_벨지안멜팅가니슈 케이크,372,33.9,4.37,23.62,1.7,892,25.67
10976,파리바게뜨_케이크_보랏빛 블루베리 쉬폰,265,29.0,3.0,16.0,1.21,880,16.0
10977,뚜레쥬르_케이크_봄이쑥절미생크림 케이크,288,26.25,5.1,18.29,1.31,451,20.4
10978,따삐오_케이크_부드러운 백설기찜 케이크,259,23.61,5.0,16.44,1.18,105,35.0
10979,따삐오_케이크_부드러운 쑥찜 케이크,267,24.33,5.0,16.95,1.22,125,21.0
10980,할리스_케이크_부드러운 쿠키 앤 크림 케이크,212,19.32,4.26,13.46,0.97,141,17.73
10981,스타벅스_케이크_부드러운 티라미수 롤케이크,328,29.89,5.93,20.83,1.5,135,25.93
10982,뚜레쥬르_케이크_부드러운고구마라떼케이크,281,25.61,4.45,17.84,1.28,787,15.38
10983,뚜레쥬르_케이크_부드러운그린티쉬폰 케이크 2호,305,27.8,3.86,19.37,1.39,752,17.69
10984,뚜레쥬르_케이크_부드러운블루베리쉬폰,315,28.71,3.61,20.0,1.44,720,20.69
10985,뚜레쥬르_케이크_부드러운블루베리쉬폰 케이크 2호,302,27.52,3.75,19.17,1.38,667,25.19
10986,뚜레쥬르_케이크_부드러운블루베리쉬폰2호,301,27.43,3.69,19.11,1.37,624,21.16
10987,파리바게뜨_케이크_부드러운초코가나슈케이크,345,31.44,4.6,21.9,1.57,100,11.0
10988,뚜레쥬르_케이크_부드러운초코쉬폰2호,329,29.99,4.39,20.89,1.5,683,22.11
10989,롤링핀_케이크_브라우니,496,39.5,8.3,33.9,2.26,85,30.8
10990,카페루앤비_케이크_브라우니,73,6.65,5.46,4.63,0.33,110,1.82
10991,토프레소_케이크_브라우니,488,44.48,10.0,30.98,2.23,90,55.56
10992,투썸플레이스_케이크_밀키프로마쥬무스 케이크 청포도,261,23.79,4.48,16.57,1.19,848,15.92
10993,투썸플레이스_케이크_밀키프로마쥬무스 케이크 체리,277,25.25,4.8,17.59,1.26,791,14.03
10994,카페베네_케이크_바스크 치즈 케이크,352,32.08,5.3,22.35,1.61,151,16.56
10995,달콤_케이크_바스크 치즈 케이크,353,32.17,7.5,22.41,1.61,160,18.13
10996,던킨도너츠_케이크_바스크 치즈 케이크,362,29.94,5.39,24.55,1.65,167,24.55
10997,파리바게뜨_케이크_바스크 치즈 케이크,330,21.43,5.36,25.0,1.51,168,16.67
10998,던킨_케이크_바스크 치즈 케이크,343,31.26,6.0,21.78,1.57,150,19.33
10999,크로플덕오리아가씨_케이크_바스크치즈 케이크,337,18.5,5.5,27.0,1.54,200,7.0
11000,롤링핀_케이크_바스크치즈 케이크,119,10.85,2.0,7.56,0.54,250,8.0
11001,따삐오_케이크_바스크치즈 케이크,328,29.89,8.0,20.83,1.5,290,29.0
11002,파리바게뜨_케이크_반)고구마반생크림반케이크,220,20.05,3.0,13.97,1.0,740,10.0
11003,뚜레쥬르_케이크_밤이통통케이크,322,29.35,4.38,20.44,1.47,320,24.38
11004,스타벅스_케이크_백년초콜릿 크런치 케이크,475,43.29,3.33,30.16,2.17,180,33.33
11005,마리웨일237_케이크_버터파운드 케이크,426,38.83,5.0,27.05,1.94,80,26.25
11006,스타벅스_케이크_번트 치즈 케이크,413,37.64,5.5,26.22,1.89,200,29.5
11007,엔제리너스_케이크_번트치즈 케이크,312,30.0,5.5,19.81,1.42,200,17.0
11008,할리스_케이크_베리베리 딸기 요거트 케이크,255,23.24,3.57,16.19,1.16,100,19.64
11009,투썸플레이스_케이크_베리치즈브라우니,420,38.28,6.0,26.67,1.92,50,28.0
11010,파스쿠찌_케이크_미니 딸기 트리 케이크 (조각),183,16.68,2.15,11.62,0.84,93,8.6
11011,따삐오_케이크_미니소프트 딸기치즈 케이크,330,30.08,5.0,20.95,1.51,40,27.5
11012,따삐오_케이크_미니소프트 바나나치즈 케이크,325,29.62,5.0,20.63,1.48,40,30.0
11013,따삐오_케이크_미니쌀보리찜 케이크,300,27.34,5.0,19.05,1.37,40,25.0
11014,따삐오_케이크_미니쌀쑥찜 케이크,280,25.52,4.44,17.78,1.28,45,20.0
11015,따삐오_케이크_미니쌀옥수수찜 케이크,269,24.52,4.44,17.08,1.23,45,20.0
11016,투썸플레이스_케이크_믹스드베리초콜릿생크림 케이크,248,22.6,3.94,15.75,1.13,635,19.21
11017,망원동티라미수_케이크_민트초코티라미수 케이크,362,32.99,3.53,22.98,1.65,133,23.46
11018,요거프레소_케이크_밀크 크레이프 케이크,225,20.51,3.0,14.29,1.03,100,7.0
11019,커피에반하다_케이크_밀크 크레이프 케이크,225,20.51,3.0,14.29,1.03,100,7.0
11020,롤링핀_케이크_밀크레이프 케이크,288,26.25,7.9,18.29,1.31,700,12.4
11021,커피빈_케이크_밀크레이프 케이크,288,26.25,7.88,18.29,1.31,800,12.38
11022,투썸플레이스_케이크_밀크생크림초콜릿수플레 케이크,288,26.25,4.96,18.29,1.31,645,18.6
11023,투썸플레이스_케이크_밀크생크림초콜릿수플레 케이크 (조각),295,26.89,4.55,18.73,1.35,132,19.7
11024,엔제리너스_케이크_밀크티갸또 케이크,378,50.0,5.0,24.0,1.73,120,26.67
11025,투썸플레이스_케이크_밀키프로마쥬무스 딸기 케이크 (조각),300,27.34,5.16,19.05,1.37,155,16.77
11026,투썸플레이스_케이크_밀키프로마쥬무스 케이크 딸기,267,24.33,4.68,16.95,1.22,812,14.66
11027,투썸플레이스_케이크_밀키프로마쥬무스 케이크 믹스드베리,274,24.97,4.67,17.4,1.25,814,16.46
11028,공차_케이크_말렌카 케이크 월넛,394,47.0,6.5,20.0,1.8,100,36.0
11029,공차_케이크_말렌카 케이크 코코아,408,48.0,6.7,21.0,1.86,100,36.0
11030,바나프레소_케이크_말렌카 케이크 코코아,408,48.0,6.7,21.0,1.86,100,36.0
11031,바나프레소_케이크_말렌카 케이크 호두,394,47.0,6.5,20.0,1.8,100,36.0
11032,커피베이_케이크_말차 갸또 케이크,368,33.54,5.52,23.37,1.68,145,6.21
11033,엔제리너스_케이크_말차갸또 케이크,398,45.0,5.0,25.27,1.82,120,24.17
11034,뚜레쥬르_케이크_말차에퐁당딸기케이크,254,23.15,3.69,16.13,1.16,651,17.66
11035,따삐오_케이크_맛있는 롤케이크,351,31.99,5.56,22.29,1.6,270,24.44
11036,따삐오_케이크_맛있는딸기 롤케이크,341,31.08,5.56,21.65,1.56,270,24.44
11037,따삐오_케이크_맛있는초코 롤케이크,356,32.45,6.67,22.6,1.62,270,23.33
11038,파리바게뜨_케이크_망고 크레이프 볼,246,20.0,3.85,17.69,1.12,130,13.08
11039,뚜레쥬르_케이크_망고요거생크림케이크,200,18.23,3.06,12.7,0.91,653,17.61
11040,스타벅스_케이크_멘지락 쑥팥 생크림 케이크,295,26.89,5.0,18.73,1.35,100,23.0
11041,투썸플레이스_케이크_모어댄쿠키앤크림 케이크 1호,243,22.15,1.7,15.43,1.11,880,21.93
11042,따삐오_케이크_모카케이크 2호,426,38.83,4.0,27.05,1.94,350,27.0
11043,메가커피_케이크_몽쉘 케이크,380,44.56,4.95,19.8,1.73,101,25.74
11044,롤링핀_케이크_무화과파운드,421,52.7,5.1,21.1,1.92,190,30.8
11045,7번가피자_피자_체다골드포테이토 피자 석쇠 (R),243,24.8,10.38,10.34,2.4,730,2.19
11046,디저트39_케이크_리얼 카라멜 치즈 케이크 (조각),555,50.58,8.0,35.24,2.53,100,35.0
11047,뚜레쥬르_케이크_리얼브라우니,421,38.37,5.71,26.73,1.92,70,34.29
11048,투썸플레이스_케이크_리얼생크림 케이크 2호,250,22.79,3.13,15.87,1.14,1054,18.6
11049,뚜레쥬르_케이크_리얼치즈브라우니,385,35.09,6.15,24.44,1.76,65,27.69
11050,파스쿠찌_케이크_리치 가나슈 With 젤라또 (조각),345,31.44,4.87,21.9,1.57,185,17.51
11051,스타벅스_케이크_리치 가나슈 케이크,333,30.35,6.06,21.14,1.52,165,24.24
11052,투썸플레이스_케이크_마스카포네 생크림 믹스드베리 케이크,233,21.24,2.53,14.79,1.06,789,24.46
11053,파리바게뜨_케이크_마스카포네 티라미수,270,23.0,4.0,22.0,1.23,530,14.0
11054,스타벅스_케이크_마스카포네 티라미수 케이크,280,25.52,4.71,17.78,1.28,170,16.47
11055,요거프레소_케이크_마스카포네 티라미수 케이크,315,28.71,5.38,20.0,1.44,130,2.31
11056,이디야_케이크_마스카포네 티라미수 케이크,224,20.42,4.95,14.22,1.02,101,21.78
11057,투썸플레이스_케이크_마스카포네생크림 케이크 자몽/오렌지,231,21.05,1.94,14.67,1.05,774,6.85
11058,뚜레쥬르_케이크_마스카포네티라미수,302,27.52,4.14,19.17,1.38,532,20.68
11059,커피:니_케이크_마스카포네티라미수,301,27.43,6.67,19.11,1.37,120,17.5
11060,투썸플레이스_케이크_마스카포네티라미수 케이크,286,26.07,5.51,18.16,1.31,708,15.25
11061,파리바게뜨_케이크_마이넘버원,280,24.0,4.0,19.0,1.28,700,12.0
11062,투썸플레이스_케이크_마이투썸하트 케이크,299,27.25,4.82,18.98,1.36,872,22.48
11063,롤링핀_케이크_마카롱 케이크,336,30.62,5.1,21.33,1.53,650,26.7
11064,디저트39_케이크_레드벨벳 케이크 (홀),394,35.91,5.0,25.02,1.8,100,28.0
11065,파스쿠찌_케이크_레드벨벳 케이크 (홀),379,34.54,3.91,24.06,1.73,792,23.99
11066,스타벅스_케이크_레드벨벳 크림치즈 케이크,408,37.19,3.2,25.9,1.86,125,28.8
11067,롤링핀_케이크_레드벨벳크림치즈 케이크 (조각),437,39.83,4.3,27.75,1.99,169,24.6
11068,이디야_케이크_레몬 마스카포네 케이크,225,20.51,4.17,14.29,1.03,96,20.83
11069,공차_케이크_레몬 슈가 파운드 케이크,431,54.4,5.6,21.6,1.97,125,35.2
11070,블루샥_케이크_레몬 케이크,504,45.94,5.78,32.0,2.3,45,34.44
11071,커피베이_케이크_레몬 케이크,356,32.45,5.79,22.6,1.62,190,24.21
11072,토프레소_케이크_레몬 파운드 케이크,404,36.82,4.0,25.65,1.84,125,21.6
11073,롤링핀_케이크_레몬치즈 케이크 (조각),375,34.18,6.88,23.81,1.71,160,18.13
11074,뚜레쥬르_케이크_레몬케이크,360,32.81,4.0,22.86,1.64,50,32.0
11075,뚜레쥬르_케이크_레몬티케이크,417,38.01,3.33,26.48,1.9,30,56.67
11076,파스쿠찌_케이크_레이어 초코 케이크,364,33.18,4.35,23.11,1.66,92,15.22
11077,롤링핀_케이크_레인보우 케이크 (조각),316,28.8,4.6,20.06,1.44,180,20.5
11078,케이크_롤케이크,312,44.01,7.36,11.83,1.4,100,24.64
11079,파스쿠찌_케이크_리모네 케이크 (조각),303,27.62,3.36,19.24,1.38,119,17.65
11080,파스쿠찌_케이크_리모네 케이크 (홀),290,26.43,3.0,18.41,1.32,668,19.48
11081,파스쿠찌_케이크_리얼 다크 타르트 (조각),429,39.1,5.83,27.24,1.96,120,23.33
11082,투썸플레이스_케이크_떠먹는블루베리요거트생크림 케이크,265,24.15,3.24,16.83,1.21,185,17.84
11083,투썸플레이스_케이크_떠먹는스트로베리초콜릿생크림 케이크,289,26.34,3.76,18.35,1.32,213,17.37
11084,투썸플레이스_케이크_떠먹는아이스박스 케이크,339,30.9,3.68,21.52,1.55,190,16.84
11085,투썸플레이스_케이크_떠먹는티라미수 케이크,299,27.25,4.86,18.98,1.36,144,15.28
11086,롤링핀_케이크_떠먹는티라미수 케이크,319,29.07,6.6,20.25,1.46,180,22.0
11087,뚜레쥬르_케이크_뚜레쥬르올스타케이크,274,24.97,4.56,17.4,1.25,636,19.81
11088,카페베네_케이크_라운드 쇼콜라 케이크,340,30.99,5.59,21.59,1.55,161,21.74
11089,스타벅스_케이크_라즈베리 쇼콜라 케이크,428,39.01,4.8,27.17,1.95,125,32.8
11090,뚜레쥬르_케이크_러블리블랙포레스트케이크,323,29.44,4.31,20.51,1.47,441,25.4
11091,뚜레쥬르_케이크_러블리생크림케이크,273,24.88,3.2,17.33,1.25,406,19.95
11092,카페띠아모_케이크_레드벨벳 요거트 롤케이크,323,29.44,5.78,20.51,1.47,100,23.52
11093,커피베이_케이크_레드벨벳 케이크,422,38.46,6.21,26.79,1.93,87,29.2
11094,투썸플레이스_케이크_레드벨벳 케이크,274,24.97,2.64,17.4,1.25,834,20.98
11095,롤링핀_케이크_레드벨벳 케이크,418,38.1,4.1,26.54,1.91,700,23.3
11096,커피에반하다_케이크_레드벨벳 케이크,303,27.62,5.0,19.24,1.38,120,30.83
11097,달콤_케이크_레드벨벳 케이크,305,27.8,4.76,19.37,1.39,105,30.48
11098,파스쿠찌_케이크_레드벨벳 케이크 (조각),379,34.54,4.26,24.06,1.73,141,24.11
11099,투썸플레이스_케이크_레드벨벳 케이크 (조각),278,25.34,2.61,17.65,1.27,153,21.57
11100,투썸플레이스_케이크_딸기요거생크림 케이크,237,21.6,2.9,15.05,1.08,655,20.31
11101,투썸플레이스_케이크_딸기요거생크림 케이크 (조각),237,21.6,2.63,15.05,1.08,114,21.93
11102,파리바게뜨_케이크_딸기우유생크림 케이크 (조각),275,25.06,3.33,17.46,1.26,120,15.0
11103,롤링핀_케이크_딸기크레이프 케이크,239,21.78,4.8,15.17,1.09,700,14.3
11104,망원동티라미수_케이크_딸기티라미수 케이크,265,24.15,1.77,16.83,1.21,113,22.57
11105,엔제리너스_케이크_딸기포레누아 케이크,311,33.13,4.38,19.75,1.42,160,18.75
11106,더리터_케이크_떠먹는 마스카포네 티라미수 케이크,301,27.41,4.44,19.11,1.37,135,20.74
11107,더리터_케이크_떠먹는 스트로베리 초코크런치 케이크,305,35.56,4.44,19.37,1.39,135,20.0
11108,메가커피_케이크_떠먹는 유자 티라미수 케이크,274,24.97,3.5,17.4,1.25,100,12.3
11109,던킨_케이크_떠먹는 제로 티라미수,288,26.25,5.04,18.29,1.31,139,0.0
11110,메가커피_케이크_떠먹는 커피쿠키 케이크,340,30.99,3.96,21.59,1.55,101,10.89
11111,메가커피_케이크_떠먹는 쿠키앤크림 케이크,271,24.7,2.97,17.21,1.24,101,14.85
11112,이디야_케이크_떠먹는 티라미수,263,23.97,2.67,16.7,1.2,150,21.33
11113,토프레소_케이크_떠먹는 티라미수 케이크,262,23.88,3.23,16.63,1.2,155,16.77
11114,이디야_케이크_떠먹는 티라미수 케이크,263,23.97,2.67,16.7,1.2,150,21.33
11115,메가커피_케이크_떠먹는 티라미수 케이크,314,28.62,4.26,19.94,1.43,101,8.91
11116,투썸플레이스_케이크_떠먹는고구마밀크생크림 케이크,250,22.79,4.4,15.87,1.14,182,26.37
11117,투썸플레이스_케이크_떠먹는딸기레어치즈 케이크,279,25.43,4.29,17.71,1.27,163,20.86
11118,요거프레소_케이크_딸기 포레누아 사각 케이크,275,25.06,3.57,17.46,1.26,140,25.0
11119,파리바게뜨_케이크_딸기&치즈 케이크 (조각),275,25.0,4.0,18.0,1.26,100,13.0
11120,할리스_케이크_딸기는 파티 중,217,19.78,4.14,13.78,0.99,100,19.31
11121,마리웨일237_케이크_딸기모찌 롤케이크,309,28.16,1.82,19.62,1.41,110,6.36
11122,뚜레쥬르_케이크_딸기몽마르뜨케이크1호,273,24.88,4.28,17.33,1.25,561,17.3
11123,투썸플레이스_케이크_딸기생크림 케이크 (조각),261,23.79,3.42,16.57,1.19,117,23.08
11124,투썸플레이스_케이크_딸기생크림 케이크 1호,245,22.33,2.95,15.56,1.12,713,18.51
11125,투썸플레이스_케이크_딸기생크림 케이크 2호,240,21.87,2.73,15.24,1.1,989,19.31
11126,롤링핀_케이크_딸기생크림카스테라,342,31.17,6.0,21.71,1.56,220,21.0
11127,마리웨일237_케이크_딸기소보로컵 케이크,337,30.71,2.41,21.4,1.54,141,30.92
11128,따삐오_케이크_딸기쉬폰 케이크,348,31.72,5.0,22.1,1.59,530,21.0
11129,뚜레쥬르_케이크_딸기와우유 생크림 1호,283,25.79,4.61,17.97,1.29,499,19.24
11130,뚜레쥬르_케이크_딸기와우유 생크림 2호,278,25.34,4.46,17.65,1.27,718,18.66
11131,뚜레쥬르_케이크_딸기와우유 생크림 3호,278,25.34,4.32,17.65,1.27,972,18.72
11132,뚜레쥬르_케이크_딸기와우유생크림1호,287,26.16,4.61,18.22,1.31,499,19.24
11133,뚜레쥬르_케이크_딸기와우유생크림2호,280,25.52,4.46,17.78,1.28,718,18.66
11134,뚜레쥬르_케이크_딸기와우유생크림3호,286,26.07,4.43,18.16,1.31,972,18.72
11135,7번가피자_피자_체다골드포테이토 피자 씬도우 (L),270,27.55,11.21,11.48,2.67,859,4.67
11136,이디야_케이크_더블치즈 케이크,311,28.35,7.78,19.75,1.42,90,20.0
11137,따삐오_케이크_더블퍼지 케이크,445,40.56,4.76,28.25,2.03,42,35.71
11138,파리바게뜨_케이크_더스퀘어 고구마 케이크,210,19.14,4.0,13.33,0.96,150,9.33
11139,파리바게뜨_케이크_더스퀘어 딸기요거트 케이크,206,18.78,2.5,13.08,0.94,160,17.5
11140,파리바게뜨_케이크_더스퀘어 딸기우유생크림 케이크,183,16.68,2.0,11.62,0.84,150,11.33
11141,파리바게뜨_케이크_더스퀘어 딸기초코생크림 케이크,271,24.7,2.86,17.21,1.24,140,12.86
11142,파리바게뜨_케이크_더스퀘어 라떼아트 케이크,363,33.08,4.17,23.05,1.66,120,14.17
11143,파리바게뜨_케이크_더스퀘어 순수(秀)우유 케이크,300,27.34,4.55,19.05,1.37,110,13.64
11144,이디야_케이크_데블스 초코 케이크,426,38.83,5.0,27.05,1.94,100,27.0
11145,커피에반하다_케이크_돌체티라미수 케이크,274,24.97,4.62,17.4,1.25,130,22.31
11146,파스쿠찌_케이크_듀얼 치즈 케이크,330,30.08,7.06,20.95,1.51,652,13.96
11147,파리바게뜨_케이크_듬뿍생딸기생크림 케이크 (12CM),265,24.0,3.0,18.0,1.21,470,21.0
11148,파리바게뜨_케이크_듬뿍생딸기생크림 케이크 (15CM),265,25.0,3.0,17.0,1.21,610,22.0
11149,파리바게뜨_케이크_딸기 블라썸 케이크,280,19.0,3.0,18.0,1.28,380,11.0
11150,파리바게뜨_케이크_딸기 생크림 케이크,306,27.89,3.75,19.43,1.4,80,15.0
11151,할리스_케이크_딸기 치즈케이크 쏘스윗박스,269,24.52,4.72,17.08,1.23,127,21.26
11152,할리스_케이크_딸기 쿠키앤크림 크레이프,296,26.98,4.3,18.79,1.35,100,12.27
11153,커피에반하다_케이크_딸기 크레이프 케이크,223,20.32,2.86,14.16,1.02,105,9.52
11154,드롭탑_케이크_다크초콜릿 케이크,375,34.18,3.75,15.0,1.71,80,22.5
11155,드롭탑_케이크_다크포레누아 케이크,322,29.35,5.22,7.57,1.47,115,18.09
11156,투썸플레이스_케이크_다크피칸브라우니,470,42.84,6.0,29.84,2.15,50,38.0
11157,파리바게뜨_케이크_달콤 부드러운 호박고구마 케이크,250,22.79,3.0,15.87,1.14,960,12.0
11158,커피베이_케이크_달토끼의 당근 케이크,324,29.53,4.3,20.57,1.48,100,25.0
11159,디저트39_케이크_당 충전100 쇼콜라 케이크,704,64.16,10.0,44.7,3.21,100,40.0
11160,카페베네_케이크_당근 치즈 케이크,317,28.89,4.64,20.13,1.45,151,23.84
11161,토프레소_케이크_당근 치즈 케이크,372,33.9,4.62,23.62,1.7,130,32.31
11162,롤링핀_케이크_당근 케이크 (조각),324,29.53,4.2,20.57,1.48,145,25.0
11163,디저트39_케이크_당근 케이크 (조각),588,53.59,6.0,37.33,2.68,100,30.0
11164,디저트39_케이크_당근 케이크 (홀),453,41.29,5.0,28.76,2.07,100,23.0
11165,달콤_케이크_당근 크림치즈 케이크,360,32.81,4.0,22.86,1.64,160,44.0
11166,스타벅스_케이크_당근 현무암 케이크,290,26.43,3.81,18.41,1.32,105,30.48
11167,커피:니_케이크_당근당근 케이크,315,28.71,7.0,20.0,1.44,150,35.0
11168,더벤티_케이크_당근치즈브라우니,370,33.72,5.56,23.49,1.69,90,21.11
11169,파스쿠찌_케이크_더 진한 캐롯 케이크 (조각),338,30.81,4.62,21.46,1.54,130,13.85
11170,파스쿠찌_케이크_더 진한 캐롯 케이크 (홀),370,33.72,3.97,23.49,1.69,730,15.07
11171,할리스_케이크_더블베리숲 치즈 케이크,378,34.45,6.96,24.0,1.73,921,23.48
11172,뚜레쥬르_케이크_까망쿠키속리얼말차브라우니,438,39.92,5.48,27.81,2.0,73,34.25
11173,뚜레쥬르_케이크_까망쿠키치즈(조각),307,27.98,4.92,19.49,1.4,122,21.31
11174,파리바게뜨_케이크_꿀고구마 생크림 케이크,235,26.0,3.0,14.0,1.07,750,7.0
11175,공차_케이크_너트 브라우니,449,48.24,5.88,25.88,2.05,85,41.18
11176,메가커피_케이크_노티드 메가 스마일 우유 케이크,308,34.32,5.0,16.82,1.41,440,25.0
11177,마리웨일237_케이크_녹차바스크치즈 케이크,363,33.08,5.26,23.05,1.66,38,21.05
11178,망원동티라미수_케이크_녹차티라미수 케이크,289,26.34,3.96,18.35,1.32,101,5.94
11179,할리스_케이크_뉴욕 치즈 케이크,347,31.63,4.72,22.03,1.58,106,19.81
11180,크리스피크림도넛_케이크_뉴욕 치즈케이크,369,33.63,5.56,23.43,1.68,90,20.0
11181,롤링핀_케이크_뉴욕슈치즈 케이크 (조각),374,34.09,7.1,23.75,1.71,173,17.9
11182,커피에반하다_케이크_뉴욕치즈 케이크,257,23.42,4.62,16.32,1.17,130,20.77
11183,롤링핀_케이크_뉴욕치즈 케이크,340,30.99,5.4,21.59,1.55,720,15.7
11184,투썸플레이스_케이크_뉴욕치즈 케이크,317,28.89,4.76,20.13,1.45,841,18.79
11185,따삐오_케이크_뉴욕치즈 케이크 (조각),353,32.17,8.0,22.41,1.61,75,18.67
11186,투썸플레이스_케이크_뉴욕치즈 케이크 케이크 (조각),304,27.71,4.9,19.3,1.39,102,20.59
11187,커피베이_케이크_다크쇼콜라 케이크,413,37.64,9.13,26.22,1.89,230,26.09
11188,토프레소_케이크_다크초코 케이크,375,34.18,3.75,23.81,1.71,80,22.5
11189,커피에반하다_케이크_다크초콜릿 롤 케이크,242,22.06,4.55,15.37,1.1,110,24.55
11190,토프레소_케이크_고구마무스 케이크,244,22.24,3.33,15.49,1.11,90,12.22
11191,투썸플레이스_케이크_고구마밀크생크림 케이크,243,22.15,4.45,15.43,1.11,1056,27.94
11192,파리바게뜨_케이크_고구마반생크림반 케이크,220,25.0,3.0,12.0,1.0,750,10.0
11193,커피마마_케이크_고구마스틱 케이크,236,21.51,4.44,14.98,1.08,45,15.56
11194,뚜레쥬르_케이크_고구마케이크1호,270,24.61,3.87,17.14,1.23,465,16.56
11195,뚜레쥬르_케이크_고구마케이크2호,272,24.79,3.76,17.27,1.24,692,16.33
11196,뚜레쥬르_케이크_고구마케이크3호,269,24.52,3.69,17.08,1.23,950,19.8
11197,파리바게뜨_케이크_곰곰이너만생각해 케이크,295,26.89,4.0,18.73,1.35,630,16.0
11198,엔제리너스_케이크_귀여운 노랑치즈 케이크,398,27.5,6.0,25.27,1.82,200,24.5
11199,투썸플레이스_케이크_그뤼에르치즈무스 케이크,352,32.08,4.69,22.35,1.61,703,16.22
11200,카페띠아모_케이크_그린티 롤케이크,325,29.62,6.67,20.63,1.48,100,20.44
11201,요거프레소_케이크_그린티 롤케이크,306,27.89,5.71,19.43,1.4,70,21.43
11202,크리스피크림도넛_케이크_글레이즈드 초콜릿 케이크,410,37.37,3.75,26.03,1.87,80,33.75
11203,파리바게뜨_케이크_기분이 초코 생크림,328,27.78,4.44,23.33,1.5,90,13.33
11204,디저트39_케이크_까망베르 밀크치즈 케이크 (홀),318,28.98,5.0,20.19,1.45,100,24.0
11205,따삐오_케이크_까망베르 케이크 (조각),321,29.26,5.33,20.38,1.47,75,24.0
11206,커피빈_케이크_까망베르치즈 케이크 1호,267,24.33,5.83,16.95,1.22,600,25.17
11207,커피빈_케이크_까망베르치즈 케이크 2호,267,24.33,5.9,16.95,1.22,1000,25.1
11208,파스쿠찌_케이크_11겹 작은 바움쿠헨,357,32.54,5.71,22.67,1.63,35,25.71
11209,파스쿠찌_케이크_11겹 작은 바움쿠헨 케이크,357,32.54,5.71,22.67,1.63,35,25.71
11210,파스쿠찌_케이크_ITS 스윗콘 케이크,255,23.24,5.04,16.19,1.16,258,17.05
11211,파스쿠찌_케이크_ITS 티라미수 케이크,295,26.89,4.17,18.73,1.35,240,12.08
11212,투썸플레이스_케이크_TWG밀크티파운드 케이크,370,33.72,4.35,23.49,1.69,69,24.64
11213,스타벅스_케이크_The 촉촉 초콜릿 생크 림케이크,386,35.18,5.83,24.51,1.76,120,21.67
11214,파리바게뜨_케이크_가나슈초콜릿 케이크 (조각),350,41.11,4.44,26.67,1.6,90,11.11
11215,커피베이_케이크_갸또쇼콜라 케이크,349,31.81,4.64,22.16,1.59,110,24.36
11216,뚜레쥬르_케이크_겹겹이크레이프딸기,264,24.06,3.69,16.76,1.2,867,4.5
11217,따삐오_케이크_고구마 케이크 (조각),267,24.33,3.33,16.95,1.22,90,22.22
11218,따삐오_케이크_고구마 케이크 1호,280,25.52,3.0,17.78,1.28,350,24.0
11219,따삐오_케이크_고구마 케이크 3호,263,23.97,3.0,16.7,1.2,900,21.0
11220,파리바게뜨_케이크_고구마건포도롤 케이크,335,30.53,8.0,21.27,1.53,265,14.0
11221,뚜레쥬르_케이크_고구마마스카포네티라미수,279,25.43,3.83,17.71,1.27,626,17.73
11222,7번가피자_피자_체다골드포테이토 피자 씬도우 (R),252,25.71,11.05,10.72,2.49,722,4.42
11223,7번가피자_피자_체다골드포테이토 피자 씬바샤삭 (L),270,27.55,11.21,11.48,2.67,859,4.67
11224,7번가피자_피자_체다골드포테이토 피자 씬바샤삭 (R),252,25.71,11.05,10.72,2.49,722,4.42
11225,7번가피자_피자_체다골드포테이토 피자 치즈링 (L),243,24.8,11.27,10.34,2.4,1136,2.11
11226,7번가피자_피자_체다골드포테이토 피자 치즈링 (R),242,24.69,11.54,10.29,2.39,830,1.92
11227,얼갈이 된장국,10,1.49,0.8,0.26,0.9,100,0.37
11228,얼갈이배추김치,63,10.94,1.59,1.45,1.7,80,0.38
11229,얼갈이겉절이,25,4.09,1.14,0.71,2.1,100,1.99
11230,난타5000피자_피자_체다바비큐필레 피자 (L),278,35.47,11.54,9.99,2.75,672,6.05
11231,업텐브로피자_피자_체다베이컨고구마 피자 (L),319,32.55,20.0,13.57,3.15,1243,5.0
11232,칼국수_소고기,59,8.09,2.0,1.93,0.7,100,0.37
11233,칼국수_해물,78,14.74,3.1,0.39,0.5,100,0.22
11234,스타벅스_캔디_씨프렌즈 캔디,392,40.0,0.0,16.68,3.87,50,68.0
11235,스타벅스_캔디_아몬드 토피넛 캔디,527,53.78,1.67,22.42,5.2,60,55.0
11236,캘리포니아롤,163,29.74,4.11,3.02,2.5,300,2.97
11237,칼국수,97,20.03,2.7,0.29,0.9,100,0.22
11238,CJ 쿡킷_칼국수_간편조리세트_닭한마리와 칼국수,94,10.53,7.95,2.28,0.9,2292,1.83
11239,GS 리테일 심플리쿡_칼국수_간편조리세트_세숫대야 바지락칼국수,74,9.72,2.28,2.87,0.1,2159,0.85
11240,신세계푸드 피코크_칼국수_간편조리세트_원주식장칼국수,78,15.27,2.71,0.66,0.6,1367,1.9
11241,프레시지_칼국수_간편조리세트_장칼국수,80,15.06,2.51,1.12,1.4,1330,1.89
11242,칼국수_닭고기,53,7.69,4.1,0.48,0.6,100,0.17
11243,칼국수_들깨,76,9.97,2.93,2.75,1.4,600,0.23
11244,칼국수_바지락,47,8.27,2.1,0.53,0.8,100,0.32
11245,롤링핀_카스텔라_촉촉한 쌀카스테라 녹차,294,37.78,6.67,13.69,2.9,150,43.33
11246,롤링핀_카스텔라_촉촉한 쌀카스테라 플레인,309,39.71,6.67,14.38,3.05,150,42.0
11247,파리바게뜨_카스텔라_카스테라구마,314,40.35,4.76,14.62,3.1,105,12.38
11248,따삐오_카스텔라_카스텔라우유스틱 브레드,284,36.5,7.0,13.22,2.8,480,19.0
11249,스타벅스_카스텔라_큐브 라이스 카스텔라,323,41.51,7.5,15.04,3.19,40,40.0
11250,커피베이_카스텔라_크림가득 카스테라,314,40.35,5.6,14.62,3.1,150,16.0
11251,바나프레소_카스텔라_클래식 카스테라,309,39.71,11.77,11.77,3.05,68,25.0
11252,이디야_카스텔라_펄 슈가 카스테라,303,38.94,7.5,14.11,2.99,80,33.75
11253,파스쿠찌_카스텔라_폭신한 생크림 카스텔라,352,45.24,5.46,16.39,3.48,110,20.0
11254,커피에반하다_카스텔라_폭탄 카스테라,352,45.24,33.33,16.39,3.48,120,33.33
11255,요거프레소_카스텔라_플레인 카스테라,368,47.29,4.23,17.13,3.63,142,30.28
11256,따삐오_카스텔라_후레쉬카스텔라,337,43.31,6.0,15.69,3.33,220,27.0
11257,카레소스,66,9.9,2.78,2.07,1.4,100,2.66
11258,굽네치킨_카레소스_치킨마크니 찍먹커리,172,28.01,3.65,5.73,3.19,100,10.24
11259,카스텔라,335,47.99,10.03,11.47,1.3,70,33.77
11260,더리터_카스텔라_난리난 카스텔라,312,41.67,6.67,14.52,3.08,120,23.33
11261,이디야_카스텔라_민트초코 생크림 카스텔라,326,41.89,7.2,15.18,3.22,125,24.8
11262,파스쿠찌_카스텔라_베리베리 카스텔라,341,43.82,6.0,15.87,3.37,100,6.0
11263,스타벅스_카스텔라_부드러운 생크림 카스텔라,332,42.67,5.88,15.46,3.28,170,21.18
11264,할리스_카스텔라_생크림 가득 카스텔라,174,22.36,2.76,8.1,1.72,181,13.26
11265,카페게이트_카스텔라_생크림 카스테라,352,45.24,6.67,16.39,3.48,120,33.33
11266,토프레소_카스텔라_생크림 카스테라,386,49.61,10.83,17.97,3.81,120,35.83
11267,메가커피_카스텔라_생크림 카스테라,352,45.24,6.61,16.39,3.48,121,33.88
11268,던킨도너츠_카스텔라_생크림 카스텔라,349,35.71,5.36,20.54,3.45,112,21.43
11269,스타벅스_카스텔라_우리 흑米 카스텔라,315,40.48,8.0,14.66,3.11,200,20.5
11270,스타벅스_카스텔라_우리米 카스텔라,305,39.2,7.0,14.2,3.01,200,25.0
11271,파리바게뜨_카스텔라_우유생크림 카스테라,329,37.14,5.71,18.1,3.25,105,21.9
11272,커피에반하다_카스텔라_우유크림 카스테라,352,45.24,33.33,16.39,3.48,120,8.33
11273,더벤티_카스텔라_우유크림카스테라,333,42.79,5.71,15.5,3.29,105,23.81
11274,치킨데리야끼,87,8.74,11.2,0.7,1.5,100,3.7
11275,칠면조구이,207,0.96,30.6,7.98,0.3,100,0.11
11276,카레라이스,108,20.74,3.11,1.4,0.5,480,0.16
11277,카레라이스_돼지고기,100,18.4,2.64,1.59,0.7,100,0.94
11278,카레라이스_돼지고기_모듬채소,99,18.44,2.7,1.52,0.7,100,1.11
11279,카레라이스_두부,104,16.18,3.7,2.43,1.0,100,0.65
11280,카레라이스_소고기,113,19.28,2.7,2.48,0.8,100,0.88
11281,카레라이스_오징어,117,20.69,4.3,1.83,0.5,100,1.33
11282,카레라이스_채소,95,18.96,2.09,1.18,1.2,100,1.82
11283,롯데리아_치즈스틱_롱치즈스틱,322,17.13,16.67,17.7,1.29,49,0.0
11284,비비큐_치즈스틱_롱치즈스틱 (1개),302,16.07,12.86,16.61,1.21,100,0.79
11285,파리바게뜨_치즈스틱_모짜렐라치즈스틱(1개입),379,20.16,9.09,20.84,1.51,33,9.09
11286,치킨플러스_치즈스틱_순수치즈스틱,220,11.7,11.95,12.1,0.88,100,1.44
11287,고피자_치즈스틱_치즈 스틱 (2개),318,16.92,13.64,17.48,1.27,44,2.27
11288,고피자_치즈스틱_치즈 스틱 (4개),319,16.97,12.5,17.54,1.27,88,3.41
11289,롯데리아_치즈스틱_치즈스틱,322,17.13,15.67,17.7,1.29,49,1.84
11290,봉수아피자_치즈스틱_치즈스틱,279,14.84,11.0,15.34,1.11,180,3.0
11291,지정환피자_치즈스틱_치즈스틱 (6조각),310,16.49,16.81,17.05,1.24,125,3.43
11292,치커리 겉절이,22,3.5,0.7,0.73,1.0,100,1.88
11293,치커리겉절이,22,3.51,0.72,0.73,1.0,100,1.88
11294,치커리무침,16,2.35,0.8,0.48,0.8,100,0.69
11295,치킨가스,296,22.01,13.96,16.96,1.9,200,2.08
11296,피자마루_피자_체다소세지 피자 (L),250,25.51,13.66,10.63,2.47,680,4.92
11297,골뱅이무침_채소_소면,87,15.19,5.01,0.71,1.2,100,4.01
11298,곰치국,42,2.39,5.43,1.18,1.9,1000,0.28
11299,곰탕,32,2.11,1.9,1.65,0.2,100,0.19
11300,곰탕_우거지,25,2.6,2.37,0.6,1.1,350,0.33
11301,곱창구이_소고기,184,4.71,14.89,11.73,2.1,150,1.11
11302,곱창볶음_돼지고기,182,13.81,9.7,10.37,2.4,100,6.59
11303,곱창볶음_돼지껍데기,235,16.33,17.2,11.13,2.0,150,3.67
11304,곱창전골,47,2.66,3.57,2.61,1.0,100,0.77
11305,프레시지_곱창전골_간편조리세트_대한곱창 곱창전골,140,8.65,5.79,9.11,3.8,1295,1.08
11306,HY 잇츠온_곱창전골_간편조리세트_소곱창순대전골,75,8.36,3.95,2.82,1.8,1316,1.98
11307,곱창전골_소고기,88,4.87,6.93,4.55,2.2,600,0.38
11308,곤드레밥,124,26.8,2.2,0.94,4.4,100,0.15
11309,곤드레밥_양념장,87,17.09,2.09,0.97,1.3,100,0.18
11310,곤약무침_마요네즈,83,3.62,0.7,7.7,1.4,100,1.12
11311,곤약조림,43,7.17,1.1,1.99,3.0,100,2.05
11312,골뱅이무침,109,15.69,7.08,1.97,3.7,100,10.46
11313,골뱅이무침_소면,109,18.91,5.01,1.47,1.7,230,3.57
11314,골뱅이무침_채소,69,10.29,5.98,0.84,1.7,100,6.24
11315,고추조림,40,6.89,1.9,0.8,2.0,100,1.12
11316,고추조림_멸치,34,5.01,3.1,0.35,1.3,100,1.03
11317,고추튀김,202,14.6,7.6,12.6,2.2,100,2.3
11318,고춧가루 양념장,140,14.39,5.9,7.19,4.9,100,1.95
11319,고춧잎나물,101,12.51,6.9,4.21,4.1,100,0.45
11320,고춧잎나물무침,88,7.14,4.41,4.69,5.4,90,1.51
11321,곤드레나물밥,149,28.26,2.94,2.71,2.9,350,0.0
11322,고사리나물,43,2.08,1.6,3.48,1.6,100,0.13
11323,고사리나물무침,90,6.28,3.78,5.52,5.6,50,0.5
11324,고추잡채,67,4.21,4.18,3.91,1.4,100,1.49
11325,HY 잇츠온_고추잡채_간편조리세트_고추잡채 꽃빵키트,168,22.5,6.76,5.62,1.7,556,4.77
11326,고추장볶음,396,34.64,9.5,25.57,3.6,100,14.29
11327,고추장아찌,124,31.49,2.39,0.63,4.8,100,11.38
11328,고추장아찌 무침,62,13.91,1.5,0.9,3.1,100,4.8
11329,고추장찌개_두부,49,6.96,3.19,1.27,1.8,100,1.55
11330,고추전,183,11.34,8.61,11.48,5.0,150,1.45
11331,고등어조림_무,94,5.02,8.4,4.27,1.1,100,2.02
11332,고등어조림_배추김치,75,4.32,6.5,3.45,1.9,100,1.81
11333,고등어찌개,38,2.02,3.5,1.69,0.5,100,0.9
11334,고등어찜,92,3.21,8.6,4.88,1.4,100,1.02
11335,고등어튀김,126,2.29,6.2,9.68,0.1,100,0.08
11336,고디국(다슬기맑은국),17,1.57,1.4,0.71,0.9,100,0.23
11337,고등어구이,202,6.25,13.37,13.22,0.1,100,0.0
11338,고등어구이_기름,144,2.69,9.5,9.99,0.0,100,0.0
11339,고등어구이_석쇠,340,3.79,23.38,25.69,2.4,200,0.0
11340,고등어구이_카레,194,6.35,13.9,11.75,0.2,100,0.24
11341,고등어조림,114,6.06,10.2,4.99,0.8,100,2.14
11342,고등어조림_모듬채소,60,3.42,5.1,2.81,0.9,100,1.04
11343,고구마줄기나물_고춧가루,27,4.3,1.2,0.69,2.3,100,0.55
11344,고구마줄기나물_들깨,39,3.93,1.5,2.09,2.4,100,0.21
11345,고구마튀김,193,29.37,2.7,6.86,1.9,100,5.91
11346,고기만두,96,13.59,5.4,1.81,1.2,100,0.04
11347,고들빼기김치,68,12.58,2.84,0.66,3.9,100,4.12
11348,고구마맛탕,141,25.54,0.75,4.0,1.5,100,7.84
11349,고구마밥,139,30.44,2.3,0.35,1.0,100,1.6
11350,고구마전,227,35.99,2.92,7.98,3.6,140,14.26
11351,고구마조림,167,38.6,2.5,0.59,3.8,100,11.06
11352,고구마줄기나물,60,3.41,0.8,4.76,1.8,100,0.09
11353,경단_깨,240,38.58,6.28,6.72,4.6,100,0.61
11354,경단_찹쌀_카스텔라,237,51.1,4.1,1.8,4.01,100,13.41
11355,경단_콩,314,74.03,3.51,0.46,2.4,100,20.55
11356,계란 덮밥,169,27.22,5.0,3.69,0.8,100,0.81
11357,계란덮밥,143,25.14,4.31,2.82,0.8,100,0.81
11358,계란빵,158,27.72,5.9,1.81,0.9,100,1.37
11359,롤링핀_계란빵_쌀계란빵,313,53.88,2.0,3.94,1.78,100,18.0
11360,이디야_계란빵_콘치즈 계란빵,240,41.32,10.0,3.02,1.37,80,13.75
11361,뚜레쥬르_계란빵_트윈에그 브레드,238,40.97,10.48,3.0,1.36,105,6.67
11362,고구마_밤고구마_삶은것,132,30.17,2.45,0.12,3.7,100,18.43
11363,고구마_찐고구마,139,32.47,1.67,0.24,2.9,200,16.32
11364,고구마깻잎튀김,169,29.95,2.6,4.0,2.0,100,4.94
11365,겉절이_배추,55,6.58,2.28,2.14,3.5,50,1.3
11366,겉절이_상추,61,5.26,2.36,3.41,3.4,100,2.98
11367,겉절이_열무,58,5.38,2.4,2.94,3.0,100,2.26
11368,겉절이_치커리,56,4.4,1.49,3.65,1.9,100,3.71
11369,게국지,38,2.88,4.08,1.1,2.2,1100,0.98
11370,게맛살튀김,213,26.31,6.1,8.61,0.5,100,1.57
11371,게살죽,71,13.42,2.24,0.89,0.7,800,0.02
11372,게장_간장,88,4.47,12.25,2.31,0.0,100,2.93
11373,게장_양념,111,8.07,12.24,3.3,1.8,100,4.93
11374,게조림,21,0.31,4.2,0.18,0.0,100,0.1
11375,겨자채,128,4.27,7.3,8.76,1.2,100,2.65
11376,건새우 미역국,27,0.92,3.8,1.04,0.6,100,0.0
11377,건새우볶음,109,5.45,9.9,5.12,0.5,100,1.52
11378,건새우볶음_건새우,120,4.96,15.53,3.87,0.2,100,1.35
11379,건새우볶음_건새우_꽈리고추,71,5.65,7.11,2.3,0.8,100,1.46
11380,건새우볶음_풋고추,163,12.71,10.7,7.62,0.7,100,5.18
11381,뚜레쥬르_건포도빵_건포도빵 (대),311,31.74,7.53,13.23,3.07,465,9.25
11382,뚜레쥬르_건포도빵_건포도빵 (소),310,31.63,7.76,13.19,3.06,232,9.48
11383,따삐오_건포도빵_우리쌀건포도브레드,265,27.04,6.0,11.27,2.62,150,9.33
11384,검정콩밥,136,27.6,3.3,0.79,1.2,100,0.35
11385,검정콩밥_보리,143,29.94,3.2,0.66,1.2,100,0.29
11386,롯데리아_감자튀김_포테이트(R),309,42.84,3.67,13.05,7.59,89,0.0
11387,고피자_감자튀김_프렌치 프라이,275,38.13,3.75,11.61,6.75,80,0.0
11388,봉수아피자_감자튀김_해쉬라운즈,205,28.42,2.0,8.66,5.04,225,0.0
11389,갑오징어무침,50,5.89,5.31,0.74,0.8,100,3.06
11390,갓김치,37,7.07,3.26,0.4,3.0,100,2.46
11391,강낭콩밥,111,24.21,2.2,0.15,0.8,100,0.01
11392,개고기 수육,226,3.1,15.8,17.15,1.4,100,0.1
11393,개고기무침,121,3.76,7.63,8.82,2.3,100,0.9
11394,개고기전골,74,2.35,5.56,5.03,1.4,100,0.53
11395,개피떡(바람떡),206,44.3,5.32,0.81,2.03,100,7.62
11396,건갈치조림,96,3.68,11.2,3.68,0.3,100,1.9
11397,건꼴뚜기조림_풋고추,288,10.14,29.4,13.55,0.9,100,1.55
11398,감자튀김,103,14.28,1.9,4.35,2.6,100,0.0
11399,비비큐_감자튀김_BBQ 감자튀김,254,35.21,3.21,10.73,6.24,100,0.0
11400,프레시지_감자튀김_간편조리세트_몬스터 치즈 프라이,269,21.78,5.54,17.74,2.0,587,3.56
11401,피자스쿨_감자튀김_갈릭포테이토,185,25.65,3.0,7.81,4.54,200,0.5
11402,호식이두마리치킨_감자튀김_감자볼튀김,278,32.59,2.25,11.74,6.83,100,5.42
11403,비비큐_감자튀김_모둠 감자튀김,231,32.03,2.44,9.76,5.67,100,9.26
11404,롯데리아_감자튀김_못난이치즈감자,186,25.79,3.86,7.86,4.57,140,3.57
11405,롯데리아_감자튀김_양념감자 어니언,308,42.7,3.53,13.01,7.56,122,0.82
11406,롯데리아_감자튀김_양념감자 치즈,311,43.12,3.88,13.13,7.64,121,1.65
11407,롯데리아_감자튀김_양념감자 칠리,307,42.56,3.58,12.97,7.54,120,0.75
11408,굽네치킨_감자튀김_웨지감자,231,32.25,3.94,9.58,5.67,250,3.27
11409,교촌치킨_감자튀김_웨지감자,121,16.78,3.0,5.11,2.97,100,0.0
11410,자담치킨_감자튀김_크런치감자스틱,147,20.38,1.6,6.21,3.61,100,0.8
11411,피자스쿨_감자튀김_트러플포테이토스틱,166,23.01,2.78,7.01,4.08,180,5.0
11412,지정환피자_감자튀김_포테이토,199,27.59,3.75,8.4,4.89,105,0.3
11413,롯데리아_감자튀김_포테이토(L),308,42.7,3.68,13.01,7.56,130,0.0
11414,감자연근튀김,149,22.74,3.8,4.31,1.8,100,0.38
11415,감자전,41,6.2,0.8,1.42,0.9,100,0.11
11416,감자조림,75,14.28,1.8,1.36,1.9,100,2.17
11417,감자탕,65,4.5,4.59,3.34,1.5,100,0.59
11418,못난이꽈배기_감자빵_못난이감자크럼볼,247,25.21,1.33,10.51,2.44,75,9.33
11419,바나프레소_감자빵_진짜감자빵,242,38.08,2.5,8.58,2.39,120,3.42
11420,카페게이트_감자빵_쫀득 감자빵,246,25.1,5.0,10.47,2.43,120,2.5
11421,할리스_감자빵_찐찐 감자빵,247,25.21,2.22,10.51,2.44,90,5.56
11422,더벤티_감자빵_포슬쫀득 감자빵,284,28.98,3.64,12.08,2.8,110,4.55
11423,더벤티_감자빵_포슬쫀득감자빵,284,28.98,3.64,12.08,2.8,110,4.55
11424,감자샐러드,161,15.59,2.7,9.97,2.3,100,3.11
11425,감자샐러드 샌드위치,109,13.59,3.0,4.8,1.3,100,2.27
11426,감자샐러드_당근,77,8.31,1.2,4.49,1.7,100,0.87
11427,감자샐러드_오이,104,11.17,1.7,6.05,2.1,100,0.34
11428,감자스프,100,12.06,2.7,4.33,1.0,100,3.25
11429,감자볶음_잔멸치,153,16.69,6.7,6.57,2.5,100,2.04
11430,감자볶음_채소,81,10.46,1.5,3.82,1.9,100,1.12
11431,감자볶음_풋고추,102,16.68,2.8,3.09,3.1,100,3.88
11432,감자볶음_햄,159,13.05,5.0,9.72,2.3,100,0.88
11433,감자볶음_햄_채소,47,5.29,2.6,1.75,0.9,100,0.44
11434,송사부수제쌀고로케_감자빵_감자쫀득볼,313,31.94,3.95,13.32,3.09,50,15.18
11435,파리바게뜨_감자빵_강원도알감자빵,250,25.51,3.13,10.64,2.47,32,6.25
11436,파리바게뜨_감자빵_강원도알감자빵 (5개입),244,24.9,3.13,10.38,2.41,160,5.0
11437,못난이꽈배기_감자빵_못난이 감자크럼볼,211,45.33,1.33,8.98,2.08,75,9.33
11438,감자범벅,95,21.91,2.3,0.05,3.1,100,4.44
11439,감자볶음,52,8.95,1.2,1.31,1.6,100,0.19
11440,감자볶음_감자,52,8.95,1.23,1.31,1.6,100,0.19
11441,감자볶음_감자_당근,47,7.79,1.08,1.36,1.5,100,0.42
11442,감자볶음_감자_베이컨,50,5.37,1.72,2.45,0.9,100,0.33
11443,감자볶음_감자_햄,47,5.29,2.57,1.75,0.9,100,0.44
11444,감자볶음_감자만,134,16.18,1.9,6.86,2.2,100,1.44
11445,감자볶음_당근,109,11.81,1.7,6.19,2.8,100,3.34
11446,감자볶음_양파,122,17.12,2.5,4.96,2.8,100,3.51
11447,감자구이,123,18.18,2.4,4.65,3.3,100,0.0
11448,감자국,32,4.94,1.19,0.79,0.7,700,0.74
11449,감자국_소고기,37,4.04,2.0,1.42,0.9,100,0.21
11450,감자그라탕,134,12.84,3.2,7.78,2.4,100,1.29
11451,피자알볼로_감자그라탕_바질감자그라탕,160,15.33,7.97,9.06,2.87,113,2.66
11452,뚜레쥬르_감자그라탕_치즈만난감자 그라탕,341,32.67,10.91,19.3,6.11,110,11.82
11453,감자밥,130,28.45,2.4,0.14,0.7,100,0.01
11454,갈치찌개,38,1.95,5.27,1.0,0.8,250,0.98
11455,갈치튀김,78,1.85,4.6,5.47,0.1,100,0.0
11456,CJ 쿡킷_감바스_간편조리세트_감바스 알 아히요,224,19.0,11.48,11.38,1.9,641,1.46
11457,프레시지_감바스_간편조리세트_감바스 알 아히요,384,13.79,8.41,32.85,2.0,401,1.82
11458,HY 잇츠온_감바스_간편조리세트_감바스 알 아히요,303,18.56,6.54,22.52,1.8,720,1.42
11459,감자 된장국,22,3.31,1.4,0.32,0.9,100,0.3
11460,감자 된장국_두부,32,4.0,2.4,0.77,1.4,100,0.36
11461,감자 소고기찌개,48,3.81,3.2,2.27,1.0,100,0.65
11462,감자 호박된장국,25,3.51,2.1,0.43,1.4,100,0.55
11463,감자_찐감자,70,15.01,2.16,0.16,1.7,200,0.86
11464,갈비탕,33,0.56,1.8,2.46,0.1,100,0.13
11465,갈비탕_소금제외,89,4.21,5.5,5.44,0.3,100,0.39
11466,갈치구이,147,0.88,12.65,9.81,0.0,100,0.0
11467,갈치구이_기름,118,3.05,9.6,6.95,0.1,100,0.12
11468,갈치젓_양념,149,10.28,15.53,5.08,6.8,90,4.91
11469,갈치조림_무,76,4.67,7.1,3.09,1.1,100,1.68
11470,간자장,155,25.98,5.39,2.81,1.8,100,2.83
11471,간자장_해물,151,22.69,6.9,3.18,1.6,100,2.45
11472,간재미회무침,47,6.47,4.73,0.47,1.3,100,3.57
11473,갈매기살구이_돼지고기,312,0.28,26.98,22.6,0.0,100,0.0
11474,갈비구이_돼지고기,294,5.78,19.58,21.39,0.0,100,5.7
11475,갈비구이_소고기,309,7.13,20.94,21.81,0.0,100,6.69
11476,갈비구이_소고기_양념,330,8.73,20.03,23.87,2.5,300,4.63
11477,갈비구이_왕갈비_양념,321,9.13,18.07,23.53,0.9,150,4.53
11478,갈비찜_고춧가루,172,7.9,20.43,6.57,2.8,300,3.57
11479,갈비찜_소고기,85,6.95,7.25,3.17,2.0,300,0.75
11480,가지나물,64,8.1,2.6,2.86,4.0,100,2.95
11481,가지냉국,19,3.42,1.1,0.39,1.9,100,1.4
11482,가지볶음_가지,35,3.36,0.9,2.17,1.6,100,1.55
11483,가지볶음_가지_고추,27,3.36,0.91,1.27,1.6,100,1.65
11484,가지볶음_가지_당근,37,4.56,0.93,1.94,1.7,100,2.21
11485,가지전,37,3.68,1.1,1.99,0.7,100,0.55
11486,가지찜,120,10.23,5.6,6.29,2.9,100,2.64
11487,가지탕수,154,21.21,2.2,6.5,2.1,100,4.19
11488,가자미구이,108,1.26,11.89,5.73,0.0,100,0.0
11489,가자미식해,134,11.64,11.09,4.81,4.1,250,3.71
11490,가자미조림,62,4.41,7.9,1.37,0.9,100,1.51
11491,가자미찜,77,2.67,11.7,1.95,0.7,100,0.72
11492,가자미튀김,225,5.54,20.7,12.36,0.2,100,0.01
11493,가죽나물무침,76,10.05,5.83,1.35,6.2,80,3.81
11494,가지김치,36,6.22,2.1,0.77,3.5,100,2.45
11495,가래떡,210,46.11,4.0,1.08,0.7,100,0.06
11496,가래떡_흑미,205,47.8,3.5,0.0,2.02,100,12.55
11497,가오리찜,29,3.52,2.7,0.84,1.3,100,0.7
11498,가오리콩나물찜,29,3.5,2.68,0.84,1.3,100,0.69
11499,가오리회무침,47,6.47,4.7,0.47,1.3,100,3.54
11500,가자미 매운탕,31,1.4,4.5,0.82,0.6,100,0.38
11501,난타5000피자_피자_페퍼로니 피자 (L),315,35.15,17.61,11.55,3.11,536,3.55
